STARTFONT 2.1
COMMENT
COMMENT Converted from OpenType font "Baloo-Regular.ttf" by "otf2bdf 3.0".
COMMENT
FONT -FreeType-Baloo-Medium-R-Normal--33-240-100-100-P-168-ISO10646-1
SIZE 24 100 100
FONTBOUNDINGBOX 57 54 -17 -18
STARTPROPERTIES 19
FOUNDRY "FreeType"
FAMILY_NAME "Baloo"
WEIGHT_NAME "Medium"
SLANT "R"
SETWIDTH_NAME "Normal"
ADD_STYLE_NAME ""
PIXEL_SIZE 33
POINT_SIZE 240
RESOLUTION_X 100
RESOLUTION_Y 100
SPACING "P"
AVERAGE_WIDTH 168
CHARSET_REGISTRY "ISO10646"
CHARSET_ENCODING "1"
FONT_ASCENT 34
FONT_DESCENT 17
COPYRIGHT "Copyright (c) 2015 Ek Type (www.ektype.in)"
_OTF_FONTFILE "Baloo-Regular.ttf"
_OTF_PSNAME "Baloo-Regular"
ENDPROPERTIES
CHARS 748
STARTCHAR 0000
ENCODING 0
SWIDTH 0 0
DWIDTH 0 0
BBX 0 0 0 0
BITMAP
ENDCHAR
STARTCHAR 000D
ENCODING 13
SWIDTH 210 0
DWIDTH 7 0
BBX 0 0 0 0
BITMAP
ENDCHAR
STARTCHAR 0020
ENCODING 32
SWIDTH 210 0
DWIDTH 7 0
BBX 0 0 0 0
BITMAP
ENDCHAR
STARTCHAR 0021
ENCODING 33
SWIDTH 300 0
DWIDTH 10 0
BBX 6 22 2 0
BITMAP
78
FC
FC
FC
FC
FC
FC
FC
FC
FC
F8
F8
F8
78
78
00
78
FC
FC
FC
FC
78
ENDCHAR
STARTCHAR 0022
ENCODING 34
SWIDTH 420 0
DWIDTH 14 0
BBX 12 9 1 13
BITMAP
F1E0
FBF0
F9F0
F9F0
F9E0
F9E0
F9E0
F1E0
71E0
ENDCHAR
STARTCHAR 0023
ENCODING 35
SWIDTH 720 0
DWIDTH 24 0
BBX 22 21 1 0
BITMAP
03C3C0
03E3E0
03E3E0
03E3E0
03E3E0
7FFFF8
7FFFFC
7FFFFC
7FFFF8
7FC7C0
0F8F80
0F8F80
7FFFF0
FFFFF8
FFFFF8
FFFFF0
7F1F00
1F1F00
1F1E00
1E1E00
0E1E00
ENDCHAR
STARTCHAR 0024
ENCODING 36
SWIDTH 570 0
DWIDTH 19 0
BBX 16 27 1 -3
BITMAP
03C0
03E0
03E0
07F8
1FFC
3FFE
7FFE
7FFE
FE0E
FC00
7E00
7FC0
7FF0
3FFC
1FFE
07FF
00FF
003F
203F
783F
FFFF
7FFE
7FFC
3FF8
03E0
03E0
03E0
ENDCHAR
STARTCHAR 0025
ENCODING 37
SWIDTH 780 0
DWIDTH 26 0
BBX 24 21 1 0
BITMAP
1F00E0
7F80F0
7FC1F0
F3C3E0
F1E3C0
F1E7C0
F3CF80
FFCF00
7F9F00
1F3E00
003C78
007DFE
00FBFF
00F3CF
01F3CF
03E3CF
03C3CF
07C3CF
0783FF
0701FE
03007C
ENDCHAR
STARTCHAR 0026
ENCODING 38
SWIDTH 660 0
DWIDTH 22 0
BBX 20 21 1 0
BITMAP
03F000
07F800
0FF800
1FF800
1FF800
1F0000
1F8000
0F8080
0FC3E0
1FE3E0
3FF3E0
7FFBE0
FCFFE0
FC7FE0
F83FE0
FC1FC0
FE1FC0
7FFFE0
7FFFF0
3FFFF0
0FF9F0
ENDCHAR
STARTCHAR 0027
ENCODING 39
SWIDTH 210 0
DWIDTH 7 0
BBX 5 9 1 13
BITMAP
78
F8
F8
F8
F8
F8
F8
F8
78
ENDCHAR
STARTCHAR 0028
ENCODING 40
SWIDTH 300 0
DWIDTH 10 0
BBX 9 27 1 -5
BITMAP
0700
1F80
1F80
3F00
3E00
7E00
7E00
7C00
7C00
7C00
FC00
FC00
FC00
FC00
FC00
FC00
7C00
7C00
7C00
7C00
7E00
7E00
3E00
3F00
1F00
1F80
0700
ENDCHAR
STARTCHAR 0029
ENCODING 41
SWIDTH 300 0
DWIDTH 10 0
BBX 9 27 0 -5
BITMAP
7000
FC00
7C00
7E00
3E00
3F00
3F00
1F00
1F00
1F00
1F80
1F80
1F80
1F80
1F80
1F80
1F80
1F00
1F00
1F00
3F00
3F00
3E00
7E00
7C00
FC00
7800
ENDCHAR
STARTCHAR 002A
ENCODING 42
SWIDTH 360 0
DWIDTH 12 0
BBX 10 10 1 12
BITMAP
1C00
1E00
1C80
FFC0
FFC0
FF80
3F00
7F80
7F80
7300
ENDCHAR
STARTCHAR 002B
ENCODING 43
SWIDTH 540 0
DWIDTH 18 0
BBX 16 17 1 1
BITMAP
07C0
07C0
07E0
07E0
07E0
07E0
07FE
FFFF
FFFF
FFFF
FFFE
07E0
07E0
07E0
07E0
03E0
03E0
ENDCHAR
STARTCHAR 002C
ENCODING 44
SWIDTH 240 0
DWIDTH 8 0
BBX 7 10 0 -4
BITMAP
3C
3E
7E
7E
7E
7E
FC
FC
F8
F0
ENDCHAR
STARTCHAR 002D
ENCODING 45
SWIDTH 360 0
DWIDTH 12 0
BBX 10 5 1 6
BITMAP
3F80
FF80
FFC0
FFC0
FF80
ENDCHAR
STARTCHAR 002E
ENCODING 46
SWIDTH 240 0
DWIDTH 8 0
BBX 6 7 1 0
BITMAP
78
FC
FC
FC
FC
FC
78
ENDCHAR
STARTCHAR 002F
ENCODING 47
SWIDTH 330 0
DWIDTH 11 0
BBX 11 28 0 -4
BITMAP
0100
03E0
03E0
03E0
03E0
07E0
07C0
07C0
0FC0
0FC0
0F80
0F80
1F80
1F80
1F00
1F00
3F00
3F00
3E00
7E00
7E00
7C00
7C00
FC00
FC00
F800
F800
7800
ENDCHAR
STARTCHAR 0030
ENCODING 48
SWIDTH 600 0
DWIDTH 20 0
BBX 18 22 1 0
BITMAP
008000
07F800
1FFE00
3FFF00
3FFF00
7E3F80
7E1F80
7C0F80
FC0FC0
FC0FC0
FC0FC0
FC0FC0
FC0FC0
FC0FC0
FC0FC0
7C0F80
7E1F80
7FFF00
3FFF00
1FFE00
0FFC00
03F000
ENDCHAR
STARTCHAR 0031
ENCODING 49
SWIDTH 390 0
DWIDTH 13 0
BBX 11 21 0 0
BITMAP
0780
3FC0
7FE0
FFE0
FFE0
7FE0
67E0
07E0
07E0
07E0
07E0
07E0
07E0
07E0
07E0
07E0
07E0
07E0
07E0
07E0
03E0
ENDCHAR
STARTCHAR 0032
ENCODING 50
SWIDTH 510 0
DWIDTH 17 0
BBX 15 22 1 0
BITMAP
0200
3FE0
7FF8
7FFC
7FFC
70FE
007E
007E
007E
00FC
01FC
03F8
07F0
0FE0
1FC0
3F80
7F00
FFFE
FFFE
FFFE
FFFE
7FFE
ENDCHAR
STARTCHAR 0033
ENCODING 51
SWIDTH 510 0
DWIDTH 17 0
BBX 15 22 1 0
BITMAP
0200
3FE0
7FF8
FFFC
FFFC
60FC
007C
007C
00FC
1FF8
1FF0
1FF8
1FFC
1FFC
007E
007E
407E
FFFE
FFFC
FFFC
7FF0
1FC0
ENDCHAR
STARTCHAR 0034
ENCODING 52
SWIDTH 600 0
DWIDTH 20 0
BBX 19 21 1 0
BITMAP
00FC00
00FE00
01FE00
03FE00
07FE00
0FFE00
0FBE00
1FBE00
3F3E00
7E3E00
7E3E00
FC3E00
FFFFC0
FFFFE0
FFFFE0
FFFFE0
3FFE00
003E00
003E00
003E00
003E00
ENDCHAR
STARTCHAR 0035
ENCODING 53
SWIDTH 510 0
DWIDTH 17 0
BBX 15 21 1 0
BITMAP
1FFC
3FFC
7FFC
7FFC
7C00
7C00
7C00
7FF0
7FF8
7FFC
7FFE
3FFE
007E
003E
003E
607E
7FFE
FFFE
7FFC
3FF8
1FE0
ENDCHAR
STARTCHAR 0036
ENCODING 54
SWIDTH 540 0
DWIDTH 18 0
BBX 16 22 1 0
BITMAP
0040
07FC
0FFE
1FFE
3FFE
7F04
7E00
7C40
FFF8
FFFE
FFFE
FFFF
FE3F
FC1F
FC1F
7C1F
7E3F
7FFF
3FFE
3FFE
0FFC
03F0
ENDCHAR
STARTCHAR 0037
ENCODING 55
SWIDTH 480 0
DWIDTH 16 0
BBX 15 21 1 0
BITMAP
FFFC
FFFC
FFFE
FFFE
FFFC
00FC
01F8
01F8
03F8
03F0
03F0
07E0
07E0
0FC0
0FC0
1FC0
1F80
3F80
3F00
3F00
1F00
ENDCHAR
STARTCHAR 0038
ENCODING 56
SWIDTH 540 0
DWIDTH 18 0
BBX 16 22 1 0
BITMAP
0080
0FF8
3FFC
3FFE
7FFE
7E3F
7C3F
7C3F
7E7E
7FFE
3FFC
3FFC
7FFE
7E3F
FC1F
FC1F
FC3F
FFFF
7FFF
7FFE
1FFC
07F0
ENDCHAR
STARTCHAR 0039
ENCODING 57
SWIDTH 540 0
DWIDTH 18 0
BBX 16 22 1 0
BITMAP
0100
0FF0
3FF8
7FFC
7FFE
FC7E
FC3F
FC3F
FC3F
FE3F
7FFF
7FFF
3FFF
1FDF
023F
003F
007E
3FFE
7FFC
7FF8
3FF0
1FC0
ENDCHAR
STARTCHAR 003A
ENCODING 58
SWIDTH 270 0
DWIDTH 9 0
BBX 6 16 1 0
BITMAP
78
7C
FC
FC
FC
7C
78
00
00
78
7C
FC
FC
FC
7C
78
ENDCHAR
STARTCHAR 003B
ENCODING 59
SWIDTH 270 0
DWIDTH 9 0
BBX 8 21 0 -5
BITMAP
1C
3E
7F
7F
7F
3E
1C
00
00
00
00
1E
3F
3F
3F
7E
7E
7E
7C
F8
70
ENDCHAR
STARTCHAR 003C
ENCODING 60
SWIDTH 480 0
DWIDTH 16 0
BBX 14 17 1 0
BITMAP
0070
00F8
03F8
0FF8
1FF8
7FE0
FF80
FF00
FC00
FE00
FF80
7FE0
3FF0
0FFC
03F8
01F8
0078
ENDCHAR
STARTCHAR 003D
ENCODING 61
SWIDTH 480 0
DWIDTH 16 0
BBX 14 12 1 4
BITMAP
3FFC
FFFC
FFFC
FFFC
FFF8
0000
0000
3FFC
FFFC
FFFC
FFFC
FFF8
ENDCHAR
STARTCHAR 003E
ENCODING 62
SWIDTH 480 0
DWIDTH 16 0
BBX 14 18 1 -1
BITMAP
2000
7800
FE00
FF80
FFC0
3FF0
0FF8
03F8
00FC
01FC
07F8
1FF8
7FF0
FFC0
FF00
FE00
7800
2000
ENDCHAR
STARTCHAR 003F
ENCODING 63
SWIDTH 480 0
DWIDTH 16 0
BBX 14 22 1 0
BITMAP
0200
7FE0
FFF8
FFF8
FFFC
E0FC
00FC
00FC
07FC
1FFC
3FF8
3FF0
3FC0
1C00
0000
0000
0E00
1F00
3F80
3F80
1F00
0E00
ENDCHAR
STARTCHAR 0040
ENCODING 64
SWIDTH 1050 0
DWIDTH 35 0
BBX 32 29 2 -7
BITMAP
000FF800
007FFF00
01FFFFC0
07FFFFF0
0FFFFFF8
1FE003FC
3FC001FC
3F03F07E
7E0FFC7E
7E3FFE3F
FC3FFE3F
FC7FFE1F
F87E3E1F
F8FC3E1F
F8FC3E3F
F8FC3E3F
F8FC3E3E
F87FFFFE
F87FFFFE
FC7FFFFC
FC3FFFF8
7E0FCFE0
7F000000
3F800000
1FE00000
0FFFE000
07FFE000
03FFE000
007FE000
ENDCHAR
STARTCHAR 0041
ENCODING 65
SWIDTH 630 0
DWIDTH 21 0
BBX 19 21 1 0
BITMAP
01F000
07FC00
07FC00
0FFC00
0FFE00
0FFE00
1FBE00
1FBF00
1F3F00
3F1F00
3F1F00
3F1F80
3E1F80
7FFF80
7FFFC0
7FFFC0
FFFFC0
FC0FC0
FC07E0
FC07E0
F807E0
ENDCHAR
STARTCHAR 0042
ENCODING 66
SWIDTH 600 0
DWIDTH 20 0
BBX 17 22 2 0
BITMAP
010000
7FF800
FFFE00
FFFF00
FFFF00
FC3F00
FC1F80
FC1F80
FC1F00
FCFF00
FFFE00
FFFC00
FFFF00
FFFF80
FC1F80
FC1F80
FC1F80
FC1F80
FFFF80
FFFF00
FFFE00
3FFC00
ENDCHAR
STARTCHAR 0043
ENCODING 67
SWIDTH 570 0
DWIDTH 19 0
BBX 17 22 1 0
BITMAP
002000
03FE00
0FFF00
1FFF80
3FFF80
7F8300
7F0000
7E0000
FC0000
FC0000
FC0000
FC0000
FC0000
FC0000
7E0000
7E0000
7F0100
3FFF80
3FFF80
1FFF80
07FF00
01FE00
ENDCHAR
STARTCHAR 0044
ENCODING 68
SWIDTH 660 0
DWIDTH 22 0
BBX 19 22 2 0
BITMAP
010000
7FF800
FFFE00
FFFF00
FFFF80
FC3F80
FC1FC0
FC0FC0
FC0FE0
FC07E0
FC07E0
FC07E0
FC07E0
FC07E0
FC0FE0
FC0FC0
FC1FC0
FC3F80
FFFF80
FFFF00
FFFE00
3FF800
ENDCHAR
STARTCHAR 0045
ENCODING 69
SWIDTH 540 0
DWIDTH 18 0
BBX 15 21 2 0
BITMAP
7FFC
7FFE
FFFE
FFFC
FC00
FC00
FC00
FC00
FFF8
FFFC
FFFC
FFFC
FC00
FC00
FC00
FC00
FFFC
FFFE
FFFE
FFFE
7FFC
ENDCHAR
STARTCHAR 0046
ENCODING 70
SWIDTH 540 0
DWIDTH 18 0
BBX 15 21 2 0
BITMAP
7FFC
7FFE
FFFE
FFFE
FC00
FC00
FC00
FC00
FC00
FFF8
FFFC
FFFC
FFF8
FC00
FC00
FC00
FC00
FC00
FC00
FC00
7C00
ENDCHAR
STARTCHAR 0047
ENCODING 71
SWIDTH 660 0
DWIDTH 22 0
BBX 19 22 1 0
BITMAP
001000
03FF80
07FFC0
1FFFC0
3FFFC0
3F81C0
7F0080
7E0000
FE0000
FC3FE0
FC3FE0
FC3FE0
FC3FE0
FC3FE0
7E03E0
7E03E0
7F03E0
3FFFE0
1FFFE0
0FFFE0
07FFC0
00FE00
ENDCHAR
STARTCHAR 0048
ENCODING 72
SWIDTH 660 0
DWIDTH 22 0
BBX 18 21 2 0
BITMAP
F80F80
FC0FC0
FC0FC0
FC0FC0
FC0FC0
FC0FC0
FC0FC0
FC0FC0
FC0FC0
FFFFC0
FFFFC0
FFFFC0
FFFFC0
FC0FC0
FC0FC0
FC0FC0
FC0FC0
FC0FC0
FC0FC0
FC0FC0
7C07C0
ENDCHAR
STARTCHAR 0049
ENCODING 73
SWIDTH 300 0
DWIDTH 10 0
BBX 6 21 2 0
BITMAP
F8
FC
FC
FC
FC
FC
FC
FC
FC
FC
FC
FC
FC
FC
FC
FC
FC
FC
FC
FC
7C
ENDCHAR
STARTCHAR 004A
ENCODING 74
SWIDTH 420 0
DWIDTH 14 0
BBX 11 21 1 0
BITMAP
07C0
07C0
07E0
07E0
07E0
07E0
07E0
07E0
07E0
07E0
07E0
07E0
07E0
07E0
07E0
0FE0
FFC0
FFC0
FFC0
FF80
7E00
ENDCHAR
STARTCHAR 004B
ENCODING 75
SWIDTH 600 0
DWIDTH 20 0
BBX 18 21 2 0
BITMAP
F80E00
FC0F80
FC1F80
FC3F80
FC7F80
FCFF00
FDFE00
FDFC00
FFF800
FFF000
FFE000
FFF000
FFF800
FFF800
FDFC00
FCFE00
FC7F00
FC3F80
FC3FC0
FC1F80
7C0700
ENDCHAR
STARTCHAR 004C
ENCODING 76
SWIDTH 510 0
DWIDTH 17 0
BBX 14 21 2 0
BITMAP
F800
FC00
FC00
FC00
FC00
FC00
FC00
FC00
FC00
FC00
FC00
FC00
FC00
FC00
FC00
FC00
FFF8
FFFC
FFFC
FFFC
7FFC
ENDCHAR
STARTCHAR 004D
ENCODING 77
SWIDTH 780 0
DWIDTH 26 0
BBX 23 21 2 0
BITMAP
3E01F0
7F03F8
7F83F8
7F87F8
FF87F8
FFC7FC
FFCFFC
FFCF7C
FFCF7C
FDEF7C
FDFF7C
FDFE7C
FDFE7C
FCFE7C
F8FC7C
F8FC7C
F8107E
F8007E
F8007E
F8007E
F8003E
ENDCHAR
STARTCHAR 004E
ENCODING 78
SWIDTH 660 0
DWIDTH 22 0
BBX 18 21 2 0
BITMAP
7C0780
FE07C0
FF07C0
FF07C0
FF87C0
FF87C0
FFC7C0
FFC7C0
FFE7C0
FFE7C0
FDF7C0
FDF7C0
FCF7C0
FCFFC0
FC7FC0
FC7FC0
FC3FC0
FC3FC0
FC1FC0
FC1FC0
7C0FC0
ENDCHAR
STARTCHAR 004F
ENCODING 79
SWIDTH 690 0
DWIDTH 23 0
BBX 21 22 1 0
BITMAP
002000
03FE00
0FFF80
1FFFC0
3FFFE0
7F87F0
7E03F0
7E03F8
FC01F8
FC01F8
FC01F8
FC01F8
FC01F8
FC01F8
7E01F8
7E03F0
7F07F0
3FFFE0
3FFFE0
1FFFC0
07FF00
01FC00
ENDCHAR
STARTCHAR 0050
ENCODING 80
SWIDTH 570 0
DWIDTH 19 0
BBX 16 22 2 0
BITMAP
0100
7FF0
FFFC
FFFE
FFFF
FC7F
FC3F
FC3F
FC3F
FC3F
FC7F
FFFF
FFFE
FFFC
FFF8
FC00
FC00
FC00
FC00
FC00
FC00
7C00
ENDCHAR
STARTCHAR 0051
ENCODING 81
SWIDTH 690 0
DWIDTH 23 0
BBX 22 26 1 -4
BITMAP
002000
03FE00
0FFF80
1FFFC0
3FFFE0
7F87F0
7E03F0
7E03F0
FC01F8
FC01F8
FC01F8
FC01F8
FC01F8
FC01F8
7E01F8
7E03F0
7F07F0
3FFFF0
3FFFE0
1FFFC0
07FF80
01FFE0
001FFC
000FFC
0003FC
0001F8
ENDCHAR
STARTCHAR 0052
ENCODING 82
SWIDTH 600 0
DWIDTH 20 0
BBX 17 22 2 0
BITMAP
010000
7FF800
FFFC00
FFFE00
FFFF00
FC3F00
FC3F00
FC1F80
FC1F00
FC3F00
FCFF00
FFFE00
FFFE00
FFF800
FFF800
FCFC00
FC7E00
FC7F00
FC3F00
FC3F80
FC1F80
7C0F00
ENDCHAR
STARTCHAR 0053
ENCODING 83
SWIDTH 540 0
DWIDTH 18 0
BBX 16 22 1 0
BITMAP
0080
0FFC
3FFE
7FFE
7FFE
FE0E
FC00
FE00
FFC0
7FF0
7FFC
3FFE
0FFE
01FF
007F
003F
603F
FFFF
FFFE
7FFE
7FFC
0FE0
ENDCHAR
STARTCHAR 0054
ENCODING 84
SWIDTH 540 0
DWIDTH 18 0
BBX 17 21 1 0
BITMAP
FFFF00
FFFF80
FFFF80
FFFF00
FFE000
07E000
07E000
07E000
07E000
07E000
07E000
07E000
07E000
07E000
07E000
07E000
07E000
07E000
07E000
07E000
03E000
ENDCHAR
STARTCHAR 0055
ENCODING 85
SWIDTH 660 0
DWIDTH 22 0
BBX 18 21 2 0
BITMAP
F80F80
FC0FC0
FC0FC0
FC0FC0
FC0FC0
FC0FC0
FC0FC0
FC0FC0
FC0FC0
FC0FC0
FC0FC0
FC0FC0
FC0FC0
FC0FC0
FC0FC0
FE1FC0
7FFF80
7FFF80
3FFF00
1FFE00
07F000
ENDCHAR
STARTCHAR 0056
ENCODING 86
SWIDTH 630 0
DWIDTH 21 0
BBX 19 21 1 0
BITMAP
7803C0
FC07E0
FC07E0
FC07E0
FC07E0
7E0FE0
7E0FC0
7E0FC0
3E0FC0
3F1F80
3F1F80
1F1F80
1F9F00
1FBF00
0FBF00
0FFE00
0FFE00
07FE00
07FC00
03FC00
03F800
ENDCHAR
STARTCHAR 0057
ENCODING 87
SWIDTH 840 0
DWIDTH 28 0
BBX 26 21 1 0
BITMAP
78000780
FC0007C0
FC0007C0
FC0007C0
FC000FC0
FC1F0FC0
7E3F0FC0
7E3F8FC0
7E3F8FC0
7E3F8FC0
7E7FCF80
7E7FCF80
3E7FCF80
3F7BDF80
3FFBFF80
3FFBFF00
1FF3FF00
1FF1FF00
1FF1FF00
0FF1FE00
07E0FC00
ENDCHAR
STARTCHAR 0058
ENCODING 88
SWIDTH 600 0
DWIDTH 20 0
BBX 18 21 1 0
BITMAP
380780
FC0F80
FE0FC0
FE1FC0
7F3F80
3F3F80
3FFF00
1FFE00
0FFC00
0FF800
07F800
0FF800
1FFC00
1FFE00
3FFE00
7F7F00
FF3F80
FE1F80
FC1FC0
FC0FC0
780780
ENDCHAR
STARTCHAR 0059
ENCODING 89
SWIDTH 570 0
DWIDTH 19 0
BBX 18 21 0 0
BITMAP
380780
FC07C0
7E0FC0
7E0FC0
3F1FC0
3F1F80
1F9F80
1FBF00
0FFF00
0FFE00
07FE00
03FC00
03F800
01F800
01F800
01F800
01F800
01F800
01F800
01F800
00F800
ENDCHAR
STARTCHAR 005A
ENCODING 90
SWIDTH 540 0
DWIDTH 18 0
BBX 16 21 1 0
BITMAP
7FFE
FFFF
FFFF
7FFF
7FFF
00FF
00FE
01FC
03FC
07F8
0FF0
0FE0
1FE0
3FC0
7F80
7F00
FFFF
FFFF
FFFF
FFFF
7FFF
ENDCHAR
STARTCHAR 005B
ENCODING 91
SWIDTH 300 0
DWIDTH 10 0
BBX 8 27 2 -5
BITMAP
FE
FF
FF
FF
F8
F8
F8
F8
F8
F8
F8
F8
F8
F8
F8
F8
F8
F8
F8
F8
F8
F8
F8
FE
FF
FF
FF
ENDCHAR
STARTCHAR 005C
ENCODING 92
SWIDTH 360 0
DWIDTH 12 0
BBX 12 28 0 -4
BITMAP
2000
F800
F800
FC00
7C00
7C00
7C00
7E00
3E00
3E00
3F00
1F00
1F00
1F00
1F80
0F80
0F80
0F80
0FC0
07C0
07C0
07C0
03E0
03E0
03E0
03F0
01F0
01E0
ENDCHAR
STARTCHAR 005D
ENCODING 93
SWIDTH 300 0
DWIDTH 10 0
BBX 8 27 0 -5
BITMAP
7F
FF
FF
FF
7F
1F
1F
1F
1F
1F
1F
1F
1F
1F
1F
1F
1F
1F
1F
1F
1F
1F
1F
7F
FF
FF
FF
ENDCHAR
STARTCHAR 005E
ENCODING 94
SWIDTH 480 0
DWIDTH 16 0
BBX 14 12 1 11
BITMAP
0780
0FC0
1FE0
1FE0
3FF0
3FF0
7CF0
7CF8
FCF8
F87C
F87C
7838
ENDCHAR
STARTCHAR 005F
ENCODING 95
SWIDTH 570 0
DWIDTH 19 0
BBX 17 5 1 -6
BITMAP
3FFF00
FFFF80
FFFF80
FFFF80
FFFF00
ENDCHAR
STARTCHAR 0060
ENCODING 96
SWIDTH 300 0
DWIDTH 10 0
BBX 8 8 1 18
BITMAP
40
F0
F8
FC
FF
3F
1F
0E
ENDCHAR
STARTCHAR 0061
ENCODING 97
SWIDTH 540 0
DWIDTH 18 0
BBX 15 17 1 0
BITMAP
0100
3FF0
7FFC
7FFE
7FFE
207E
003E
0FFE
7FFE
7FFE
FC3E
F83E
FFFE
FFFE
7FFE
3FFC
0FF0
ENDCHAR
STARTCHAR 0062
ENCODING 98
SWIDTH 570 0
DWIDTH 19 0
BBX 16 22 2 0
BITMAP
F800
F800
F800
F800
F800
F880
FFF8
FFFC
FFFE
FFFE
F87F
F83F
F81F
F81F
F81F
F83F
F83F
FFFF
FFFE
FFFC
3FF8
0FE0
ENDCHAR
STARTCHAR 0063
ENCODING 99
SWIDTH 480 0
DWIDTH 16 0
BBX 14 17 1 0
BITMAP
0080
0FF8
1FFC
3FFC
7FFC
7F08
FC00
FC00
FC00
FC00
FC00
FC00
7F08
7FFC
3FFC
1FFC
07F8
ENDCHAR
STARTCHAR 0064
ENCODING 100
SWIDTH 570 0
DWIDTH 19 0
BBX 17 22 1 0
BITMAP
001F00
001F00
001F80
001F80
001F80
009F80
0FFF80
1FFF80
3FFF80
7FFF80
FE1F80
FC1F80
FC1F80
FC1F80
FC1F80
FC1F80
FE1F80
7FFF80
7FFF80
3FFF00
1FFE00
03F800
ENDCHAR
STARTCHAR 0065
ENCODING 101
SWIDTH 540 0
DWIDTH 18 0
BBX 16 17 1 0
BITMAP
0080
0FF8
3FFC
3FFE
7FFF
FC3F
F81F
FFFF
FFFF
FFFC
FE00
FC00
7FFE
7FFE
3FFE
1FFE
03F8
ENDCHAR
STARTCHAR 0066
ENCODING 102
SWIDTH 420 0
DWIDTH 14 0
BBX 12 23 2 0
BITMAP
0FC0
3FF0
7FF0
FFF0
FFE0
F800
F800
FFE0
FFE0
FFE0
FFE0
FFE0
F800
F800
F800
F800
F800
F800
F800
F800
F800
F800
7800
ENDCHAR
STARTCHAR 0067
ENCODING 103
SWIDTH 570 0
DWIDTH 19 0
BBX 16 23 1 -6
BITMAP
0080
0FF8
3FFE
7FFF
7FFF
FE1F
FC1F
FC1F
FC1F
FC1F
FC1F
FFFF
7FFF
3FFF
1FFF
0FDF
001F
203F
7FFF
7FFE
7FFC
3FF8
0FE0
ENDCHAR
STARTCHAR 0068
ENCODING 104
SWIDTH 570 0
DWIDTH 19 0
BBX 16 22 2 0
BITMAP
F800
F800
F800
F800
F800
F880
FFF8
FFFC
FFFE
FFFE
FC7E
F83F
F83F
F83F
F83F
F83F
F83F
F83F
F83F
F83F
F83F
781F
ENDCHAR
STARTCHAR 0069
ENCODING 105
SWIDTH 270 0
DWIDTH 9 0
BBX 6 24 2 0
BITMAP
70
F8
FC
FC
F8
70
00
00
F8
F8
F8
F8
F8
F8
F8
F8
F8
F8
F8
F8
F8
F8
F8
78
ENDCHAR
STARTCHAR 006A
ENCODING 106
SWIDTH 270 0
DWIDTH 9 0
BBX 8 30 0 -6
BITMAP
1E
3E
3F
3F
3F
1E
00
00
3E
3E
3F
3F
3F
3F
3F
3F
3F
3F
3F
3F
3F
3F
3F
3F
3F
3E
FE
FE
FC
78
ENDCHAR
STARTCHAR 006B
ENCODING 107
SWIDTH 540 0
DWIDTH 18 0
BBX 15 22 2 0
BITMAP
F800
F800
F800
F800
F800
F800
F818
F83E
F87E
F8FE
F9FC
FBF8
FFF0
FFE0
FFE0
FFF0
FBF8
F9FC
F8FE
F8FE
F87E
783C
ENDCHAR
STARTCHAR 006C
ENCODING 108
SWIDTH 270 0
DWIDTH 9 0
BBX 5 22 2 0
BITMAP
F8
F8
F8
F8
F8
F8
F8
F8
F8
F8
F8
F8
F8
F8
F8
F8
F8
F8
F8
F8
F8
78
ENDCHAR
STARTCHAR 006D
ENCODING 109
SWIDTH 840 0
DWIDTH 28 0
BBX 24 17 2 0
BITMAP
010040
3FE7FC
7FFFFE
FFFFFF
FFFFFF
F87E3F
F87E1F
F87E1F
F87E1F
F87E1F
F87E1F
F87E1F
F87E1F
F87E1F
F87E1F
F87E1F
783E1F
ENDCHAR
STARTCHAR 006E
ENCODING 110
SWIDTH 570 0
DWIDTH 19 0
BBX 15 17 2 0
BITMAP
0100
3FF0
7FFC
FFFE
FFFE
FC7E
F83E
F83E
F83E
F83E
F83E
F83E
F83E
F83E
F83E
F83E
781E
ENDCHAR
STARTCHAR 006F
ENCODING 111
SWIDTH 570 0
DWIDTH 19 0
BBX 17 17 1 0
BITMAP
008000
0FF800
1FFE00
3FFF00
7FFF00
7E3F80
FC1F80
FC1F80
FC0F80
FC0F80
FC1F80
FE1F80
7FFF80
7FFF00
3FFE00
1FFC00
07F000
ENDCHAR
STARTCHAR 0070
ENCODING 112
SWIDTH 570 0
DWIDTH 19 0
BBX 16 23 2 -6
BITMAP
0100
3FF0
FFFC
FFFE
FFFE
F87F
F83F
F83F
F81F
F81F
F83F
F83F
F87F
FFFE
FFFE
FFFC
FFF0
F900
F800
F800
F800
F800
F800
ENDCHAR
STARTCHAR 0071
ENCODING 113
SWIDTH 570 0
DWIDTH 19 0
BBX 17 23 1 -6
BITMAP
004000
0FFC00
1FFF00
3FFF00
7FFF80
7E1F80
FC1F80
FC1F80
FC1F80
FC1F80
FC1F80
FC1F80
7FFF80
7FFF80
3FFF80
1FFF80
07FF80
001F80
001F80
001F80
001F80
001F80
000F80
ENDCHAR
STARTCHAR 0072
ENCODING 114
SWIDTH 420 0
DWIDTH 14 0
BBX 11 17 2 0
BITMAP
0100
3FC0
7FE0
FFE0
FFE0
FC00
F800
F800
F800
F800
F800
F800
F800
F800
F800
F800
7800
ENDCHAR
STARTCHAR 0073
ENCODING 115
SWIDTH 480 0
DWIDTH 16 0
BBX 14 17 1 0
BITMAP
0100
1FF0
7FF8
7FF8
FFF8
FC18
FC00
7FC0
3FF0
1FF8
01FC
407C
7FFC
FFFC
7FFC
7FF8
1FE0
ENDCHAR
STARTCHAR 0074
ENCODING 116
SWIDTH 390 0
DWIDTH 13 0
BBX 10 20 2 0
BITMAP
F000
F800
F800
F800
F800
FFC0
FFC0
FFC0
FFC0
F800
F800
F800
F800
F800
F800
FC00
FFC0
FFC0
7FC0
3F80
ENDCHAR
STARTCHAR 0075
ENCODING 117
SWIDTH 570 0
DWIDTH 19 0
BBX 15 16 2 0
BITMAP
F83E
F83E
F83E
F83E
F83E
F83E
F83E
F83E
F83E
F83E
FC3E
FFFE
FFFE
7FFE
3FFC
0FF0
ENDCHAR
STARTCHAR 0076
ENCODING 118
SWIDTH 540 0
DWIDTH 18 0
BBX 16 17 1 0
BITMAP
2004
F81F
F81F
FC3F
FC3F
7C3F
7E3E
7E7E
3E7E
3E7C
3F7C
1FFC
1FF8
1FF8
0FF0
0FF0
07F0
ENDCHAR
STARTCHAR 0077
ENCODING 119
SWIDTH 780 0
DWIDTH 26 0
BBX 24 17 1 0
BITMAP
200004
F8001F
F87E1F
FC7E1F
FC7F1F
FC7F1F
7CFF3F
7CFF3F
7CFFBE
7CFFBE
7FF7BE
3FE7BE
3FE7FC
3FE3FC
3FC3FC
1FC3FC
1FC1F8
ENDCHAR
STARTCHAR 0078
ENCODING 120
SWIDTH 510 0
DWIDTH 17 0
BBX 16 16 1 0
BITMAP
701C
F83E
FC3E
FE7E
7FFC
3FFC
1FF8
0FF0
0FE0
1FF0
3FF8
7FFC
FEFE
FC7F
F87E
F83E
ENDCHAR
STARTCHAR 0079
ENCODING 121
SWIDTH 540 0
DWIDTH 18 0
BBX 16 23 1 -6
BITMAP
2004
F81F
FC1F
FC1F
FC3F
7C3F
7E3F
7E3F
7E7E
3F7E
3F7E
1F7C
1FFC
1FF8
0FF8
07F0
07F0
07E0
0FE0
3FC0
3F80
3F80
1E00
ENDCHAR
STARTCHAR 007A
ENCODING 122
SWIDTH 480 0
DWIDTH 16 0
BBX 14 16 1 0
BITMAP
7FF8
FFFC
FFFC
FFF8
7FF8
03F0
07E0
0FC0
1FC0
1F80
3F00
7FFC
FFFC
FFFC
FFFC
7FFC
ENDCHAR
STARTCHAR 007B
ENCODING 123
SWIDTH 330 0
DWIDTH 11 0
BBX 9 27 1 -5
BITMAP
0F00
1F80
3F80
3F80
3F00
3E00
3E00
3E00
3E00
3E00
3E00
FE00
FE00
FC00
FE00
FE00
3E00
3E00
3E00
3E00
3E00
3E00
3F00
3F80
1F80
1F80
0F00
ENDCHAR
STARTCHAR 007C
ENCODING 124
SWIDTH 270 0
DWIDTH 9 0
BBX 5 28 2 -5
BITMAP
F0
F8
F8
F8
F8
F8
F8
F8
F8
F8
F8
F8
F8
F8
F8
F8
F8
F8
F8
F8
F8
F8
F8
F8
F8
F8
F8
78
ENDCHAR
STARTCHAR 007D
ENCODING 125
SWIDTH 330 0
DWIDTH 11 0
BBX 9 27 1 -5
BITMAP
7000
FC00
FC00
FC00
7E00
7E00
7E00
7E00
7E00
7E00
7E00
3F00
3F80
1F80
3F80
3F80
7E00
7E00
7E00
7E00
7E00
7E00
7E00
FC00
FC00
FC00
7000
ENDCHAR
STARTCHAR 007E
ENCODING 126
SWIDTH 510 0
DWIDTH 17 0
BBX 15 7 1 5
BITMAP
0010
7E1C
FFFE
FFFE
FFFE
FFFE
60F8
ENDCHAR
STARTCHAR 00A0
ENCODING 160
SWIDTH 210 0
DWIDTH 7 0
BBX 0 0 0 0
BITMAP
ENDCHAR
STARTCHAR 00A1
ENCODING 161
SWIDTH 300 0
DWIDTH 10 0
BBX 6 23 2 -7
BITMAP
78
FC
FC
FC
FC
78
00
00
78
78
78
FC
FC
FC
FC
FC
FC
FC
FC
FC
FC
FC
78
ENDCHAR
STARTCHAR 00A2
ENCODING 162
SWIDTH 480 0
DWIDTH 16 0
BBX 14 23 1 -3
BITMAP
0780
07C0
07C0
07F0
1FF8
3FFC
7FFC
7FF8
FE00
FC00
FC00
FC00
FC00
FC00
FC00
7F08
7FFC
3FFC
1FFC
07F8
07C0
07C0
03C0
ENDCHAR
STARTCHAR 00A3
ENCODING 163
SWIDTH 510 0
DWIDTH 17 0
BBX 15 22 1 0
BITMAP
0040
03FC
0FFC
0FFE
1FFC
1F84
3F00
3F00
3F00
3FF0
FFF8
FFF8
FFF8
7FF0
1F00
1F00
1F00
3FFE
7FFE
FFFE
FFFE
7FFE
ENDCHAR
STARTCHAR 00A4
ENCODING 164
SWIDTH 570 0
DWIDTH 19 0
BBX 15 16 2 1
BITMAP
601C
F7DC
7FFC
7FFC
7FF8
7C7C
F87C
F83C
F83C
F87C
7C7C
7FF8
7FF8
7FFC
F7DE
600C
ENDCHAR
STARTCHAR 00A5
ENCODING 165
SWIDTH 600 0
DWIDTH 20 0
BBX 17 21 1 0
BITMAP
780F00
FC0F80
7E1F80
7E1F80
3F1F80
3F3F00
1FBF00
1FFE00
7FFF80
7FFF80
7FFF80
7FFF80
000000
000000
7FFF80
7FFF80
7FFF80
7FFF80
03F000
03F000
01F000
ENDCHAR
STARTCHAR 00A6
ENCODING 166
SWIDTH 300 0
DWIDTH 10 0
BBX 5 28 2 -5
BITMAP
F0
F8
F8
F8
F8
F8
F8
F8
F8
F8
F8
78
00
00
00
00
F0
F8
F8
F8
F8
F8
F8
F8
F8
F8
F8
78
ENDCHAR
STARTCHAR 00A7
ENCODING 167
SWIDTH 540 0
DWIDTH 18 0
BBX 14 24 2 -2
BITMAP
0200
3FE0
7FF0
FFF8
FFF8
F830
F800
FFC0
FFF0
7FF8
FFFC
F8FC
F87C
FE7C
FFFC
7FF8
1FFC
01FC
407C
FFFC
FFFC
FFF8
7FF0
1FC0
ENDCHAR
STARTCHAR 00A8
ENCODING 168
SWIDTH 360 0
DWIDTH 12 0
BBX 13 6 0 19
BITMAP
70E0
F9F0
F9F8
F9F8
F9F0
70F0
ENDCHAR
STARTCHAR 00A9
ENCODING 169
SWIDTH 720 0
DWIDTH 24 0
BBX 21 21 1 0
BITMAP
01FC00
07FF00
0FFFC0
1F07E0
3C01F0
7878F0
78FC78
71FC78
F3E438
F3C038
F3C038
F3C038
F3E438
71FC78
78FE78
787CF0
3C01F0
1F07E0
0FFFC0
07FF00
01FC00
ENDCHAR
STARTCHAR 00AA
ENCODING 170
SWIDTH 360 0
DWIDTH 12 0
BBX 10 11 0 11
BITMAP
3F00
7FC0
7FC0
01C0
1FC0
7FC0
79C0
F1C0
7FC0
7FC0
3F80
ENDCHAR
STARTCHAR 00AB
ENCODING 171
SWIDTH 570 0
DWIDTH 19 0
BBX 17 14 1 1
BITMAP
060700
0F0F00
1F1F00
3F3F00
7E7F00
FCFE00
F8F800
F8F800
FCFC00
7E7E00
3F3F00
1F9F80
0F0F80
070700
ENDCHAR
STARTCHAR 00AC
ENCODING 172
SWIDTH 480 0
DWIDTH 16 0
BBX 14 9 1 4
BITMAP
3FF0
FFFC
FFFC
FFFC
FFFC
007C
007C
007C
007C
ENDCHAR
STARTCHAR 00AD
ENCODING 173
SWIDTH 360 0
DWIDTH 12 0
BBX 10 5 1 6
BITMAP
3F80
FF80
FFC0
FFC0
FF80
ENDCHAR
STARTCHAR 00AE
ENCODING 174
SWIDTH 600 0
DWIDTH 20 0
BBX 18 18 1 4
BITMAP
03F000
0FFC00
1FFF00
3C0F00
780780
73E3C0
73F1C0
E3B9C0
E3F1C0
E3E1C0
E3F1C0
73B9C0
7393C0
780780
3C0F00
1FFF00
0FFC00
03F000
ENDCHAR
STARTCHAR 00AF
ENCODING 175
SWIDTH 330 0
DWIDTH 11 0
BBX 12 5 0 19
BITMAP
3FE0
7FE0
FFF0
7FE0
7FE0
ENDCHAR
STARTCHAR 00B0
ENCODING 176
SWIDTH 360 0
DWIDTH 12 0
BBX 10 10 1 12
BITMAP
3F00
7F80
FFC0
F3C0
E3C0
E3C0
F3C0
FFC0
7F80
3E00
ENDCHAR
STARTCHAR 00B1
ENCODING 177
SWIDTH 480 0
DWIDTH 16 0
BBX 15 21 1 0
BITMAP
0780
07C0
07C0
07C0
07C0
07FC
FFFC
FFFE
FFFC
FFFC
07C0
07C0
07C0
07C0
07C0
0000
3FFC
FFFC
FFFE
FFFC
FFFC
ENDCHAR
STARTCHAR 00B2
ENCODING 178
SWIDTH 270 0
DWIDTH 9 0
BBX 8 10 1 10
BITMAP
7C
FE
FE
0E
1E
3C
78
FE
FF
FE
ENDCHAR
STARTCHAR 00B3
ENCODING 179
SWIDTH 270 0
DWIDTH 9 0
BBX 8 10 1 10
BITMAP
7C
FE
FE
7E
7E
7E
0F
FF
FE
7C
ENDCHAR
STARTCHAR 00B4
ENCODING 180
SWIDTH 300 0
DWIDTH 10 0
BBX 8 7 1 18
BITMAP
0E
1F
3F
FF
FE
F8
70
ENDCHAR
STARTCHAR 00B5
ENCODING 181
SWIDTH 570 0
DWIDTH 19 0
BBX 16 22 2 -6
BITMAP
F83E
F83E
F83F
F83F
F83F
F83F
F83F
F83F
F83F
F83F
FC3F
FFFF
FFFF
FFFE
FFFC
FBF0
F800
F800
F800
F800
F800
7800
ENDCHAR
STARTCHAR 00B6
ENCODING 182
SWIDTH 540 0
DWIDTH 18 0
BBX 15 23 1 -2
BITMAP
0FFC
3FFE
7FFE
FFFE
FE3E
FE3E
FE3E
FE3E
FE3E
FE3E
FE3E
7E3E
3E3E
0E3E
003E
003E
003E
003E
003E
003E
003E
003E
001E
ENDCHAR
STARTCHAR 00B7
ENCODING 183
SWIDTH 240 0
DWIDTH 8 0
BBX 6 7 1 7
BITMAP
78
FC
FC
FC
FC
FC
78
ENDCHAR
STARTCHAR 00B8
ENCODING 184
SWIDTH 180 0
DWIDTH 6 0
BBX 7 8 -1 -7
BITMAP
08
3C
1E
1E
FE
FE
7E
3C
ENDCHAR
STARTCHAR 00B9
ENCODING 185
SWIDTH 210 0
DWIDTH 7 0
BBX 6 10 0 10
BITMAP
38
FC
FC
5C
1C
1C
1C
1C
1C
1C
ENDCHAR
STARTCHAR 00BA
ENCODING 186
SWIDTH 390 0
DWIDTH 13 0
BBX 11 11 1 11
BITMAP
1F00
7FC0
7FC0
F1E0
F1E0
F1E0
F1E0
F1E0
7FC0
7FC0
1F00
ENDCHAR
STARTCHAR 00BB
ENCODING 187
SWIDTH 570 0
DWIDTH 19 0
BBX 17 14 1 1
BITMAP
707000
F8F800
FCFC00
7E7E00
3F3F00
1F1F80
0F8F80
1F8F80
3F1F80
7F3F00
7E7E00
FC7C00
787800
707000
ENDCHAR
STARTCHAR 00BC
ENCODING 188
SWIDTH 630 0
DWIDTH 21 0
BBX 21 21 0 0
BITMAP
380300
FC0380
FC0780
7C0F00
1C0F00
1C1E00
1C3C00
1C3C00
1C7800
1CF000
1CF1C0
01E3E0
03C7E0
03C7E0
078EE0
0F1CE0
0F1FF0
1E1FF8
3C1FF0
3C00E0
1800E0
ENDCHAR
STARTCHAR 00BD
ENCODING 189
SWIDTH 630 0
DWIDTH 21 0
BBX 20 21 0 0
BITMAP
380200
7C0380
FC0780
7C0780
1C0F00
1C1E00
1C3E00
1C3C00
1C7800
1CF800
1CF3C0
01E7E0
03E7F0
03C470
078070
0F80E0
0F03C0
1E0780
3C07F0
3C0FF0
1807F0
ENDCHAR
STARTCHAR 00BE
ENCODING 190
SWIDTH 690 0
DWIDTH 23 0
BBX 21 21 1 0
BITMAP
7C0100
FE01C0
FE03C0
0E0780
7E0780
7C0F00
7E1E00
0F1E00
FF3C00
FE7800
7C78E0
00F1F0
01E3F0
01E770
03C770
078E70
0F8FF8
0F1FF8
1E0FF8
1E0070
0C0070
ENDCHAR
STARTCHAR 00BF
ENCODING 191
SWIDTH 420 0
DWIDTH 14 0
BBX 15 21 -1 -6
BITMAP
01E0
03F0
03F0
03F0
03F0
01E0
0000
0000
01F0
0FF8
3FF8
7FF8
7FE0
7F00
FC00
FC04
7FFE
7FFE
3FFE
1FFC
07F0
ENDCHAR
STARTCHAR 00C0
ENCODING 192
SWIDTH 630 0
DWIDTH 21 0
BBX 19 29 1 0
BITMAP
010000
07C000
07F000
07F800
07FC00
00FC00
003800
000000
01F000
07FC00
07FC00
0FFC00
0FFE00
0FFE00
1FBE00
1FBF00
1F3F00
3F1F00
3F1F00
3F1F80
3E1F80
7FFF80
7FFFC0
7FFFC0
FFFFC0
FC0FC0
FC07E0
FC07E0
F807E0
ENDCHAR
STARTCHAR 00C1
ENCODING 193
SWIDTH 630 0
DWIDTH 21 0
BBX 19 29 1 0
BITMAP
001800
007C00
01FC00
03FC00
07F800
03E000
010000
000000
01F000
07FC00
07FC00
0FFC00
0FFE00
0FFE00
1FBE00
1FBF00
1F3F00
3F1F00
3F1F00
3F1F80
3E1F80
7FFF80
7FFFC0
7FFFC0
FFFFC0
FC0FC0
FC07E0
FC07E0
F807E0
ENDCHAR
STARTCHAR 00C2
ENCODING 194
SWIDTH 630 0
DWIDTH 21 0
BBX 19 29 1 0
BITMAP
00E000
03F800
07FC00
0FFE00
0FBE00
0F1E00
020400
000000
01F000
07FC00
07FC00
0FFC00
0FFE00
0FFE00
1FBE00
1FBF00
1F3F00
3F1F00
3F1F00
3F1F80
3E1F80
7FFF80
7FFFC0
7FFFC0
FFFFC0
FC0FC0
FC07E0
FC07E0
F807E0
ENDCHAR
STARTCHAR 00C3
ENCODING 195
SWIDTH 630 0
DWIDTH 21 0
BBX 19 29 1 0
BITMAP
078600
0FFE00
1FFF00
1FFF00
0FFE00
0E3C00
000000
000000
01F000
07FC00
07FC00
0FFC00
0FFE00
0FFE00
1FBE00
1FBF00
1F3F00
3F1F00
3F1F00
3F1F80
3E1F80
7FFF80
7FFFC0
7FFFC0
FFFFC0
FC0FC0
FC07E0
FC07E0
F807E0
ENDCHAR
STARTCHAR 00C4
ENCODING 196
SWIDTH 630 0
DWIDTH 21 0
BBX 19 28 1 0
BITMAP
0E1E00
1F1F00
1FBF00
1FBF00
1F1F00
0F1E00
000000
01F000
07FC00
07FC00
0FFC00
0FFE00
0FFE00
1FBE00
1FBF00
1F3F00
3F1F00
3F1F00
3F1F80
3E1F80
7FFF80
7FFFC0
7FFFC0
FFFFC0
FC0FC0
FC07E0
FC07E0
F807E0
ENDCHAR
STARTCHAR 00C5
ENCODING 197
SWIDTH 630 0
DWIDTH 21 0
BBX 19 29 1 0
BITMAP
01F000
03F800
07FC00
079C00
07FC00
03F800
01F000
000000
01F000
07FC00
07FC00
0FFC00
0FFE00
0FFE00
1FBE00
1FBF00
1F3F00
3F1F00
3F1F00
3F1F80
3E1F80
7FFF80
7FFFC0
7FFFC0
FFFFC0
FC0FC0
FC07E0
FC07E0
F807E0
ENDCHAR
STARTCHAR 00C6
ENCODING 198
SWIDTH 870 0
DWIDTH 29 0
BBX 27 21 1 0
BITMAP
007DFFC0
00FFFFC0
01FFFFC0
01FFFFC0
03FFC000
03FFC000
07EFC000
07EFC000
0FCFFF80
0FCFFF80
1FCFFFC0
1F8FFF80
3F8FFF80
3FFFC000
7FFFC000
7FFFC000
7FFFFFC0
FE0FFFC0
FC0FFFE0
FC0FFFE0
F807FFC0
ENDCHAR
STARTCHAR 00C7
ENCODING 199
SWIDTH 570 0
DWIDTH 19 0
BBX 17 28 1 -6
BITMAP
002000
03FE00
0FFF00
1FFF80
3FFF80
7F8300
7F0000
7E0000
FC0000
FC0000
FC0000
FC0000
FC0000
FC0000
7E0000
7F0000
7F8300
3FFF80
1FFF80
0FFF80
07FF00
007800
007800
007C00
01FC00
03F800
01F800
00F000
ENDCHAR
STARTCHAR 00C8
ENCODING 200
SWIDTH 540 0
DWIDTH 18 0
BBX 15 29 2 0
BITMAP
0800
3E00
3F80
3FE0
3FE0
07E0
01C0
0000
7FFC
FFFC
FFFC
FFFC
FC00
FC00
FC00
FC00
FFF8
FFF8
FFFC
FFF8
FC00
FC00
FC00
FC00
FFFC
FFFC
FFFE
FFFE
7FFC
ENDCHAR
STARTCHAR 00C9
ENCODING 201
SWIDTH 540 0
DWIDTH 18 0
BBX 15 29 2 0
BITMAP
00E0
03F0
0FF0
1FE0
1FC0
1F00
0000
0000
7FFC
FFFC
FFFC
FFFC
FC00
FC00
FC00
FC00
FFF8
FFF8
FFFC
FFF8
FC00
FC00
FC00
FC00
FFFC
FFFC
FFFE
FFFE
7FFC
ENDCHAR
STARTCHAR 00CA
ENCODING 202
SWIDTH 540 0
DWIDTH 18 0
BBX 15 29 2 0
BITMAP
0780
0FC0
3FE0
7FF0
7FF8
38F0
1020
0000
7FFC
FFFC
FFFC
FFFC
FC00
FC00
FC00
FC00
FFF8
FFF8
FFFC
FFF8
FC00
FC00
FC00
FC00
FFFC
FFFC
FFFE
FFFE
7FFC
ENDCHAR
STARTCHAR 00CB
ENCODING 203
SWIDTH 540 0
DWIDTH 18 0
BBX 15 29 2 0
BITMAP
3870
7CF8
FCF8
FCFC
7CF8
3870
0000
0000
7FFC
FFFC
FFFC
FFFC
FC00
FC00
FC00
FC00
FFF8
FFF8
FFFC
FFF8
FC00
FC00
FC00
FC00
FFFC
FFFC
FFFE
FFFE
7FFC
ENDCHAR
STARTCHAR 00CC
ENCODING 204
SWIDTH 300 0
DWIDTH 10 0
BBX 9 29 0 0
BITMAP
2000
F800
FE00
FF80
7F80
0F80
0200
0000
3E00
3F00
3F00
3F00
3F00
3F00
3F00
3F00
3F00
3F00
3F00
3F00
3F00
3F00
3F00
3F00
3F00
3F00
3F00
3F00
1F00
ENDCHAR
STARTCHAR 00CD
ENCODING 205
SWIDTH 300 0
DWIDTH 10 0
BBX 9 29 1 0
BITMAP
0300
0F80
3F80
7F80
FF00
7C00
2000
0000
7C00
7E00
7E00
7E00
7E00
7E00
7E00
7E00
7E00
7E00
7E00
7E00
7E00
7E00
7E00
7E00
7E00
7E00
7E00
7E00
3E00
ENDCHAR
STARTCHAR 00CE
ENCODING 206
SWIDTH 300 0
DWIDTH 10 0
BBX 12 29 -1 0
BITMAP
0F00
1F80
7FC0
7FE0
FFF0
71E0
2040
0000
1F00
1F80
1F80
1F80
1F80
1F80
1F80
1F80
1F80
1F80
1F80
1F80
1F80
1F80
1F80
1F80
1F80
1F80
1F80
1F80
0F80
ENDCHAR
STARTCHAR 00CF
ENCODING 207
SWIDTH 300 0
DWIDTH 10 0
BBX 13 29 -2 0
BITMAP
3870
7CF8
FCF8
FCF8
7CF8
3870
0000
0000
0F80
0FC0
0FC0
0FC0
0FC0
0FC0
0FC0
0FC0
0FC0
0FC0
0FC0
0FC0
0FC0
0FC0
0FC0
0FC0
0FC0
0FC0
0FC0
0FC0
07C0
ENDCHAR
STARTCHAR 00D0
ENCODING 208
SWIDTH 690 0
DWIDTH 23 0
BBX 21 22 1 0
BITMAP
004000
1FFE00
3FFF80
3FFFC0
3FFFE0
3F0FF0
3F07F0
3F03F0
3F01F8
3FE1F8
FFF1F8
FFF1F8
FFF1F8
FFE1F8
3F01F8
3F03F0
3F03F0
3F0FF0
3FFFE0
3FFFC0
1FFF80
0FFE00
ENDCHAR
STARTCHAR 00D1
ENCODING 209
SWIDTH 660 0
DWIDTH 22 0
BBX 18 29 2 0
BITMAP
0F0C00
1FFE00
1FFE00
1FFE00
1FFE00
0C7C00
000000
000000
7C0780
FE0FC0
FF0FC0
FF0FC0
FF8FC0
FF8FC0
FFCFC0
FFCFC0
FBEFC0
FBE7C0
FBE7C0
F9F7C0
F9F7C0
F8FFC0
F8FFC0
F87FC0
F87FC0
F83FC0
F83FC0
F81FC0
780F80
ENDCHAR
STARTCHAR 00D2
ENCODING 210
SWIDTH 690 0
DWIDTH 23 0
BBX 21 29 1 0
BITMAP
01C000
03F000
03FC00
03FE00
00FE00
001C00
000000
002000
03FE00
0FFF80
1FFFC0
3FFFE0
7F87F0
7E03F0
7E03F8
FC01F8
FC01F8
FC01F8
FC01F8
FC01F8
FC01F8
7E01F8
7E03F0
7F07F0
3FFFE0
3FFFE0
1FFFC0
07FF00
01FC00
ENDCHAR
STARTCHAR 00D3
ENCODING 211
SWIDTH 690 0
DWIDTH 23 0
BBX 21 29 1 0
BITMAP
000C00
003E00
00FE00
01FE00
01FC00
01F000
008000
002000
03FE00
0FFF80
1FFFC0
3FFFE0
7F87F0
7E03F0
7E03F8
FC01F8
FC01F8
FC01F8
FC01F8
FC01F8
FC01F8
7E01F8
7E03F0
7F07F0
3FFFE0
3FFFE0
1FFFC0
07FF00
01FC00
ENDCHAR
STARTCHAR 00D4
ENCODING 212
SWIDTH 690 0
DWIDTH 23 0
BBX 21 30 1 0
BITMAP
002000
00F800
01FC00
03FE00
07FF00
07CF00
030700
000000
002000
03FE00
0FFF80
1FFFC0
3FFFE0
7F87F0
7E03F0
7E03F8
FC01F8
FC01F8
FC01F8
FC01F8
FC01F8
FC01F8
7E01F8
7E03F0
7F07F0
3FFFE0
3FFFE0
1FFFC0
07FF00
01FC00
ENDCHAR
STARTCHAR 00D5
ENCODING 213
SWIDTH 690 0
DWIDTH 23 0
BBX 21 30 1 0
BITMAP
03C300
07FF00
07FF80
07FF80
07FF00
031F00
000000
000000
002000
03FE00
0FFF80
1FFFC0
3FFFE0
7F87F0
7E03F0
7E03F8
FC01F8
FC01F8
FC01F8
FC01F8
FC01F8
FC01F8
7E01F8
7E03F0
7F07F0
3FFFE0
3FFFE0
1FFFC0
07FF00
01FC00
ENDCHAR
STARTCHAR 00D6
ENCODING 214
SWIDTH 690 0
DWIDTH 23 0
BBX 21 29 1 0
BITMAP
070700
0F8F80
0FDF80
0FDF80
0F8F80
078F00
000000
002000
03FE00
0FFF80
1FFFC0
3FFFE0
7F87F0
7E03F0
7E03F8
FC01F8
FC01F8
FC01F8
FC01F8
FC01F8
FC01F8
7E01F8
7E03F0
7F07F0
3FFFE0
3FFFE0
1FFFC0
07FF00
01FC00
ENDCHAR
STARTCHAR 00D7
ENCODING 215
SWIDTH 510 0
DWIDTH 17 0
BBX 15 15 1 2
BITMAP
2010
7838
F87C
FC7C
7EFC
3FF8
1FF0
0FE0
1FE0
3FF0
7FF8
FEFC
FC7E
F83C
7038
ENDCHAR
STARTCHAR 00D8
ENCODING 216
SWIDTH 690 0
DWIDTH 23 0
BBX 21 25 1 -1
BITMAP
000100
0001C0
0021E0
03FFE0
0FFFC0
1FFFC0
3FFFE0
7F8FF0
7E1FF0
7E1FF8
FC3DF8
FC7DF8
FC79F8
FCF9F8
FCF1F8
FDF1F8
FFE1F8
7FC3F0
7FC7F0
3FFFE0
3FFFE0
1FFFC0
1FFF00
3FFC00
1C0000
ENDCHAR
STARTCHAR 00D9
ENCODING 217
SWIDTH 660 0
DWIDTH 22 0
BBX 18 29 2 0
BITMAP
070000
0FC000
0FF000
0FF800
07F800
00F800
002000
000000
F80F80
FC0FC0
FC0FC0
FC0FC0
FC0FC0
FC0FC0
FC0FC0
FC0FC0
FC0FC0
FC0FC0
FC0FC0
FC0FC0
FC0FC0
FC0FC0
FC0FC0
FE1FC0
7FFF80
7FFF80
3FFF00
1FFE00
07F000
ENDCHAR
STARTCHAR 00DA
ENCODING 218
SWIDTH 660 0
DWIDTH 22 0
BBX 18 29 2 0
BITMAP
003000
007C00
01FC00
07FC00
07F800
07C000
030000
000000
F80F80
FC0FC0
FC0FC0
FC0FC0
FC0FC0
FC0FC0
FC0FC0
FC0FC0
FC0FC0
FC0FC0
FC0FC0
FC0FC0
FC0FC0
FC0FC0
FC0FC0
FE1FC0
7FFF80
7FFF80
3FFF00
1FFE00
07F000
ENDCHAR
STARTCHAR 00DB
ENCODING 219
SWIDTH 660 0
DWIDTH 22 0
BBX 18 30 2 0
BITMAP
004000
03F000
07F800
0FFC00
1FFE00
0F3E00
0E1C00
000000
000000
F80F80
FC0FC0
FC0FC0
FC0FC0
FC0FC0
FC0FC0
FC0FC0
FC0FC0
FC0FC0
FC0FC0
FC0FC0
FC0FC0
FC0FC0
FC0FC0
FC0FC0
FE1FC0
7FFF80
7FFF80
3FFF00
1FFE00
07F000
ENDCHAR
STARTCHAR 00DC
ENCODING 220
SWIDTH 660 0
DWIDTH 22 0
BBX 18 29 2 0
BITMAP
0E1C00
1F3E00
3F3E00
3F3E00
1F3E00
0E1C00
000000
000000
F80F80
FC0FC0
FC0FC0
FC0FC0
FC0FC0
FC0FC0
FC0FC0
FC0FC0
FC0FC0
FC0FC0
FC0FC0
FC0FC0
FC0FC0
FC0FC0
FC0FC0
FE1FC0
7FFF80
7FFF80
3FFF00
1FFE00
07F000
ENDCHAR
STARTCHAR 00DD
ENCODING 221
SWIDTH 570 0
DWIDTH 19 0
BBX 18 29 0 0
BITMAP
001C00
007E00
00FE00
03FC00
03F800
03E000
010000
000000
380780
FC07C0
7E0FC0
7E0FC0
3F1FC0
3F1F80
1F9F80
1FBF00
0FFF00
0FFE00
07FE00
03FC00
03F800
01F800
01F800
01F800
01F800
01F800
01F800
01F800
00F800
ENDCHAR
STARTCHAR 00DE
ENCODING 222
SWIDTH 600 0
DWIDTH 20 0
BBX 16 22 2 0
BITMAP
2000
F800
FC00
FC00
FFF0
FFFC
FFFE
FFFE
FDFF
FC3F
FC3F
FC3F
FC3F
FC7F
FFFF
FFFE
FFFC
FFF8
FC00
FC00
FC00
7C00
ENDCHAR
STARTCHAR 00DF
ENCODING 223
SWIDTH 630 0
DWIDTH 21 0
BBX 18 22 2 0
BITMAP
07E000
1FF800
7FFE00
7FFE00
FFFF00
FC3F00
F81F00
F87F00
F8FF00
F9FC00
F9F800
F9F800
F9FE00
F8FF00
F87F80
F81F80
F80FC0
F8FFC0
F9FF80
F9FF80
F9FF00
787C00
ENDCHAR
STARTCHAR 00E0
ENCODING 224
SWIDTH 540 0
DWIDTH 18 0
BBX 15 26 1 0
BITMAP
0E00
0F80
1FC0
1FE0
07F0
03F0
01E0
0040
0000
0100
3FF0
7FFC
7FFE
7FFE
207E
003E
0FFE
7FFE
7FFE
FC3E
F83E
FFFE
FFFE
7FFE
3FFC
0FF0
ENDCHAR
STARTCHAR 00E1
ENCODING 225
SWIDTH 540 0
DWIDTH 18 0
BBX 15 26 1 0
BITMAP
00E0
01E0
03F0
0FF0
1FE0
1FC0
1F80
0E00
0000
0100
3FF0
7FFC
7FFE
7FFE
207E
003E
0FFE
7FFE
7FFE
FC3E
F83E
FFFE
FFFE
7FFE
3FFC
0FF0
ENDCHAR
STARTCHAR 00E2
ENCODING 226
SWIDTH 540 0
DWIDTH 18 0
BBX 15 26 1 0
BITMAP
03C0
07E0
1FF0
3FF8
3FFC
3E7C
1C38
0000
0000
0100
3FF0
7FFC
7FFE
7FFE
207E
003E
0FFE
7FFE
7FFE
FC3E
F83E
FFFE
FFFE
7FFE
3FFC
0FF0
ENDCHAR
STARTCHAR 00E3
ENCODING 227
SWIDTH 540 0
DWIDTH 18 0
BBX 15 25 1 0
BITMAP
1E18
3FFC
3FFC
3FFC
3FFC
18F8
0000
0000
0100
3FF0
7FFC
7FFE
7FFE
207E
003E
0FFE
7FFE
7FFE
FC3E
F83E
FFFE
FFFE
7FFE
3FFC
0FF0
ENDCHAR
STARTCHAR 00E4
ENCODING 228
SWIDTH 540 0
DWIDTH 18 0
BBX 15 25 1 0
BITMAP
1C38
3E7C
7E7E
7E7E
3E7C
1C38
0000
0000
0100
3FF0
7FFC
7FFE
7FFE
207E
003E
0FFE
7FFE
7FFE
FC3E
F83E
FFFE
FFFE
7FFE
3FFC
0FF0
ENDCHAR
STARTCHAR 00E5
ENCODING 229
SWIDTH 540 0
DWIDTH 18 0
BBX 15 26 1 0
BITMAP
03C0
0FE0
0FF0
1E70
0E70
0FF0
0FE0
03C0
0000
0100
3FF0
7FFC
7FFE
7FFE
207E
003E
0FFE
7FFE
7FFE
FC3E
F83E
FFFE
FFFE
7FFE
3FFC
0FF0
ENDCHAR
STARTCHAR 00E6
ENCODING 230
SWIDTH 810 0
DWIDTH 27 0
BBX 25 17 1 0
BITMAP
01004000
3FE3FC00
7FFFFE00
7FFFFF00
7FFFFF80
207F1F80
007E0F80
0FFFFF80
3FFFFF80
7FFFFE00
FC7F0000
F87F0000
FFFFFF00
FFFFFF80
7FFFFF80
3FFFFF00
0FE1FC00
ENDCHAR
STARTCHAR 00E7
ENCODING 231
SWIDTH 480 0
DWIDTH 16 0
BBX 14 24 1 -7
BITMAP
0080
0FF8
1FFC
3FFC
7FFC
7F08
FC00
FC00
FC00
FC00
FC00
FC00
7F08
7FFC
3FFC
1FFC
0FF8
01E0
01E0
01F0
07F0
07E0
07E0
03C0
ENDCHAR
STARTCHAR 00E8
ENCODING 232
SWIDTH 540 0
DWIDTH 18 0
BBX 16 26 1 0
BITMAP
0E00
0F80
1FC0
1FE0
07F0
03F0
00F0
0040
0000
0080
0FF8
3FFC
3FFE
7FFF
FC3F
F81F
FFFF
FFFF
FFFC
FE00
FC00
7FFE
7FFE
3FFE
1FFE
03F8
ENDCHAR
STARTCHAR 00E9
ENCODING 233
SWIDTH 540 0
DWIDTH 18 0
BBX 16 26 1 0
BITMAP
00E0
01F0
03F0
07F0
0FF0
0FC0
0F80
0E00
0000
0080
0FF8
3FFC
3FFE
7FFF
FC3F
F81F
FFFF
FFFF
FFFC
FE00
FC00
7FFE
7FFE
3FFE
1FFE
03F8
ENDCHAR
STARTCHAR 00EA
ENCODING 234
SWIDTH 540 0
DWIDTH 18 0
BBX 16 26 1 0
BITMAP
03C0
07E0
1FF0
3FF8
3FFC
3E7C
1838
0000
0000
0080
0FF8
3FFC
3FFE
7FFF
FC3F
F81F
FFFF
FFFF
FFFC
FE00
FC00
7FFE
7FFE
3FFE
1FFE
03F8
ENDCHAR
STARTCHAR 00EB
ENCODING 235
SWIDTH 540 0
DWIDTH 18 0
BBX 16 25 1 0
BITMAP
1C38
3E7C
7E7E
7E7E
3E7C
1C38
0000
0000
0080
0FF8
3FFC
3FFE
7FFF
FC3F
F81F
FFFF
FFFF
FFFC
FE00
FC00
7FFE
7FFE
3FFE
1FFE
03F8
ENDCHAR
STARTCHAR 00EC
ENCODING 236
SWIDTH 270 0
DWIDTH 9 0
BBX 9 26 -1 0
BITMAP
2000
7800
FC00
FE00
7F00
3F80
0F80
0700
0000
0000
1F00
1F00
1F00
1F00
1F00
1F00
1F00
1F00
1F00
1F00
1F00
1F00
1F00
1F00
1F00
0F00
ENDCHAR
STARTCHAR 00ED
ENCODING 237
SWIDTH 270 0
DWIDTH 9 0
BBX 9 26 1 0
BITMAP
0400
0F00
1F80
3F80
7F80
FF00
FC00
7000
0000
0000
7C00
7C00
7C00
7C00
7C00
7C00
7C00
7C00
7C00
7C00
7C00
7C00
7C00
7C00
7C00
3C00
ENDCHAR
STARTCHAR 00EE
ENCODING 238
SWIDTH 270 0
DWIDTH 9 0
BBX 12 26 -1 0
BITMAP
0400
1F00
3F80
7FC0
FFE0
FBF0
F1E0
2040
0000
0000
1F00
1F00
1F00
1F00
1F00
1F00
1F00
1F00
1F00
1F00
1F00
1F00
1F00
1F00
1F00
0F00
ENDCHAR
STARTCHAR 00EF
ENCODING 239
SWIDTH 270 0
DWIDTH 9 0
BBX 13 25 -2 0
BITMAP
7870
F8F8
FDF8
FDF8
F8F8
7870
0000
0000
0000
0F80
0F80
0F80
0F80
0F80
0F80
0F80
0F80
0F80
0F80
0F80
0F80
0F80
0F80
0F80
0780
ENDCHAR
STARTCHAR 00F0
ENCODING 240
SWIDTH 570 0
DWIDTH 19 0
BBX 17 25 1 0
BITMAP
008000
03E100
07FF80
03FF80
01FF80
0FFE00
0FFE00
0FFF00
083F00
07FF00
1FFF80
3FFF80
7FFF80
7FFF80
FE1F80
FC1F80
FC1F80
FC1F80
FC1F80
FC1F80
7FFF00
7FFF00
3FFE00
1FFC00
07F000
ENDCHAR
STARTCHAR 00F1
ENCODING 241
SWIDTH 570 0
DWIDTH 19 0
BBX 15 25 2 0
BITMAP
1E18
3FF8
3FFC
3FFC
3FF8
18F8
0000
0000
0100
3FF0
7FFC
FFFE
FFFE
FC7E
F83E
F83E
F83E
F83E
F83E
F83E
F83E
F83E
F83E
F83E
781E
ENDCHAR
STARTCHAR 00F2
ENCODING 242
SWIDTH 570 0
DWIDTH 19 0
BBX 17 26 1 0
BITMAP
070000
0F8000
0FE000
0FF000
03F800
01F800
00F000
002000
000000
008000
0FF800
1FFE00
3FFF00
7FFF00
7E3F80
FC1F80
FC1F80
FC0F80
FC0F80
FC1F80
FE1F80
7FFF80
7FFF00
3FFE00
1FFC00
07F000
ENDCHAR
STARTCHAR 00F3
ENCODING 243
SWIDTH 570 0
DWIDTH 19 0
BBX 17 26 1 0
BITMAP
007000
00F800
01F800
03F800
07F000
0FE000
0FC000
070000
000000
008000
0FF800
1FFE00
3FFF00
7FFF00
7E3F80
FC1F80
FC1F80
FC0F80
FC0F80
FC1F80
FE1F80
7FFF80
7FFF00
3FFE00
1FFC00
07F000
ENDCHAR
STARTCHAR 00F4
ENCODING 244
SWIDTH 570 0
DWIDTH 19 0
BBX 17 26 1 0
BITMAP
01C000
07F000
0FF800
1FFC00
1F7C00
1E3C00
0C1C00
000000
000000
008000
0FF800
1FFE00
3FFF00
7FFF00
7E3F80
FC1F80
FC1F80
FC0F80
FC0F80
FC1F80
FE1F80
7FFF80
7FFF00
3FFE00
1FFC00
07F000
ENDCHAR
STARTCHAR 00F5
ENCODING 245
SWIDTH 570 0
DWIDTH 19 0
BBX 17 25 1 0
BITMAP
0F0C00
1FFE00
1FFE00
1FFE00
1FFE00
0C7C00
000000
000000
008000
0FF800
1FFE00
3FFF00
7FFF00
7E3F80
FC1F80
FC1F80
FC0F80
FC0F80
FC1F80
FE1F80
7FFF80
7FFF00
3FFE00
1FFC00
07F000
ENDCHAR
STARTCHAR 00F6
ENCODING 246
SWIDTH 570 0
DWIDTH 19 0
BBX 17 25 1 0
BITMAP
1E1C00
3E3E00
3F7E00
3F7E00
3F3E00
1E1C00
000000
000000
008000
0FF800
1FFE00
3FFF00
7FFF00
7E3F80
FC1F80
FC1F80
FC0F80
FC0F80
FC1F80
FE1F80
7FFF80
7FFF00
3FFE00
1FFC00
07F000
ENDCHAR
STARTCHAR 00F7
ENCODING 247
SWIDTH 510 0
DWIDTH 17 0
BBX 15 17 1 1
BITMAP
0380
07C0
07C0
07C0
0380
0000
3FFE
FFFE
FFFE
FFFE
FFFE
0000
0380
07C0
07C0
07C0
0380
ENDCHAR
STARTCHAR 00F8
ENCODING 248
SWIDTH 570 0
DWIDTH 19 0
BBX 17 20 1 -1
BITMAP
000200
000700
008700
0FFE00
1FFE00
3FFE00
7FFF00
7E3F80
FC7F80
FCEF80
F9EF80
FBCF80
FF8F80
FF1F80
7FFF80
7FFF00
3FFE00
3FFC00
7FF000
300000
ENDCHAR
STARTCHAR 00F9
ENCODING 249
SWIDTH 570 0
DWIDTH 19 0
BBX 15 26 2 0
BITMAP
0E00
1F00
1F80
1FE0
0FF0
03F0
01E0
0040
0000
0000
F83E
F83E
F83E
F83E
F83E
F83E
F83E
F83E
F83E
F83E
FC3E
FFFE
FFFE
7FFE
3FFC
0FF0
ENDCHAR
STARTCHAR 00FA
ENCODING 250
SWIDTH 570 0
DWIDTH 19 0
BBX 15 26 2 0
BITMAP
00E0
01F0
03F0
07F0
0FE0
1FC0
1F80
0E00
0000
0000
F83E
F83E
F83E
F83E
F83E
F83E
F83E
F83E
F83E
F83E
FC3E
FFFE
FFFE
7FFE
3FFC
0FF0
ENDCHAR
STARTCHAR 00FB
ENCODING 251
SWIDTH 570 0
DWIDTH 19 0
BBX 15 26 2 0
BITMAP
0380
0FE0
1FF0
3FF8
3EF8
3C78
1838
0000
0000
0000
F83E
F83E
F83E
F83E
F83E
F83E
F83E
F83E
F83E
F83E
FC3E
FFFE
FFFE
7FFE
3FFC
0FF0
ENDCHAR
STARTCHAR 00FC
ENCODING 252
SWIDTH 570 0
DWIDTH 19 0
BBX 15 25 2 0
BITMAP
3878
7C7C
7EFC
7EFC
7C7C
3C78
0000
0000
0000
F83E
F83E
F83E
F83E
F83E
F83E
F83E
F83E
F83E
F83E
FC3E
FFFE
FFFE
7FFE
3FFC
0FF0
ENDCHAR
STARTCHAR 00FD
ENCODING 253
SWIDTH 540 0
DWIDTH 18 0
BBX 16 31 1 -6
BITMAP
0070
01F0
03F8
07F0
0FE0
0FC0
0700
0000
2004
F81F
FC1F
FC1F
FC3F
7C3F
7E3F
7E3F
7E7E
3F7E
3F7E
1F7C
1FFC
1FF8
0FF8
07F0
07F0
07E0
0FE0
3FC0
3F80
3F80
1E00
ENDCHAR
STARTCHAR 00FE
ENCODING 254
SWIDTH 570 0
DWIDTH 19 0
BBX 16 28 2 -6
BITMAP
F800
F800
F800
F800
F800
F900
FFF0
FFFC
FFFE
FFFE
F87F
F83F
F83F
F81F
F81F
F83F
F83F
F87F
FFFE
FFFE
FFFC
FFF0
F900
F800
F800
F800
F800
7800
ENDCHAR
STARTCHAR 00FF
ENCODING 255
SWIDTH 540 0
DWIDTH 18 0
BBX 16 31 1 -6
BITMAP
1C38
3E7C
7E7E
7E7E
3E7C
1C38
0000
0000
2004
F81F
FC1F
FC1F
FC3F
7C3F
7E3F
7E3F
7E7E
3F7E
3F7E
1F7C
1FFC
1FF8
0FF8
07F0
07F0
07E0
0FE0
3FC0
3F80
3F80
1E00
ENDCHAR
STARTCHAR 0100
ENCODING 256
SWIDTH 630 0
DWIDTH 21 0
BBX 19 28 1 0
BITMAP
0FFE00
0FFE00
0FFE00
0FFE00
0FF800
000000
000000
01F000
07FC00
07FC00
0FFC00
0FFE00
0FFE00
1FBE00
1FBF00
1F3F00
3F1F00
3F1F00
3F1F80
3E1F80
7FFF80
7FFFC0
7FFFC0
FFFFC0
FC0FC0
FC07E0
FC07E0
F807E0
ENDCHAR
STARTCHAR 0101
ENCODING 257
SWIDTH 540 0
DWIDTH 18 0
BBX 15 24 1 0
BITMAP
1FF8
3FF8
3FF8
1FF8
1FF0
0000
0000
0100
3FF0
7FFC
7FFE
7FFE
207E
003E
0FFE
7FFE
7FFE
FC3E
F83E
FFFE
FFFE
7FFE
3FFC
0FF0
ENDCHAR
STARTCHAR 0102
ENCODING 258
SWIDTH 630 0
DWIDTH 21 0
BBX 19 29 1 0
BITMAP
020800
0E1E00
0FFE00
0FFE00
0FFE00
07FC00
03F800
000000
01F000
07FC00
07FC00
0FFC00
0FFE00
0FFE00
1FBE00
1FBF00
1F3F00
3F1F00
3F1F00
3F1F80
3E1F80
7FFF80
7FFFC0
7FFFC0
FFFFC0
FC0FC0
FC07E0
FC07E0
F807E0
ENDCHAR
STARTCHAR 0103
ENCODING 259
SWIDTH 540 0
DWIDTH 18 0
BBX 15 26 1 0
BITMAP
0820
1C38
3FFC
3FFC
3FF8
1FF8
07E0
0000
0000
0100
3FF0
7FFC
7FFE
7FFE
207E
003E
0FFE
7FFE
7FFE
FC3E
F83E
FFFE
FFFE
7FFE
3FFC
0FF0
ENDCHAR
STARTCHAR 0104
ENCODING 260
SWIDTH 630 0
DWIDTH 21 0
BBX 20 28 1 -7
BITMAP
01F000
07FC00
07FC00
0FFC00
0FFE00
0FFE00
1FBE00
1FBF00
1F3F00
3F1F00
3F1F00
3F1F80
3E1F80
7FFF80
7FFFC0
7FFFC0
FFFFC0
FC0FC0
FC07E0
FC07E0
F807E0
1007C0
000780
000FC0
000FE0
000FF0
0007E0
0003E0
ENDCHAR
STARTCHAR 0105
ENCODING 261
SWIDTH 540 0
DWIDTH 18 0
BBX 15 23 1 -6
BITMAP
0100
3FF0
7FFC
7FFE
7FFE
207E
003E
0FFE
7FFE
7FFE
FC3E
F83E
FFFE
FFFE
7FFE
3FFC
0FF8
01F0
01F0
01FC
01FC
01FC
00FC
ENDCHAR
STARTCHAR 0106
ENCODING 262
SWIDTH 570 0
DWIDTH 19 0
BBX 17 29 1 0
BITMAP
001C00
003E00
00FE00
03FE00
03FC00
03E000
008000
002000
03FE00
0FFF00
1FFF80
3FFF80
7F8300
7F0000
7E0000
FC0000
FC0000
FC0000
FC0000
FC0000
FC0000
7E0000
7E0000
7F0100
3FFF80
3FFF80
1FFF80
07FF00
01FE00
ENDCHAR
STARTCHAR 0107
ENCODING 263
SWIDTH 480 0
DWIDTH 16 0
BBX 14 25 1 0
BITMAP
0070
00F8
01F8
03F8
07F0
07E0
0780
0100
0080
0FF8
1FFC
3FFC
7FFC
7F08
FC00
FC00
FC00
FC00
FC00
FC00
7F08
7FFC
3FFC
1FFC
07F8
ENDCHAR
STARTCHAR 0108
ENCODING 264
SWIDTH 570 0
DWIDTH 19 0
BBX 17 30 1 0
BITMAP
004000
01F000
03FC00
07FE00
0FFF00
0F9F00
070E00
000000
002000
03FE00
0FFF00
1FFF80
3FFF80
7F8300
7F0000
7E0000
FC0000
FC0000
FC0000
FC0000
FC0000
FC0000
7E0000
7E0000
7F0100
3FFF80
3FFF80
1FFF80
07FF00
01FE00
ENDCHAR
STARTCHAR 0109
ENCODING 265
SWIDTH 480 0
DWIDTH 16 0
BBX 14 25 1 0
BITMAP
03C0
07E0
1FF8
3FFC
3E7C
1C3C
0410
0000
0080
0FF8
1FFC
3FFC
7FFC
7F08
FC00
FC00
FC00
FC00
FC00
FC00
7F08
7FFC
3FFC
1FFC
07F8
ENDCHAR
STARTCHAR 010A
ENCODING 266
SWIDTH 570 0
DWIDTH 19 0
BBX 17 29 1 0
BITMAP
00F000
00F800
01F800
01F800
00F800
00F000
000000
002000
03FE00
0FFF00
1FFF80
3FFF80
7F8300
7F0000
7E0000
FC0000
FC0000
FC0000
FC0000
FC0000
FC0000
7E0000
7E0000
7F0100
3FFF80
3FFF80
1FFF80
07FF00
01FE00
ENDCHAR
STARTCHAR 010B
ENCODING 267
SWIDTH 480 0
DWIDTH 16 0
BBX 14 24 1 0
BITMAP
03C0
03E0
07E0
07E0
03E0
03C0
0000
0080
0FF8
1FFC
3FFC
7FFC
7F08
FC00
FC00
FC00
FC00
FC00
FC00
7F08
7FFC
3FFC
1FFC
07F8
ENDCHAR
STARTCHAR 010C
ENCODING 268
SWIDTH 570 0
DWIDTH 19 0
BBX 17 30 1 0
BITMAP
020400
070E00
0FDF00
07FE00
03FE00
01F800
00F000
000000
002000
03FE00
0FFF00
1FFF80
3FFF80
7F8300
7F0000
7E0000
FC0000
FC0000
FC0000
FC0000
FC0000
FC0000
7E0000
7E0000
7F0100
3FFF80
3FFF80
1FFF80
07FF00
01FE00
ENDCHAR
STARTCHAR 010D
ENCODING 269
SWIDTH 480 0
DWIDTH 16 0
BBX 14 25 1 0
BITMAP
1C38
3E7C
3FFC
1FF8
0FF0
07E0
03C0
0000
0080
0FF8
1FFC
3FFC
7FFC
7F08
FC00
FC00
FC00
FC00
FC00
FC00
7F08
7FFC
3FFC
1FFC
07F8
ENDCHAR
STARTCHAR 010E
ENCODING 270
SWIDTH 660 0
DWIDTH 22 0
BBX 19 29 2 0
BITMAP
0E1C00
1F3C00
1FFE00
0FFC00
07F800
03F000
004000
010000
7FF800
FFFE00
FFFF00
FFFF80
FC3F80
FC1FC0
FC0FC0
FC0FC0
FC0FC0
FC07E0
FC07E0
FC07E0
FC0FC0
FC0FC0
FC0FC0
FC1FC0
FC3F80
FFFF80
FFFF00
FFFE00
7FF800
ENDCHAR
STARTCHAR 010F
ENCODING 271
SWIDTH 810 0
DWIDTH 27 0
BBX 25 22 1 0
BITMAP
001F0F00
001F0F80
001F8F80
001F9F80
001F9F80
009F9F00
0FFF9F00
1FFF9F00
3FFF9E00
7FFF8000
FE1F8000
FC1F8000
FC1F8000
FC1F8000
FC1F8000
FC1F8000
FE1F8000
7FFF8000
7FFF8000
3FFF0000
1FFE0000
03F80000
ENDCHAR
STARTCHAR 0110
ENCODING 272
SWIDTH 690 0
DWIDTH 23 0
BBX 21 22 1 0
BITMAP
004000
1FFE00
3FFF80
3FFFC0
3FFFE0
3F0FF0
3F07F0
3F03F0
3F01F8
3FE1F8
FFE1F8
FFF1F8
FFE1F8
FFE1F8
3F01F8
3F03F0
3F03F0
3F0FF0
3FFFE0
3FFFC0
1FFF80
0FFE00
ENDCHAR
STARTCHAR 0111
ENCODING 273
SWIDTH 600 0
DWIDTH 20 0
BBX 19 25 1 0
BITMAP
000400
001F00
001F00
001FC0
00FFE0
00FFE0
007F80
001F80
001F80
07FF80
1FFF80
3FFF80
7FFF80
7FFF80
FE1F80
FC1F80
FC1F80
FC1F80
FC1F80
FC1F80
7FFF80
7FFF80
3FFF00
1FFE00
07F800
ENDCHAR
STARTCHAR 0112
ENCODING 274
SWIDTH 540 0
DWIDTH 18 0
BBX 15 28 2 0
BITMAP
1FF8
3FF8
3FF8
1FF8
1FF0
0000
0000
7FFC
FFFC
FFFC
FFFC
FC00
FC00
FC00
FC00
FFF8
FFF8
FFFC
FFF8
FC00
FC00
FC00
FC00
FFFC
FFFC
FFFE
FFFE
7FFC
ENDCHAR
STARTCHAR 0113
ENCODING 275
SWIDTH 540 0
DWIDTH 18 0
BBX 16 24 1 0
BITMAP
1FF8
1FFC
1FFC
1FF8
1FF0
0000
0000
0080
0FF8
3FFC
3FFE
7FFF
FC3F
F81F
FFFF
FFFF
FFFC
FE00
FC00
7FFE
7FFE
3FFE
1FFE
03F8
ENDCHAR
STARTCHAR 0114
ENCODING 276
SWIDTH 540 0
DWIDTH 18 0
BBX 15 30 2 0
BITMAP
1040
3870
7FF0
7FF8
7FF0
3FF0
0FC0
0000
0000
7FFC
FFFC
FFFC
FFFC
FC00
FC00
FC00
FC00
FFF8
FFF8
FFFC
FFF8
FC00
FC00
FC00
FC00
FFFC
FFFC
FFFE
FFFE
7FFC
ENDCHAR
STARTCHAR 0115
ENCODING 277
SWIDTH 540 0
DWIDTH 18 0
BBX 16 26 1 0
BITMAP
0410
1C1C
1FFC
1FFC
1FFC
0FF8
07F0
0000
0000
0080
0FF8
3FFC
3FFE
7FFF
FC3F
F81F
FFFF
FFFF
FFFC
FE00
FC00
7FFE
7FFE
3FFE
1FFE
03F8
ENDCHAR
STARTCHAR 0116
ENCODING 278
SWIDTH 540 0
DWIDTH 18 0
BBX 15 29 2 0
BITMAP
0700
0F80
0FC0
0FC0
0F80
0780
0000
0000
7FFC
FFFC
FFFC
FFFC
FC00
FC00
FC00
FC00
FFF8
FFF8
FFFC
FFF8
FC00
FC00
FC00
FC00
FFFC
FFFC
FFFE
FFFE
7FFC
ENDCHAR
STARTCHAR 0117
ENCODING 279
SWIDTH 540 0
DWIDTH 18 0
BBX 16 25 1 0
BITMAP
03C0
07E0
07E0
07E0
07E0
03C0
0000
0000
0080
0FF8
3FFC
3FFE
7FFF
FC3F
F81F
FFFF
FFFF
FFFC
FE00
FC00
7FFE
7FFE
3FFE
1FFE
03F8
ENDCHAR
STARTCHAR 0118
ENCODING 280
SWIDTH 540 0
DWIDTH 18 0
BBX 15 28 2 -7
BITMAP
7FFC
FFFC
FFFC
FFFC
FC00
FC00
FC00
FC00
FFF8
FFF8
FFFC
FFF8
FC00
FC00
FC00
FC00
FFFC
FFFC
FFFE
FFFE
7FFC
01F0
01F0
01FC
01FC
01FC
01FC
0078
ENDCHAR
STARTCHAR 0119
ENCODING 281
SWIDTH 540 0
DWIDTH 18 0
BBX 16 25 1 -8
BITMAP
0080
0FF0
1FFC
3FFE
7FFE
7E3F
FC1F
F8FF
FFFF
FFFF
FFF8
FE00
FC00
7E0E
7FFE
3FFE
1FFE
0FF8
00F0
01F0
01FC
01FC
01FC
00FC
0078
ENDCHAR
STARTCHAR 011A
ENCODING 282
SWIDTH 540 0
DWIDTH 18 0
BBX 15 29 2 0
BITMAP
3870
7CF0
7FF0
3FF0
1FE0
0FC0
0100
0000
7FFC
FFFC
FFFC
FFFC
FC00
FC00
FC00
FC00
FFF8
FFF8
FFFC
FFF8
FC00
FC00
FC00
FC00
FFFC
FFFC
FFFE
FFFE
7FFC
ENDCHAR
STARTCHAR 011B
ENCODING 283
SWIDTH 540 0
DWIDTH 18 0
BBX 16 26 1 0
BITMAP
0820
3C38
3E7C
3FFC
1FF8
0FF0
07E0
0080
0000
0080
0FF8
3FFC
3FFE
7FFF
FC3F
F81F
FFFF
FFFF
FFFC
FE00
FC00
7FFE
7FFE
3FFE
1FFE
03F8
ENDCHAR
STARTCHAR 011C
ENCODING 284
SWIDTH 660 0
DWIDTH 22 0
BBX 19 30 1 0
BITMAP
007800
01FC00
03FE00
07FF00
07DF80
078F00
010200
000000
001000
03FF80
07FFC0
1FFFC0
3FFFC0
3F81C0
7F0080
7E0000
FE0000
FC3FE0
FC3FE0
FC3FE0
FC3FE0
FC3FE0
7E03E0
7E03E0
7F03E0
3FFFE0
1FFFE0
0FFFE0
07FFC0
00FE00
ENDCHAR
STARTCHAR 011D
ENCODING 285
SWIDTH 570 0
DWIDTH 19 0
BBX 16 32 1 -6
BITMAP
0080
03E0
07F0
0FF8
1FFC
1F7C
1E3C
0408
0000
0080
0FF8
3FFE
7FFF
7FFF
FE1F
FC1F
FC1F
FC1F
FC1F
FC1F
FFFF
7FFF
3FFF
1FFF
0FDF
001F
203F
7FFF
7FFE
7FFC
3FF8
0FE0
ENDCHAR
STARTCHAR 011E
ENCODING 286
SWIDTH 660 0
DWIDTH 22 0
BBX 19 30 1 0
BITMAP
010400
078F00
07FF00
07FF00
07FF00
03FE00
002000
000000
001000
03FF80
07FFC0
1FFFC0
3FFFC0
3F81C0
7F0080
7E0000
FE0000
FC3FE0
FC3FE0
FC3FE0
FC3FE0
FC3FE0
7E03E0
7E03E0
7F03E0
3FFFE0
1FFFE0
0FFFE0
07FFC0
00FE00
ENDCHAR
STARTCHAR 011F
ENCODING 287
SWIDTH 570 0
DWIDTH 19 0
BBX 16 31 1 -6
BITMAP
0C18
1E3C
1FFC
1FFC
1FF8
0FF0
0080
0000
0080
0FF8
3FFE
7FFF
7FFF
FE1F
FC1F
FC1F
FC1F
FC1F
FC1F
FFFF
7FFF
3FFF
1FFF
0FDF
001F
203F
7FFF
7FFE
7FFC
3FF8
0FE0
ENDCHAR
STARTCHAR 0120
ENCODING 288
SWIDTH 660 0
DWIDTH 22 0
BBX 19 29 1 0
BITMAP
007800
007C00
00FC00
00FC00
007C00
007800
000000
001000
03FF80
07FFC0
1FFFC0
3FFFC0
3F81C0
7F0080
7E0000
FE0000
FC3FE0
FC3FE0
FC3FE0
FC3FE0
FC3FE0
7E03E0
7E03E0
7F03E0
3FFFE0
1FFFE0
0FFFE0
07FFC0
00FE00
ENDCHAR
STARTCHAR 0121
ENCODING 289
SWIDTH 570 0
DWIDTH 19 0
BBX 16 30 1 -6
BITMAP
01C0
03E0
07E0
07E0
03E0
01C0
0000
0080
0FF8
3FFE
7FFF
7FFF
FE1F
FC1F
FC1F
FC1F
FC1F
FC1F
FFFF
7FFF
3FFF
1FFF
0FDF
001F
203F
7FFF
7FFE
7FFC
3FF8
0FE0
ENDCHAR
STARTCHAR 0122
ENCODING 290
SWIDTH 660 0
DWIDTH 22 0
BBX 19 30 1 -8
BITMAP
001000
03FF80
07FFC0
1FFFC0
3FFFC0
3F81C0
7F0080
7E0000
FE0000
FC3FE0
FC3FE0
FC3FE0
FC3FE0
FC3FE0
7E03E0
7E03E0
7F03E0
3FFFE0
1FFFE0
0FFFE0
07FFC0
00FE00
000000
003000
00FC00
00F800
00F800
00F800
01F000
01E000
ENDCHAR
STARTCHAR 0123
ENCODING 291
SWIDTH 570 0
DWIDTH 19 0
BBX 16 31 1 -6
BITMAP
00E0
01F0
03E0
03E0
07E0
07C0
03C0
0000
0080
0FF8
3FFE
7FFF
7FFF
FE1F
FC1F
FC1F
FC1F
FC1F
FC1F
FFFF
7FFF
3FFF
1FFF
0FDF
001F
203F
7FFF
7FFE
7FFC
3FF8
0FE0
ENDCHAR
STARTCHAR 0124
ENCODING 292
SWIDTH 630 0
DWIDTH 21 0
BBX 18 29 2 0
BITMAP
01E000
03F000
07F800
0FFE00
0FBE00
0E1E00
040800
000000
F80780
FC07C0
FC07C0
FC07C0
FC07C0
FC07C0
FC07C0
FC07C0
FC07C0
FFFFC0
FFFFC0
FFFFC0
FFFFC0
FC07C0
FC07C0
FC07C0
FC07C0
FC07C0
FC07C0
7C07C0
7C07C0
ENDCHAR
STARTCHAR 0125
ENCODING 293
SWIDTH 570 0
DWIDTH 19 0
BBX 19 30 -1 0
BITMAP
040000
1F0000
7F8000
FFC000
FFE000
F3E000
60C000
000000
1F0000
1F0000
1F0000
1F0000
1F0000
1F1000
1FFF00
1FFF80
1FFFC0
1FFFC0
1F8FC0
1F07E0
1F07E0
1F07E0
1F07E0
1F07E0
1F07E0
1F07E0
1F07E0
1F07E0
1F07E0
0F03E0
ENDCHAR
STARTCHAR 0126
ENCODING 294
SWIDTH 690 0
DWIDTH 23 0
BBX 21 21 1 0
BITMAP
3C03E0
3E03E0
3E03F0
FFFFF8
FFFFF8
FFFFF8
3E03F0
3E03F0
3E03F0
3FFFF0
3FFFF0
3FFFF0
3FFFF0
3E03F0
3E03F0
3E03F0
3E03F0
3E03F0
3E03F0
3E03F0
1E01F0
ENDCHAR
STARTCHAR 0127
ENCODING 295
SWIDTH 600 0
DWIDTH 20 0
BBX 18 24 0 0
BITMAP
3E0000
3E0000
3FC000
FFC000
FFC000
FF0000
3F0000
3F2000
3FFE00
3FFF00
3FFF80
3FFF80
3F1FC0
3F0FC0
3F0FC0
3F0FC0
3F0FC0
3F0FC0
3F0FC0
3F0FC0
3F0FC0
3F0FC0
3F0FC0
1F07C0
ENDCHAR
STARTCHAR 0128
ENCODING 296
SWIDTH 300 0
DWIDTH 10 0
BBX 12 29 -1 0
BITMAP
7860
FFF0
FFF0
FFF0
FFF0
63E0
0000
0000
1F00
1F80
1F80
1F80
1F80
1F80
1F80
1F80
1F80
1F80
1F80
1F80
1F80
1F80
1F80
1F80
1F80
1F80
1F80
1F80
0F80
ENDCHAR
STARTCHAR 0129
ENCODING 297
SWIDTH 270 0
DWIDTH 9 0
BBX 13 25 -2 0
BITMAP
3C20
7FF0
FFF8
FFF8
7FF0
61E0
0000
0000
0000
0F80
0F80
0F80
0F80
0F80
0F80
0F80
0F80
0F80
0F80
0F80
0F80
0F80
0F80
0F80
0780
ENDCHAR
STARTCHAR 012A
ENCODING 298
SWIDTH 300 0
DWIDTH 10 0
BBX 11 28 -1 0
BITMAP
7FE0
FFE0
FFE0
FFE0
7F80
0000
0000
1F00
1F80
1F80
1F80
1F80
1F80
1F80
1F80
1F80
1F80
1F80
1F80
1F80
1F80
1F80
1F80
1F80
1F80
1F80
1F80
0F80
ENDCHAR
STARTCHAR 012B
ENCODING 299
SWIDTH 270 0
DWIDTH 9 0
BBX 11 24 -1 0
BITMAP
7FE0
FFE0
FFE0
FFE0
7F80
0000
0000
0000
1F00
1F00
1F00
1F00
1F00
1F00
1F00
1F00
1F00
1F00
1F00
1F00
1F00
1F00
1F00
0F00
ENDCHAR
STARTCHAR 012E
ENCODING 302
SWIDTH 300 0
DWIDTH 10 0
BBX 7 28 2 -7
BITMAP
F8
FC
FC
FC
FC
FC
FC
FC
FC
FC
FC
FC
FC
FC
FC
FC
FC
FC
FC
FC
7C
78
F8
FE
FE
FE
7E
3C
ENDCHAR
STARTCHAR 012F
ENCODING 303
SWIDTH 270 0
DWIDTH 9 0
BBX 7 31 2 -7
BITMAP
70
F8
FC
FC
F8
70
00
00
F8
F8
F8
F8
F8
F8
F8
F8
F8
F8
F8
F8
F8
F8
F8
F8
78
F8
F8
FE
FE
FE
7C
ENDCHAR
STARTCHAR 0130
ENCODING 304
SWIDTH 300 0
DWIDTH 10 0
BBX 6 29 2 0
BITMAP
78
F8
FC
FC
F8
78
00
00
F8
FC
FC
FC
FC
FC
FC
FC
FC
FC
FC
FC
FC
FC
FC
FC
FC
FC
FC
FC
7C
ENDCHAR
STARTCHAR 0131
ENCODING 305
SWIDTH 270 0
DWIDTH 9 0
BBX 5 16 2 0
BITMAP
F8
F8
F8
F8
F8
F8
F8
F8
F8
F8
F8
F8
F8
F8
F8
78
ENDCHAR
STARTCHAR 0134
ENCODING 308
SWIDTH 390 0
DWIDTH 13 0
BBX 13 30 1 0
BITMAP
0380
0FE0
1FF0
3FF8
7EF8
3878
0810
0000
0000
07C0
07C0
07E0
07E0
07E0
07E0
07E0
07E0
07E0
07E0
07E0
07E0
07E0
07E0
07E0
0FE0
FFC0
FFC0
FFC0
FF80
7E00
ENDCHAR
STARTCHAR 0135
ENCODING 309
SWIDTH 270 0
DWIDTH 9 0
BBX 11 31 -1 -6
BITMAP
0E00
3F80
7FC0
FFE0
FBE0
F1E0
2040
0000
0000
1F00
1F00
1F80
1F80
1F80
1F80
1F80
1F80
1F80
1F80
1F80
1F80
1F80
1F80
1F80
1F80
1F80
1F00
7F00
7F00
7E00
3C00
ENDCHAR
STARTCHAR 0136
ENCODING 310
SWIDTH 600 0
DWIDTH 20 0
BBX 17 29 2 -8
BITMAP
F80E00
FC1F00
FC3F80
FC3F80
FC7F00
FCFF00
FDFE00
FFFC00
FFF800
FFF000
FFE000
FFE000
FFF000
FFF800
FDFC00
FCFE00
FCFF00
FC7F80
FC3F80
FC1F80
7C0F00
000000
000000
03E000
03E000
03E000
07E000
07C000
078000
ENDCHAR
STARTCHAR 0137
ENCODING 311
SWIDTH 540 0
DWIDTH 18 0
BBX 15 30 2 -8
BITMAP
F800
F800
F800
F800
F800
F800
F818
F83E
F87E
F8FE
F9FC
FBF8
FFF0
FFE0
FFE0
FFF0
FBF8
F9FC
F8FE
F8FE
F87E
783C
0000
0080
07C0
07E0
07C0
07C0
0F80
0F00
ENDCHAR
STARTCHAR 0138
ENCODING 312
SWIDTH 540 0
DWIDTH 18 0
BBX 15 16 2 0
BITMAP
F818
F83E
F87E
F8FE
F9FC
FBF8
FFF0
FFE0
FFE0
FFF0
FBF8
F9FC
F9FE
F8FE
F87E
783C
ENDCHAR
STARTCHAR 0139
ENCODING 313
SWIDTH 510 0
DWIDTH 17 0
BBX 14 29 2 0
BITMAP
0200
0F80
3F80
7F80
FF00
FC00
6000
0000
F800
FC00
FC00
FC00
FC00
FC00
FC00
FC00
FC00
FC00
FC00
FC00
FC00
FC00
FC00
FC00
FFF8
FFFC
FFFC
FFFC
7FFC
ENDCHAR
STARTCHAR 013A
ENCODING 314
SWIDTH 270 0
DWIDTH 9 0
BBX 8 30 1 0
BITMAP
04
1F
3F
FF
FE
F8
E0
00
7C
7C
7C
7C
7C
7C
7C
7C
7C
7C
7C
7C
7C
7C
7C
7C
7C
7C
7C
7C
7C
3C
ENDCHAR
STARTCHAR 013B
ENCODING 315
SWIDTH 510 0
DWIDTH 17 0
BBX 14 29 2 -8
BITMAP
F800
FC00
FC00
FC00
FC00
FC00
FC00
FC00
FC00
FC00
FC00
FC00
FC00
FC00
FC00
FC00
FFF8
FFFC
FFFC
FFFC
7FFC
0000
0000
0780
0FC0
0F80
0F80
0F00
1F00
ENDCHAR
STARTCHAR 013C
ENCODING 316
SWIDTH 270 0
DWIDTH 9 0
BBX 6 30 1 -8
BITMAP
7C
7C
7C
7C
7C
7C
7C
7C
7C
7C
7C
7C
7C
7C
7C
7C
7C
7C
7C
7C
7C
3C
00
00
7C
7C
7C
7C
F8
F0
ENDCHAR
STARTCHAR 013D
ENCODING 317
SWIDTH 510 0
DWIDTH 17 0
BBX 17 29 -1 0
BITMAP
706000
F9F000
FFF000
7FE000
3FC000
1F8000
020000
000000
1F0000
1F8000
1F8000
1F8000
1F8000
1F8000
1F8000
1F8000
1F8000
1F8000
1F8000
1F8000
1F8000
1F8000
1F8000
1F8000
1FFF00
1FFF80
1FFF80
1FFF80
0FFF80
ENDCHAR
STARTCHAR 013E
ENCODING 318
SWIDTH 510 0
DWIDTH 17 0
BBX 14 22 2 0
BITMAP
F878
F8FC
F8FC
F8FC
F8FC
F8F8
F8F8
F8F8
F8F0
F800
F800
F800
F800
F800
F800
F800
F800
F800
F800
F800
F800
7800
ENDCHAR
STARTCHAR 013F
ENCODING 319
SWIDTH 510 0
DWIDTH 17 0
BBX 15 21 2 0
BITMAP
F800
FC00
FC00
FC00
FC00
FC00
FC38
FC7C
FCFC
FCFE
FCFC
FC7C
FC38
FC00
FC00
FC00
FFF8
FFFC
FFFC
FFFC
7FFC
ENDCHAR
STARTCHAR 0140
ENCODING 320
SWIDTH 510 0
DWIDTH 17 0
BBX 14 22 2 0
BITMAP
F800
F800
F800
F800
F800
F800
F800
F878
F8FC
F8FC
F8FC
F8FC
F8FC
F878
F800
F800
F800
F800
F800
F800
F800
7800
ENDCHAR
STARTCHAR 0141
ENCODING 321
SWIDTH 540 0
DWIDTH 18 0
BBX 17 21 0 0
BITMAP
1F0000
1F8000
1F8000
1F8000
1F8000
1F9800
1FFC00
1FFC00
1FFC00
3FF000
FFC000
FF8000
7F8000
7F8000
1F8000
1F8000
1FFF80
1FFF80
0FFF80
0FFF80
07FF80
ENDCHAR
STARTCHAR 0142
ENCODING 322
SWIDTH 390 0
DWIDTH 13 0
BBX 13 22 0 0
BITMAP
0F00
0F80
0F80
0F80
0F80
0F80
0FA0
0FF0
0FF0
1FF8
7FF0
FF80
FF80
7F80
4F80
0F80
0F80
0F80
0F80
0F80
0F80
0F80
ENDCHAR
STARTCHAR 0143
ENCODING 323
SWIDTH 660 0
DWIDTH 22 0
BBX 18 29 2 0
BITMAP
003800
007C00
01FC00
03FC00
07F800
07E000
030000
000000
7C0780
FE0FC0
FF0FC0
FF0FC0
FF8FC0
FF8FC0
FFCFC0
FFCFC0
FBEFC0
FBE7C0
FBE7C0
F9F7C0
F9F7C0
F8FFC0
F8FFC0
F87FC0
F87FC0
F83FC0
F83FC0
F81FC0
780F80
ENDCHAR
STARTCHAR 0144
ENCODING 324
SWIDTH 570 0
DWIDTH 19 0
BBX 15 26 2 0
BITMAP
0080
01E0
03F0
07F0
0FF0
1FE0
1F80
0E00
0000
0100
3FF0
7FFC
FFFE
FFFE
FC7E
F83E
F83E
F83E
F83E
F83E
F83E
F83E
F83E
F83E
F83E
781E
ENDCHAR
STARTCHAR 0145
ENCODING 325
SWIDTH 660 0
DWIDTH 22 0
BBX 18 29 2 -8
BITMAP
7C0780
FE0FC0
FF0FC0
FF0FC0
FF8FC0
FF8FC0
FFCFC0
FFCFC0
FBEFC0
FBE7C0
FBE7C0
F9F7C0
F9F7C0
F8FFC0
F8FFC0
F87FC0
F87FC0
F83FC0
F83FC0
F81FC0
780F80
000000
000000
01F000
01F000
03F000
03E000
03E000
07C000
ENDCHAR
STARTCHAR 0146
ENCODING 326
SWIDTH 570 0
DWIDTH 19 0
BBX 15 25 2 -8
BITMAP
0100
3FF0
7FFC
FFFE
FFFE
FC7E
F83E
F83E
F83E
F83E
F83E
F83E
F83E
F83E
F83E
F83E
781E
0000
0000
07C0
07C0
07C0
07C0
0F80
0F00
ENDCHAR
STARTCHAR 0147
ENCODING 327
SWIDTH 660 0
DWIDTH 22 0
BBX 18 29 2 0
BITMAP
0E0C00
0F3E00
1FFE00
0FFC00
07F800
03F000
004000
000000
7C0780
FE0FC0
FF0FC0
FF0FC0
FF8FC0
FF8FC0
FFCFC0
FFCFC0
FBEFC0
FBE7C0
FBE7C0
F9F7C0
F9F7C0
F8FFC0
F8FFC0
F87FC0
F87FC0
F83FC0
F83FC0
F81FC0
780F80
ENDCHAR
STARTCHAR 0148
ENCODING 328
SWIDTH 570 0
DWIDTH 19 0
BBX 15 25 2 0
BITMAP
3830
3C78
3EF8
3FF8
1FF0
0FE0
07C0
0000
0100
3FF0
7FFC
FFFE
FFFE
FC7E
F83E
F83E
F83E
F83E
F83E
F83E
F83E
F83E
F83E
F83E
781E
ENDCHAR
STARTCHAR 0149
ENCODING 329
SWIDTH 750 0
DWIDTH 25 0
BBX 22 22 1 0
BITMAP
780000
FC0000
FC0000
FC0000
F80000
F80200
F87FE0
F1FFF0
E3FFF8
03FFF8
03F0FC
03F0FC
03F0FC
03F0FC
03F0FC
03F0FC
03F0FC
03F0FC
03F0FC
03F0FC
03F0FC
01F07C
ENDCHAR
STARTCHAR 014C
ENCODING 332
SWIDTH 690 0
DWIDTH 23 0
BBX 21 29 1 0
BITMAP
01FE00
07FF00
07FF00
07FF00
07FE00
000000
000000
002000
03FE00
0FFF80
1FFFC0
3FFFE0
7F87F0
7E03F0
7E03F8
FC01F8
FC01F8
FC01F8
FC01F8
FC01F8
FC01F8
7E01F8
7E03F0
7F07F0
3FFFE0
3FFFE0
1FFFC0
07FF00
01FC00
ENDCHAR
STARTCHAR 014D
ENCODING 333
SWIDTH 570 0
DWIDTH 19 0
BBX 17 24 1 0
BITMAP
1FFC00
1FFC00
1FFC00
1FFC00
1FF000
000000
000000
008000
0FF800
1FFE00
3FFF00
7FFF00
7E3F80
FC1F80
FC1F80
FC0F80
FC0F80
FC1F80
FE1F80
7FFF80
7FFF00
3FFE00
1FFC00
07F000
ENDCHAR
STARTCHAR 0150
ENCODING 336
SWIDTH 690 0
DWIDTH 23 0
BBX 21 30 1 0
BITMAP
010100
03C7C0
07E7C0
07EFC0
0FDF80
0F9F00
070600
000000
002000
03FE00
0FFF80
1FFFC0
3FFFE0
7F87F0
7E03F0
7E03F8
FC01F8
FC01F8
FC01F8
FC01F8
FC01F8
FC01F8
7E01F8
7E03F0
7F07F0
3FFFE0
3FFFE0
1FFFC0
07FF00
01FC00
ENDCHAR
STARTCHAR 0151
ENCODING 337
SWIDTH 570 0
DWIDTH 19 0
BBX 17 26 1 0
BITMAP
078700
078F80
0FDF80
1F9F80
1F3F00
3E3E00
1E3C00
040400
000000
008000
0FF800
1FFE00
3FFF00
7FFF00
7E3F80
FC1F80
FC1F80
FC0F80
FC0F80
FC1F80
FE1F80
7FFF80
7FFF00
3FFE00
1FFC00
07F000
ENDCHAR
STARTCHAR 0152
ENCODING 338
SWIDTH 930 0
DWIDTH 31 0
BBX 29 22 1 0
BITMAP
00200000
03FEFFF8
0FFFFFF8
1FFFFFF8
3FFFFFF8
3F87F000
7E03F000
7E03F000
FC03FFF0
FC03FFF0
FC03FFF0
FC03FFF0
FC03FFF0
FC03F000
7E03F000
7E03F000
7F03F000
3FFFFFF8
3FFFFFF8
1FFFFFF8
07FFFFF8
01FCFFF8
ENDCHAR
STARTCHAR 0153
ENCODING 339
SWIDTH 900 0
DWIDTH 30 0
BBX 28 17 1 0
BITMAP
00801000
0FF0FF00
1FFDFF80
3FFFFFC0
7FFFFFE0
7E3FC7E0
FC1F83F0
FC1FFFF0
FC0FFFE0
FC0FFF80
FC1FC000
FE1FC040
7FFFFFE0
7FFFFFE0
3FFFFFE0
1FF9FFC0
07E03F00
ENDCHAR
STARTCHAR 0154
ENCODING 340
SWIDTH 600 0
DWIDTH 20 0
BBX 17 29 2 0
BITMAP
007000
01F800
07F800
0FF000
0FE000
0F8000
040000
010000
7FF000
FFFC00
FFFE00
FFFF00
FC7F00
FC3F00
FC3F00
FC3F00
FC3F00
FCFF00
FFFE00
FFFC00
FFF800
FFF800
FCFC00
FCFE00
FC7E00
FC7F00
FC3F80
FC1F80
7C0E00
ENDCHAR
STARTCHAR 0155
ENCODING 341
SWIDTH 420 0
DWIDTH 14 0
BBX 11 26 2 0
BITMAP
0200
0380
0FC0
1FC0
3FC0
7F80
7E00
3800
0000
0100
3FC0
7FE0
FFE0
FFE0
FC00
F800
F800
F800
F800
F800
F800
F800
F800
F800
F800
7800
ENDCHAR
STARTCHAR 0156
ENCODING 342
SWIDTH 600 0
DWIDTH 20 0
BBX 17 30 2 -8
BITMAP
010000
7FF000
FFFC00
FFFE00
FFFF00
FC7F00
FC3F00
FC3F00
FC3F00
FC3F00
FCFF00
FFFE00
FFFC00
FFF800
FFF800
FCFC00
FCFE00
FC7E00
FC7F00
FC3F80
FC1F80
7C0E00
000000
000000
03E000
03E000
07E000
07C000
07C000
0F8000
ENDCHAR
STARTCHAR 0157
ENCODING 343
SWIDTH 420 0
DWIDTH 14 0
BBX 12 25 2 -8
BITMAP
0080
1FE0
7FF0
7FF0
7FE0
7E00
7C00
7C00
7C00
7C00
7C00
7C00
7C00
7C00
7C00
7C00
7C00
0000
0000
7C00
7C00
7C00
7C00
F800
F000
ENDCHAR
STARTCHAR 0158
ENCODING 344
SWIDTH 600 0
DWIDTH 20 0
BBX 17 29 2 0
BITMAP
1C1800
3E7C00
3FFC00
1FF800
07F000
03C000
000000
010000
7FF000
FFFC00
FFFE00
FFFF00
FC7F00
FC3F00
FC3F00
FC3F00
FC3F00
FCFF00
FFFE00
FFFC00
FFF800
FFF800
FCFC00
FCFE00
FC7E00
FC7F00
FC3F80
FC1F80
7C0E00
ENDCHAR
STARTCHAR 0159
ENCODING 345
SWIDTH 420 0
DWIDTH 14 0
BBX 12 25 2 0
BITMAP
60C0
F9E0
FFF0
FFE0
7FC0
3F80
0F00
0000
0100
3FC0
7FE0
FFE0
FFE0
FE00
F800
F800
F800
F800
F800
F800
F800
F800
F800
F800
7800
ENDCHAR
STARTCHAR 015A
ENCODING 346
SWIDTH 540 0
DWIDTH 18 0
BBX 16 29 1 0
BITMAP
0070
00F8
03F8
0FF8
0FE0
0780
0200
0080
0FFC
3FFE
7FFE
7FFE
FE0E
FC00
FE00
FFC0
7FF0
7FFC
3FFE
0FFE
01FF
007F
003F
603F
FFFF
FFFE
7FFE
7FFC
0FE0
ENDCHAR
STARTCHAR 015B
ENCODING 347
SWIDTH 480 0
DWIDTH 16 0
BBX 14 26 1 0
BITMAP
0060
01F0
03F0
07F0
0FF0
0FE0
0F80
0700
0000
0100
1FF0
7FF8
7FF8
FFF8
FC18
FC00
7FC0
3FF0
1FF8
01FC
407C
7FFC
FFFC
7FFC
7FF8
1FE0
ENDCHAR
STARTCHAR 015C
ENCODING 348
SWIDTH 540 0
DWIDTH 18 0
BBX 16 30 1 0
BITMAP
0080
03E0
0FF0
1FF8
1FFC
1E7C
1C38
0000
0080
0FFC
3FFE
7FFE
7FFE
FE0E
FC00
FE00
FFC0
7FF0
7FFC
3FFE
0FFE
01FF
007F
003F
603F
FFFF
FFFE
7FFE
7FFC
0FE0
ENDCHAR
STARTCHAR 015D
ENCODING 349
SWIDTH 480 0
DWIDTH 16 0
BBX 14 26 1 0
BITMAP
0780
0FC0
3FE0
7FF0
7FF8
7CF8
3870
0000
0000
0100
1FF0
7FF8
7FF8
FFF8
FC18
FC00
7FC0
3FF0
1FF8
01FC
407C
7FFC
FFFC
7FFC
7FF8
1FE0
ENDCHAR
STARTCHAR 015E
ENCODING 350
SWIDTH 540 0
DWIDTH 18 0
BBX 16 28 1 -6
BITMAP
0080
0FFC
3FFE
7FFE
7FFE
FE0E
FC00
FE00
7FC0
7FF0
3FFC
1FFE
07FF
00FF
003F
203F
703F
FFFF
FFFE
7FFC
3FF8
07C0
03E0
03E0
0FE0
0FE0
0FC0
0780
ENDCHAR
STARTCHAR 015F
ENCODING 351
SWIDTH 480 0
DWIDTH 16 0
BBX 14 25 1 -8
BITMAP
0100
1FF0
3FF8
7FF8
7FF8
FC18
FC00
FF80
7FE0
3FF8
1FFC
03FC
007C
70FC
FFFC
FFFC
7FF8
3FF0
03C0
03C0
07C0
1FC0
1FC0
0FC0
0780
ENDCHAR
STARTCHAR 0160
ENCODING 352
SWIDTH 540 0
DWIDTH 18 0
BBX 16 30 1 0
BITMAP
0810
1C38
3F7C
1FF8
0FF8
07E0
03C0
0000
0080
0FFC
3FFE
7FFE
7FFE
FE0E
FC00
FE00
FFC0
7FF0
7FFC
3FFE
0FFE
01FF
007F
003F
603F
FFFF
FFFE
7FFE
7FFC
0FE0
ENDCHAR
STARTCHAR 0161
ENCODING 353
SWIDTH 480 0
DWIDTH 16 0
BBX 14 26 1 0
BITMAP
1040
7870
7CF8
7FF8
3FF0
1FE0
0FC0
0100
0000
0100
1FF0
7FF8
7FF8
FFF8
FC18
FC00
7FC0
3FF0
1FF8
01FC
407C
7FFC
FFFC
7FFC
7FF8
1FE0
ENDCHAR
STARTCHAR 0162
ENCODING 354
SWIDTH 540 0
DWIDTH 18 0
BBX 17 29 1 -8
BITMAP
FFFF00
FFFF80
FFFF80
FFFF00
FFE000
07E000
07E000
07E000
07E000
07E000
07E000
07E000
07E000
07E000
07E000
07E000
07E000
07E000
07E000
07E000
03E000
000000
000000
03E000
03E000
03E000
07C000
07C000
078000
ENDCHAR
STARTCHAR 0163
ENCODING 355
SWIDTH 390 0
DWIDTH 13 0
BBX 10 28 2 -8
BITMAP
F000
F800
F800
F800
F800
FFC0
FFC0
FFC0
FFC0
F800
F800
F800
F800
F800
F800
FC00
FFC0
FFC0
7FC0
3F80
0400
0000
1E00
3F00
3E00
3E00
3C00
7C00
ENDCHAR
STARTCHAR 0164
ENCODING 356
SWIDTH 540 0
DWIDTH 18 0
BBX 17 29 1 0
BITMAP
1C1800
1E3C00
1FFC00
0FF800
07F000
03E000
008000
000000
FFFF00
FFFF80
FFFF80
FFFF00
FFE000
07E000
07E000
07E000
07E000
07E000
07E000
07E000
07E000
07E000
07E000
07E000
07E000
07E000
07E000
07E000
03E000
ENDCHAR
STARTCHAR 0165
ENCODING 357
SWIDTH 630 0
DWIDTH 21 0
BBX 18 22 2 0
BITMAP
000780
0007C0
F007C0
F80FC0
F80FC0
F80F80
F80F80
FFCF80
FFCF00
FFC000
FFC000
F80000
F80000
F80000
F80000
F80000
F80000
FC0000
FFC000
FFC000
7FC000
3F8000
ENDCHAR
STARTCHAR 0168
ENCODING 360
SWIDTH 660 0
DWIDTH 22 0
BBX 18 30 2 0
BITMAP
0F0C00
1FFE00
1FFE00
1FFE00
1FFE00
0C7C00
000000
000000
000000
F80F80
FC0FC0
FC0FC0
FC0FC0
FC0FC0
FC0FC0
FC0FC0
FC0FC0
FC0FC0
FC0FC0
FC0FC0
FC0FC0
FC0FC0
FC0FC0
FC0FC0
FE1FC0
7FFF80
7FFF80
3FFF00
1FFE00
07F000
ENDCHAR
STARTCHAR 0169
ENCODING 361
SWIDTH 570 0
DWIDTH 19 0
BBX 15 25 2 0
BITMAP
1E10
3FF8
7FFC
7FFC
3FF8
30F0
0000
0000
0000
F83E
F83E
F83E
F83E
F83E
F83E
F83E
F83E
F83E
F83E
FC3E
FFFE
FFFE
7FFE
3FFC
0FF0
ENDCHAR
STARTCHAR 016A
ENCODING 362
SWIDTH 660 0
DWIDTH 22 0
BBX 18 29 2 0
BITMAP
07FC00
1FFC00
1FFC00
1FFC00
1FFC00
000000
000000
000000
F80F80
FC0FC0
FC0FC0
FC0FC0
FC0FC0
FC0FC0
FC0FC0
FC0FC0
FC0FC0
FC0FC0
FC0FC0
FC0FC0
FC0FC0
FC0FC0
FC0FC0
FE1FC0
7FFF80
7FFF80
3FFF00
1FFE00
07F000
ENDCHAR
STARTCHAR 016B
ENCODING 363
SWIDTH 570 0
DWIDTH 19 0
BBX 15 24 2 0
BITMAP
1FF8
3FF8
3FF8
3FF8
1FF0
0000
0000
0000
F83E
F83E
F83E
F83E
F83E
F83E
F83E
F83E
F83E
F83E
FC3E
FFFE
FFFE
7FFE
3FFC
0FF0
ENDCHAR
STARTCHAR 016C
ENCODING 364
SWIDTH 660 0
DWIDTH 22 0
BBX 18 30 2 0
BITMAP
0E1C00
0E1C00
1FFE00
1FFE00
0FFC00
07F800
004000
000000
000000
F80F80
FC0FC0
FC0FC0
FC0FC0
FC0FC0
FC0FC0
FC0FC0
FC0FC0
FC0FC0
FC0FC0
FC0FC0
FC0FC0
FC0FC0
FC0FC0
FC0FC0
FE1FC0
7FFF80
7FFF80
3FFF00
1FFE00
07F000
ENDCHAR
STARTCHAR 016D
ENCODING 365
SWIDTH 570 0
DWIDTH 19 0
BBX 15 26 2 0
BITMAP
0820
3C38
3FF8
3FF8
3FF8
1FF0
07E0
0000
0000
0000
F83E
F83E
F83E
F83E
F83E
F83E
F83E
F83E
F83E
F83E
FC3E
FFFE
FFFE
7FFE
3FFC
0FF0
ENDCHAR
STARTCHAR 016E
ENCODING 366
SWIDTH 660 0
DWIDTH 22 0
BBX 18 30 2 0
BITMAP
01E000
03F800
07F800
073C00
073C00
07F800
03F800
01E000
000000
F80F80
FC0FC0
FC0FC0
FC0FC0
FC0FC0
FC0FC0
FC0FC0
FC0FC0
FC0FC0
FC0FC0
FC0FC0
FC0FC0
FC0FC0
FC0FC0
FC0FC0
FE1FC0
7FFF80
7FFF80
3FFF00
1FFE00
07F000
ENDCHAR
STARTCHAR 016F
ENCODING 367
SWIDTH 570 0
DWIDTH 19 0
BBX 15 26 2 0
BITMAP
07C0
0FE0
1FF0
1CF0
1EF0
1FF0
0FE0
0780
0000
0000
F83E
F83E
F83E
F83E
F83E
F83E
F83E
F83E
F83E
F83E
FC3E
FFFE
FFFE
7FFE
3FFC
0FF0
ENDCHAR
STARTCHAR 0170
ENCODING 368
SWIDTH 660 0
DWIDTH 22 0
BBX 18 29 2 0
BITMAP
070F00
0F9F80
1F9F80
1FBF00
3F3E00
1E3C00
040800
000000
F80F80
FC0FC0
FC0FC0
FC0FC0
FC0FC0
FC0FC0
FC0FC0
FC0FC0
FC0FC0
FC0FC0
FC0FC0
FC0FC0
FC0FC0
FC0FC0
FC0FC0
FE1FC0
7FFF80
7FFF80
3FFF00
1FFE00
07F000
ENDCHAR
STARTCHAR 0171
ENCODING 369
SWIDTH 600 0
DWIDTH 20 0
BBX 16 26 2 0
BITMAP
0F0E
1F1F
1F3F
3F3F
7E7E
7C7C
3878
0810
0000
0000
F83E
F83E
F83E
F83E
F83E
F83E
F83E
F83E
F83E
F83E
FC3E
FFFE
FFFE
7FFE
3FFC
0FF0
ENDCHAR
STARTCHAR 0172
ENCODING 370
SWIDTH 660 0
DWIDTH 22 0
BBX 18 28 2 -7
BITMAP
F80F80
FC0FC0
FC0FC0
FC0FC0
FC0FC0
FC0FC0
FC0FC0
FC0FC0
FC0FC0
FC0FC0
FC0FC0
FC0FC0
FC0FC0
FC0FC0
FC0FC0
FE1FC0
7FFF80
7FFF80
3FFF00
3FFE00
0FF800
03E000
03E000
07F000
07F800
03F800
03F000
01F000
ENDCHAR
STARTCHAR 0173
ENCODING 371
SWIDTH 570 0
DWIDTH 19 0
BBX 15 23 2 -7
BITMAP
F83E
F83E
F83E
F83E
F83E
F83E
F83E
F83E
F83E
F83E
FC3E
FFFE
FFFE
7FFE
3FFE
0FF8
00F8
00F8
01FC
01FE
00FE
00FC
003C
ENDCHAR
STARTCHAR 0174
ENCODING 372
SWIDTH 870 0
DWIDTH 29 0
BBX 27 30 1 0
BITMAP
000E0000
003F8000
007FC000
00FFE000
00FBE000
00F1E000
0060E000
00000000
00000000
780007C0
FC0007C0
FC0007E0
FC0007E0
FC0007C0
7E1F0FC0
7E3F8FC0
7E3F8FC0
7E3F8FC0
7E3F8FC0
7E7FCFC0
3E7FCF80
3F7BCF80
3F7BCF80
3FFBFF80
1FFBFF80
1FF9FF00
1FF1FF00
1FF1FF00
0FF0FF00
07E07C00
ENDCHAR
STARTCHAR 0175
ENCODING 373
SWIDTH 780 0
DWIDTH 26 0
BBX 24 25 1 0
BITMAP
003C00
007E00
00FF00
01FF80
03FFC0
03E7C0
01C380
000000
200004
F8001F
F87E1F
FC7E1F
FC7F1F
FC7F1F
7CFF3F
7CFF3F
7CFFBE
7CFFBE
7FF7BE
3FE7BE
3FE7FC
3FE3FC
3FC3FC
1FC3FC
1FC1F8
ENDCHAR
STARTCHAR 0176
ENCODING 374
SWIDTH 570 0
DWIDTH 19 0
BBX 18 30 0 0
BITMAP
00E000
03F800
07FC00
0FFE00
0FBE00
0F1E00
060E00
000000
000000
380780
FC07C0
7E0FC0
7E0FC0
3F1FC0
3F1F80
1F9F80
1FBF00
0FFF00
0FFE00
07FE00
03FC00
03F800
01F800
01F800
01F800
01F800
01F800
01F800
01F800
00F800
ENDCHAR
STARTCHAR 0177
ENCODING 375
SWIDTH 540 0
DWIDTH 18 0
BBX 16 31 1 -6
BITMAP
03C0
07E0
1FF0
3FF8
3E7C
3C38
0810
0000
2004
F81F
FC1F
FC1F
FC3F
7C3F
7E3F
7E3F
7E7E
3F7E
3F7E
1F7C
1FFC
1FF8
0FF8
07F0
07F0
07E0
0FE0
3FC0
3F80
3F80
1E00
ENDCHAR
STARTCHAR 0178
ENCODING 376
SWIDTH 570 0
DWIDTH 19 0
BBX 18 29 0 0
BITMAP
0F0E00
1F1F00
1FBF00
1FBF00
1F1F00
0F0E00
000000
000000
380780
FC07C0
7E0FC0
7E0FC0
3F1FC0
3F1F80
1F9F80
1FBF00
0FFF00
0FFE00
07FE00
03FC00
03F800
01F800
01F800
01F800
01F800
01F800
01F800
01F800
00F800
ENDCHAR
STARTCHAR 0179
ENCODING 377
SWIDTH 540 0
DWIDTH 18 0
BBX 16 29 1 0
BITMAP
0070
00F8
03F8
07F8
0FF0
0780
0200
0000
7FFE
FFFF
FFFF
7FFF
7FFF
00FF
00FE
01FC
03FC
07F8
0FF0
0FE0
1FE0
3FC0
7F80
7F00
FFFF
FFFF
FFFF
FFFF
7FFF
ENDCHAR
STARTCHAR 017A
ENCODING 378
SWIDTH 480 0
DWIDTH 16 0
BBX 14 25 1 0
BITMAP
00E0
03E0
07F0
0FE0
1FE0
1F80
0E00
0000
0000
7FF8
FFFC
FFFC
FFF8
7FF8
03F0
07E0
0FC0
1FC0
1F80
3F00
7FFC
FFFC
FFFC
FFFC
7FFC
ENDCHAR
STARTCHAR 017B
ENCODING 379
SWIDTH 540 0
DWIDTH 18 0
BBX 16 29 1 0
BITMAP
01C0
03E0
07E0
07E0
03E0
01C0
0000
0000
7FFE
FFFF
FFFF
7FFF
7FFF
00FF
00FE
01FC
03FC
07F8
0FF0
0FE0
1FE0
3FC0
7F80
7F00
FFFF
FFFF
FFFF
FFFF
7FFF
ENDCHAR
STARTCHAR 017C
ENCODING 380
SWIDTH 480 0
DWIDTH 16 0
BBX 14 24 1 0
BITMAP
0780
0FC0
0FC0
0FC0
0FC0
0780
0000
0000
7FF8
FFFC
FFFC
FFF8
7FF8
03F0
07E0
0FC0
1FC0
1F80
3F00
7FFC
FFFC
FFFC
FFFC
7FFC
ENDCHAR
STARTCHAR 017D
ENCODING 381
SWIDTH 540 0
DWIDTH 18 0
BBX 16 29 1 0
BITMAP
1C18
1F3C
1FFC
0FFC
07F0
03E0
0080
0000
7FFE
FFFF
FFFF
7FFF
7FFF
00FF
00FE
01FC
03FC
07F8
0FF0
0FE0
1FE0
3FC0
7F80
7F00
FFFF
FFFF
FFFF
FFFF
7FFF
ENDCHAR
STARTCHAR 017E
ENCODING 382
SWIDTH 480 0
DWIDTH 16 0
BBX 14 25 1 0
BITMAP
3870
7CF8
7FF8
3FF0
1FE0
0FC0
0780
0000
0000
7FF8
FFFC
FFFC
FFF8
7FF8
03F0
07E0
0FC0
1FC0
1F80
3F00
7FFC
FFFC
FFFC
FFFC
7FFC
ENDCHAR
STARTCHAR 018F
ENCODING 399
SWIDTH 660 0
DWIDTH 22 0
BBX 20 22 1 0
BITMAP
008000
1FFC00
3FFF00
7FFF80
7FFFC0
7C1FC0
2007E0
0007E0
0007F0
03FFF0
3FFFF0
7FFFF0
FFFFF0
FF83F0
FC03F0
7C03F0
7E07E0
7FFFE0
3FFFC0
1FFF80
0FFF00
01FC00
ENDCHAR
STARTCHAR 0192
ENCODING 402
SWIDTH 540 0
DWIDTH 18 0
BBX 18 27 0 -4
BITMAP
003F00
00FF80
01FFC0
01FFC0
03FF80
03F000
03E000
03E000
03FF00
07FF00
07FF80
07FF00
07FF00
07E000
07E000
07E000
07C000
07C000
07C000
0FC000
0FC000
0FC000
FFC000
FF8000
FF8000
FF0000
7C0000
ENDCHAR
STARTCHAR 01A0
ENCODING 416
SWIDTH 750 0
DWIDTH 25 0
BBX 25 22 1 0
BITMAP
00200F00
03FF0F80
0FFF8F80
1FFFCF80
3FFFFF80
7F87FF00
7E03FF00
7E03FE00
FC01F800
FC01F800
FC01F800
FC01F800
FC01F800
FC01F800
7E01F800
7E03F000
7F07F000
3FFFF000
3FFFE000
1FFFC000
07FF8000
01FC0000
ENDCHAR
STARTCHAR 01A1
ENCODING 417
SWIDTH 660 0
DWIDTH 22 0
BBX 21 21 1 0
BITMAP
000020
0000F0
0000F8
0000F8
0080F8
0FF8F0
1FFDF0
3FFFF0
7FFFE0
7E3FC0
FC1F80
FC1F80
FC0F80
FC0F80
FC1F80
FE1F80
7FFF80
7FFF00
3FFE00
1FFC00
07F000
ENDCHAR
STARTCHAR 01AF
ENCODING 431
SWIDTH 780 0
DWIDTH 26 0
BBX 24 22 2 0
BITMAP
00000F
F80F9F
FC0FDF
FC0FDF
FC0FFF
FC0FFF
FC0FFE
FC0FFC
FC0FF8
FC0FC0
FC0FC0
FC0FC0
FC0FC0
FC0FC0
FC0FC0
FC0FC0
FC1F80
7FFF80
7FFF80
3FFF00
1FFE00
07F000
ENDCHAR
STARTCHAR 01B0
ENCODING 432
SWIDTH 720 0
DWIDTH 24 0
BBX 22 21 2 0
BITMAP
000010
000078
00007C
00007C
00007C
F83EF8
F83EF8
F83FF0
F83FF0
F83FE0
F83F80
F83E00
F83E00
F83E00
F83E00
FC3E00
FFFE00
FFFE00
7FFE00
3FFC00
0FF000
ENDCHAR
STARTCHAR 01CD
ENCODING 461
SWIDTH 630 0
DWIDTH 21 0
BBX 19 29 1 0
BITMAP
0E0C00
0F3E00
0FFE00
0FFC00
07F800
01F000
004000
000000
01F000
07FC00
07FC00
0FFC00
0FFE00
0FFE00
1FBE00
1FBF00
1F3F00
3F1F00
3F1F00
3F1F80
3E1F80
7FFF80
7FFFC0
7FFFC0
FFFFC0
FC0FC0
FC07E0
FC07E0
F807E0
ENDCHAR
STARTCHAR 01CE
ENCODING 462
SWIDTH 540 0
DWIDTH 18 0
BBX 15 26 1 0
BITMAP
0820
3C38
3E7C
3FFC
1FF8
0FF0
07E0
0080
0000
0100
3FF0
7FFC
7FFE
7FFE
207E
003E
0FFE
7FFE
7FFE
FC3E
F83E
FFFE
FFFE
7FFE
3FFC
0FF0
ENDCHAR
STARTCHAR 01CF
ENCODING 463
SWIDTH 300 0
DWIDTH 10 0
BBX 11 29 -1 0
BITMAP
70E0
F9E0
FFE0
7FE0
3FC0
1F00
0400
0000
1F00
1F80
1F80
1F80
1F80
1F80
1F80
1F80
1F80
1F80
1F80
1F80
1F80
1F80
1F80
1F80
1F80
1F80
1F80
1F80
0F80
ENDCHAR
STARTCHAR 01D0
ENCODING 464
SWIDTH 270 0
DWIDTH 9 0
BBX 11 26 -1 0
BITMAP
4080
F0E0
FBE0
FFE0
7FE0
3F80
1F00
0400
0000
0000
1F00
1F00
1F00
1F00
1F00
1F00
1F00
1F00
1F00
1F00
1F00
1F00
1F00
1F00
1F00
0F00
ENDCHAR
STARTCHAR 01D1
ENCODING 465
SWIDTH 690 0
DWIDTH 23 0
BBX 21 30 1 0
BITMAP
020400
078F00
07DF00
07FF00
03FE00
01FC00
007000
000000
002000
03FE00
0FFF80
1FFFC0
3FFFE0
7F87F0
7E03F0
7E03F8
FC01F8
FC01F8
FC01F8
FC01F8
FC01F8
FC01F8
7E01F8
7E03F0
7F07F0
3FFFE0
3FFFE0
1FFFC0
07FF00
01FC00
ENDCHAR
STARTCHAR 01D2
ENCODING 466
SWIDTH 570 0
DWIDTH 19 0
BBX 17 26 1 0
BITMAP
081000
1E1C00
1F7C00
1FFC00
0FFC00
07F000
03E000
008000
000000
008000
0FF800
1FFE00
3FFF00
7FFF00
7E3F80
FC1F80
FC1F80
FC0F80
FC0F80
FC1F80
FE1F80
7FFF80
7FFF00
3FFE00
1FFC00
07F000
ENDCHAR
STARTCHAR 01D3
ENCODING 467
SWIDTH 660 0
DWIDTH 22 0
BBX 18 30 2 0
BITMAP
081000
1E3C00
1F7C00
1FFC00
0FF800
07F000
01C000
000000
000000
F80F80
FC0FC0
FC0FC0
FC0FC0
FC0FC0
FC0FC0
FC0FC0
FC0FC0
FC0FC0
FC0FC0
FC0FC0
FC0FC0
FC0FC0
FC0FC0
FC0FC0
FE1FC0
7FFF80
7FFF80
3FFF00
1FFE00
07F000
ENDCHAR
STARTCHAR 01D4
ENCODING 468
SWIDTH 570 0
DWIDTH 19 0
BBX 15 26 2 0
BITMAP
1020
3C78
3EF8
3FF8
1FF8
0FE0
07C0
0100
0000
0000
F83E
F83E
F83E
F83E
F83E
F83E
F83E
F83E
F83E
F83E
FC3E
FFFE
FFFE
7FFE
3FFC
0FF0
ENDCHAR
STARTCHAR 01D5
ENCODING 469
SWIDTH 660 0
DWIDTH 22 0
BBX 18 35 2 0
BITMAP
0FFC00
1FFC00
1FFC00
1FFC00
0FF800
000000
1E1C00
3F3E00
3F3E00
3F3E00
3F3E00
1E1C00
000000
000000
F80F80
FC0FC0
FC0FC0
FC0FC0
FC0FC0
FC0FC0
FC0FC0
FC0FC0
FC0FC0
FC0FC0
FC0FC0
FC0FC0
FC0FC0
FC0FC0
FC0FC0
FE1FC0
7FFF80
7FFF80
3FFF00
1FFE00
07F000
ENDCHAR
STARTCHAR 01D6
ENCODING 470
SWIDTH 570 0
DWIDTH 19 0
BBX 15 31 2 0
BITMAP
1FF8
3FF8
3FF8
3FF8
1FE0
0000
3C38
7E7C
7EFC
7EFC
7E7C
3C38
0000
0000
0000
F83E
F83E
F83E
F83E
F83E
F83E
F83E
F83E
F83E
F83E
FC3E
FFFE
FFFE
7FFE
3FFC
0FF0
ENDCHAR
STARTCHAR 01D7
ENCODING 471
SWIDTH 720 0
DWIDTH 24 0
BBX 20 30 2 0
BITMAP
001000
007800
70FDC0
F8FFE0
FDFBF0
FFF3F0
F9E3E0
71C1C0
000000
7C07C0
7E07E0
7E07E0
7E07E0
7E07E0
7E07E0
7E07E0
7E07E0
7E07E0
7E07E0
7E07E0
7E07E0
7E07E0
7E07E0
7E07E0
7F0FE0
3FFFC0
3FFFC0
1FFF80
0FFF00
01F800
ENDCHAR
STARTCHAR 01D8
ENCODING 472
SWIDTH 570 0
DWIDTH 19 0
BBX 15 32 2 0
BITMAP
0070
00F8
03F8
07F0
07E0
07C0
0100
3878
7C7C
7EFC
7EFC
7C7C
3C78
0000
0000
0000
F83E
F83E
F83E
F83E
F83E
F83E
F83E
F83E
F83E
F83E
FC3E
FFFE
FFFE
7FFE
3FFC
0FF0
ENDCHAR
STARTCHAR 01D9
ENCODING 473
SWIDTH 660 0
DWIDTH 22 0
BBX 18 35 2 0
BITMAP
0E1C00
1F3C00
1FFC00
0FFC00
07F800
03E000
1C0E00
3E1F00
7E1F80
7E1F00
3E1F00
1C0E00
000000
000000
F80F80
FC0FC0
FC0FC0
FC0FC0
FC0FC0
FC0FC0
FC0FC0
FC0FC0
FC0FC0
FC0FC0
FC0FC0
FC0FC0
FC0FC0
FC0FC0
FC0FC0
FE1FC0
7FFF80
7FFF80
3FFF00
1FFE00
07F000
ENDCHAR
STARTCHAR 01DA
ENCODING 474
SWIDTH 570 0
DWIDTH 19 0
BBX 15 32 2 0
BITMAP
3830
3C78
3FF8
3FF0
0FE0
07C0
0100
3878
7C7C
7EFC
7EFC
7C7C
3C78
0000
0000
0000
F83E
F83E
F83E
F83E
F83E
F83E
F83E
F83E
F83E
F83E
FC3E
FFFE
FFFE
7FFE
3FFC
0FF0
ENDCHAR
STARTCHAR 01DB
ENCODING 475
SWIDTH 720 0
DWIDTH 24 0
BBX 20 30 2 0
BITMAP
008000
01E000
73E1C0
FBF3E0
FDFBF0
FCFBF0
F87BE0
7031C0
000000
7C07C0
7E07E0
7E07E0
7E07E0
7E07E0
7E07E0
7E07E0
7E07E0
7E07E0
7E07E0
7E07E0
7E07E0
7E07E0
7E07E0
7E07E0
7F0FE0
3FFFC0
3FFFC0
1FFF80
0FFF00
01F800
ENDCHAR
STARTCHAR 01DC
ENCODING 476
SWIDTH 570 0
DWIDTH 19 0
BBX 15 32 2 0
BITMAP
1C00
3E00
3F00
3F80
1FC0
0780
0380
3878
7C7C
7EFC
7EFC
7C7C
3C78
0000
0000
0000
F83E
F83E
F83E
F83E
F83E
F83E
F83E
F83E
F83E
F83E
FC3E
FFFE
FFFE
7FFE
3FFC
0FF0
ENDCHAR
STARTCHAR 01E6
ENCODING 486
SWIDTH 660 0
DWIDTH 22 0
BBX 19 30 1 0
BITMAP
020400
078F00
07DF00
07FF00
03FE00
01FC00
00F000
000000
001000
03FF80
07FFC0
1FFFC0
3FFFC0
3F81C0
7F0080
7E0000
FE0000
FC3FE0
FC3FE0
FC3FE0
FC3FE0
FC3FE0
7E03E0
7E03E0
7F03E0
3FFFE0
1FFFE0
0FFFE0
07FFC0
00FE00
ENDCHAR
STARTCHAR 01E7
ENCODING 487
SWIDTH 570 0
DWIDTH 19 0
BBX 16 31 1 -6
BITMAP
1C18
1E3C
3F7C
1FFC
07F0
03E0
0080
0000
0080
0FF8
3FFE
7FFF
7FFF
FE1F
FC1F
FC1F
FC1F
FC1F
FC1F
FFFF
7FFF
3FFF
1FFF
0FDF
001F
203F
7FFF
7FFE
7FFC
3FF8
0FE0
ENDCHAR
STARTCHAR 0218
ENCODING 536
SWIDTH 540 0
DWIDTH 18 0
BBX 16 30 1 -8
BITMAP
0080
0FFC
3FFE
7FFE
7FFE
FE0E
FC00
FE00
FFC0
7FF0
7FFC
3FFE
0FFE
01FF
007F
003F
603F
FFFF
FFFE
7FFE
7FFC
0FE0
0000
01C0
03E0
03E0
03E0
03E0
07C0
0780
ENDCHAR
STARTCHAR 0219
ENCODING 537
SWIDTH 480 0
DWIDTH 16 0
BBX 14 25 1 -8
BITMAP
0100
1FF0
7FF8
7FF8
FFF8
FC18
FC00
7FC0
3FF0
1FF8
01FC
407C
7FFC
FFFC
7FFC
7FF8
1FE0
0000
03C0
07E0
07C0
07C0
07C0
0F80
0F00
ENDCHAR
STARTCHAR 021A
ENCODING 538
SWIDTH 540 0
DWIDTH 18 0
BBX 17 29 1 -8
BITMAP
FFFF00
FFFF80
FFFF80
FFFF00
FFE000
07E000
07E000
07E000
07E000
07E000
07E000
07E000
07E000
07E000
07E000
07E000
07E000
07E000
07E000
07E000
03E000
000000
000000
03E000
07E000
07E000
07C000
07C000
0F8000
ENDCHAR
STARTCHAR 021B
ENCODING 539
SWIDTH 390 0
DWIDTH 13 0
BBX 10 28 2 -8
BITMAP
F000
F800
F800
F800
F800
FFC0
FFC0
FFC0
FFC0
F800
F800
F800
F800
F800
F800
FC00
FFC0
FFC0
7FC0
3F80
0400
0000
1F00
1F00
3F00
3E00
3E00
7C00
ENDCHAR
STARTCHAR 0237
ENCODING 567
SWIDTH 270 0
DWIDTH 9 0
BBX 8 22 0 -6
BITMAP
3E
3E
3F
3F
3F
3F
3F
3F
3F
3F
3F
3F
3F
3F
3F
3F
3F
3E
FE
FE
FC
78
ENDCHAR
STARTCHAR 0251
ENCODING 593
SWIDTH 570 0
DWIDTH 19 0
BBX 18 17 1 0
BITMAP
004000
0FFC00
1FFF00
3FFF00
7FFF80
7E1F80
FC1F80
FC1F80
FC1F80
FC1F80
FC1F80
FC1F80
7FFF80
7FFF80
3FFFC0
1FFF80
07E700
ENDCHAR
STARTCHAR 0259
ENCODING 601
SWIDTH 540 0
DWIDTH 18 0
BBX 16 17 1 0
BITMAP
0200
3FF0
7FF8
7FFC
7FFE
607E
003F
03FF
7FFF
FFFF
FF1F
FC3F
FFFE
7FFE
3FFC
1FF8
07E0
ENDCHAR
STARTCHAR 0261
ENCODING 609
SWIDTH 570 0
DWIDTH 19 0
BBX 16 23 1 -6
BITMAP
0080
0FF8
3FFE
7FFF
7FFF
FE1F
FC1F
FC1F
FC1F
FC1F
FC1F
FFFF
7FFF
3FFF
1FFF
0FDF
001F
203F
7FFF
7FFE
7FFC
3FF8
0FE0
ENDCHAR
STARTCHAR 02BB
ENCODING 699
SWIDTH 210 0
DWIDTH 7 0
BBX 6 9 1 13
BITMAP
3C
7C
78
F8
F8
F8
F8
F8
F8
ENDCHAR
STARTCHAR 02BC
ENCODING 700
SWIDTH 210 0
DWIDTH 7 0
BBX 6 9 1 13
BITMAP
78
FC
FC
FC
F8
F8
F8
F0
E0
ENDCHAR
STARTCHAR 02BE
ENCODING 702
SWIDTH 270 0
DWIDTH 9 0
BBX 7 11 1 12
BITMAP
70
FC
FC
3E
3E
1E
3E
3E
FC
FC
70
ENDCHAR
STARTCHAR 02BF
ENCODING 703
SWIDTH 270 0
DWIDTH 9 0
BBX 7 11 1 12
BITMAP
1C
7E
7E
F8
F8
F0
F8
F8
7E
7E
1E
ENDCHAR
STARTCHAR 02C6
ENCODING 710
SWIDTH 330 0
DWIDTH 11 0
BBX 12 7 0 18
BITMAP
0F00
3F80
7FC0
FFE0
FBF0
F1E0
60E0
ENDCHAR
STARTCHAR 02C7
ENCODING 711
SWIDTH 360 0
DWIDTH 12 0
BBX 12 7 0 18
BITMAP
60C0
F9E0
FFF0
FFE0
3FC0
1F80
0F00
ENDCHAR
STARTCHAR 02C8
ENCODING 712
SWIDTH 330 0
DWIDTH 11 0
BBX 4 10 4 19
BITMAP
F0
F0
F0
F0
F0
F0
F0
F0
F0
F0
ENDCHAR
STARTCHAR 02C9
ENCODING 713
SWIDTH 360 0
DWIDTH 12 0
BBX 12 5 0 19
BITMAP
3FE0
7FE0
FFF0
7FE0
7FE0
ENDCHAR
STARTCHAR 02CA
ENCODING 714
SWIDTH 300 0
DWIDTH 10 0
BBX 8 7 1 18
BITMAP
0E
1F
3F
FF
FE
F8
70
ENDCHAR
STARTCHAR 02CB
ENCODING 715
SWIDTH 300 0
DWIDTH 10 0
BBX 8 8 1 18
BITMAP
40
F0
F8
FC
FF
3F
1F
0E
ENDCHAR
STARTCHAR 02CC
ENCODING 716
SWIDTH 390 0
DWIDTH 13 0
BBX 4 10 4 -13
BITMAP
F0
F0
F0
F0
F0
F0
F0
F0
F0
F0
ENDCHAR
STARTCHAR 02D8
ENCODING 728
SWIDTH 330 0
DWIDTH 11 0
BBX 11 6 0 19
BITMAP
60C0
FFE0
FFE0
FFE0
7FC0
3F80
ENDCHAR
STARTCHAR 02D9
ENCODING 729
SWIDTH 210 0
DWIDTH 7 0
BBX 6 6 0 18
BITMAP
38
7C
FC
FC
7C
38
ENDCHAR
STARTCHAR 02DA
ENCODING 730
SWIDTH 270 0
DWIDTH 9 0
BBX 9 8 0 18
BITMAP
1E00
7F00
7F80
F380
F380
7F80
7F00
3E00
ENDCHAR
STARTCHAR 02DB
ENCODING 731
SWIDTH 240 0
DWIDTH 8 0
BBX 8 9 0 -7
BITMAP
10
3C
7C
7C
FE
FF
7F
7E
3E
ENDCHAR
STARTCHAR 02DC
ENCODING 732
SWIDTH 360 0
DWIDTH 12 0
BBX 12 6 0 19
BITMAP
7860
FFF0
FFF0
FFF0
FFF0
63E0
ENDCHAR
STARTCHAR 02DD
ENCODING 733
SWIDTH 480 0
DWIDTH 16 0
BBX 14 8 1 18
BITMAP
0810
3E3C
3E7C
7EFC
FCFC
F9F8
F1F0
60E0
ENDCHAR
STARTCHAR 0300
ENCODING 768
SWIDTH 300 0
DWIDTH 10 0
BBX 8 8 1 18
BITMAP
40
F0
F8
FC
FF
3F
1F
0E
ENDCHAR
STARTCHAR 0301
ENCODING 769
SWIDTH 300 0
DWIDTH 10 0
BBX 8 7 1 18
BITMAP
0E
1F
3F
FF
FE
F8
70
ENDCHAR
STARTCHAR 0302
ENCODING 770
SWIDTH 330 0
DWIDTH 11 0
BBX 12 7 0 18
BITMAP
0F00
3F80
7FC0
FFE0
FBF0
F1E0
60E0
ENDCHAR
STARTCHAR 0303
ENCODING 771
SWIDTH 0 0
DWIDTH 0 0
BBX 12 6 -12 19
BITMAP
7860
FFF0
FFF0
FFF0
FFF0
63E0
ENDCHAR
STARTCHAR 0304
ENCODING 772
SWIDTH 330 0
DWIDTH 11 0
BBX 12 5 0 19
BITMAP
3FE0
7FE0
FFF0
7FE0
7FE0
ENDCHAR
STARTCHAR 0306
ENCODING 774
SWIDTH 330 0
DWIDTH 11 0
BBX 11 6 0 19
BITMAP
60C0
FFE0
FFE0
FFE0
7FC0
3F80
ENDCHAR
STARTCHAR 0307
ENCODING 775
SWIDTH 210 0
DWIDTH 7 0
BBX 6 6 0 18
BITMAP
38
7C
FC
FC
7C
38
ENDCHAR
STARTCHAR 0308
ENCODING 776
SWIDTH 390 0
DWIDTH 13 0
BBX 13 6 0 18
BITMAP
70E0
F9F0
F9F8
F9F8
F9F0
70F0
ENDCHAR
STARTCHAR 0309
ENCODING 777
SWIDTH 270 0
DWIDTH 9 0
BBX 7 7 1 19
BITMAP
78
FC
FE
4E
1C
38
70
ENDCHAR
STARTCHAR 030A
ENCODING 778
SWIDTH 270 0
DWIDTH 9 0
BBX 9 8 0 18
BITMAP
1E00
7F00
7F80
F380
F380
7F80
7F00
3E00
ENDCHAR
STARTCHAR 030B
ENCODING 779
SWIDTH 480 0
DWIDTH 16 0
BBX 14 8 1 18
BITMAP
0810
3E3C
3E7C
7EFC
FCFC
F9F8
F1F0
60E0
ENDCHAR
STARTCHAR 030C
ENCODING 780
SWIDTH 360 0
DWIDTH 12 0
BBX 12 7 0 18
BITMAP
60C0
F9E0
FFF0
FFE0
3FC0
1F80
0F00
ENDCHAR
STARTCHAR 031B
ENCODING 795
SWIDTH 210 0
DWIDTH 7 0
BBX 6 9 0 11
BITMAP
3C
3C
7C
7C
7C
7C
F8
70
60
ENDCHAR
STARTCHAR 0323
ENCODING 803
SWIDTH 210 0
DWIDTH 7 0
BBX 6 6 0 18
BITMAP
38
7C
FC
7C
7C
38
ENDCHAR
STARTCHAR 0324
ENCODING 804
SWIDTH 360 0
DWIDTH 12 0
BBX 12 6 0 -8
BITMAP
70E0
F9F0
F9F0
F9F0
F9F0
70E0
ENDCHAR
STARTCHAR 0326
ENCODING 806
SWIDTH 210 0
DWIDTH 7 0
BBX 7 7 0 -9
BITMAP
3C
7E
7C
7C
7C
F8
F0
ENDCHAR
STARTCHAR 0327
ENCODING 807
SWIDTH 180 0
DWIDTH 6 0
BBX 7 8 0 -7
BITMAP
30
78
7C
7C
7E
FC
FC
78
ENDCHAR
STARTCHAR 0328
ENCODING 808
SWIDTH 240 0
DWIDTH 8 0
BBX 7 8 0 -7
BITMAP
18
7C
7C
FC
FC
7E
7C
38
ENDCHAR
STARTCHAR 032E
ENCODING 814
SWIDTH 360 0
DWIDTH 12 0
BBX 11 6 0 -7
BITMAP
60C0
FFE0
FFE0
FFE0
7FC0
3F80
ENDCHAR
STARTCHAR 0331
ENCODING 817
SWIDTH 360 0
DWIDTH 12 0
BBX 12 5 0 -6
BITMAP
3FE0
FFF0
FFF0
FFF0
7FE0
ENDCHAR
STARTCHAR 03C0
ENCODING 960
SWIDTH 660 0
DWIDTH 22 0
BBX 20 16 1 0
BITMAP
7FFFF0
FFFFF0
FFFFF0
FFFFE0
1F0F80
1F0F80
1F0F80
1F0F80
1F0F80
1F0F80
1F0F80
1F0F80
1F0FE0
1F0FE0
1F0FE0
0F07C0
ENDCHAR
STARTCHAR 0900
ENCODING 2304
SWIDTH 0 0
DWIDTH 0 0
BBX 12 10 -11 23
BITMAP
0200
7FE0
FFF0
FFF0
FFF0
6470
0F00
0F00
0F00
0400
ENDCHAR
STARTCHAR 0901
ENCODING 2305
SWIDTH 0 0
DWIDTH 0 0
BBX 12 11 -11 22
BITMAP
0400
0F00
0F00
0F00
4420
E070
FFF0
FFF0
7FF0
3FC0
0600
ENDCHAR
STARTCHAR 0902
ENCODING 2306
SWIDTH 0 0
DWIDTH 0 0
BBX 6 6 -8 23
BITMAP
78
FC
FC
FC
78
10
ENDCHAR
STARTCHAR 0903
ENCODING 2307
SWIDTH 240 0
DWIDTH 8 0
BBX 10 20 -1 1
BITMAP
FF80
FFC0
FFC0
FFC0
0000
0000
1E00
3F00
3F00
3F00
1E00
0800
0000
0000
1E00
3F00
3F00
3F00
1E00
0800
ENDCHAR
STARTCHAR 0904
ENCODING 2308
SWIDTH 780 0
DWIDTH 26 0
BBX 26 32 1 -1
BITMAP
00F00000
01F00000
01FF0000
01FFF000
01FFF800
00FFFC00
0007FC00
00007C00
00003E00
00003C00
1FC1FFC0
7FF3FFC0
7FFBFFC0
7FF9FFC0
31F87E00
00FC7E00
00F87E00
1FF87E00
1FF3FE00
1FFFFE00
1FFFFE00
1FFFFE00
00FFFE00
00F87E00
40FC7E00
E0FC7E00
FFFC7E00
FFF87E00
FFF87E00
3FE07E00
02007E00
00003C00
ENDCHAR
STARTCHAR 0905
ENCODING 2309
SWIDTH 780 0
DWIDTH 26 0
BBX 26 22 1 -1
BITMAP
1FC1FFC0
7FE3FFC0
7FF3FFC0
7FF9FFC0
71F87E00
20FC7E00
00F87E00
00F87E00
1FF87E00
1FFFFE00
1FFFFE00
1FFFFE00
1FFFFE00
00F9FE00
00FC7E00
40FC7E00
FFFC7E00
FFFC7E00
FFF87E00
7FF07E00
02007E00
00003C00
ENDCHAR
STARTCHAR 0906
ENCODING 2310
SWIDTH 1080 0
DWIDTH 36 0
BBX 36 22 1 -1
BITMAP
1FC1FFFFE0
7FE3FFFFF0
7FF3FFFFF0
7FF9FFFFF0
71F87E1F00
20FC7E1F00
00F87E1F00
00F87E1F00
1FF87E1F00
1FFFFE1F00
1FFFFE1F00
1FFFFE1F00
1FFFFE1F00
00F9FE1F00
00FC7E1F00
40FC7E1F00
FFFC7E1F00
FFFC7E1F00
FFF87E1F00
7FF07E1F00
02007E1F00
00003C0F00
ENDCHAR
STARTCHAR 0907
ENCODING 2311
SWIDTH 540 0
DWIDTH 18 0
BBX 21 27 -1 -6
BITMAP
FFFFF0
FFFFF8
FFFFF8
FFFFF0
001F80
01FF80
0FFF80
1FFF80
1FFF80
3FFE00
3F1000
1F7F00
1FFF80
0FFFC0
07FFC0
1007C0
3807C0
3E0FC0
3FFFC0
3FFF80
1FFF00
03FC00
03F000
01F800
01FC00
00FC00
007800
ENDCHAR
STARTCHAR 0908
ENCODING 2312
SWIDTH 540 0
DWIDTH 18 0
BBX 21 36 -1 -6
BITMAP
000100
000FC0
001FE0
003FE0
003FC0
003E00
003E00
003E00
001E00
FFFFF0
FFFFF8
FFFFF8
FFFFF0
001F80
00FF80
0FFF80
1FFF80
1FFF80
3FFE00
3F1000
3F7F00
1FFF80
0FFFC0
07FFC0
0307C0
1807C0
3E0FC0
3FFFC0
3FFF80
1FFF00
07FC00
03E000
01F800
01FC00
00FC00
007800
ENDCHAR
STARTCHAR 0909
ENCODING 2313
SWIDTH 480 0
DWIDTH 16 0
BBX 19 22 -1 -1
BITMAP
FFFFC0
FFFFE0
FFFFE0
FFFFE0
007E00
003E00
003E00
003E00
07FE00
0FFC00
0FF800
0FFE00
07FE00
003F00
001F00
101F00
303F00
3C7F00
3FFF00
3FFE00
1FFC00
07F000
ENDCHAR
STARTCHAR 090A
ENCODING 2314
SWIDTH 780 0
DWIDTH 26 0
BBX 28 22 -1 -1
BITMAP
FFFFFFF0
FFFFFFF0
FFFFFFF0
FFFFFFF0
007E0000
003E0000
003E0000
003E0000
07FE0000
0FFC1000
0FF9FE00
0FFFFF00
07FFFF80
003FFF80
001F0FC0
101F0FC0
303F0FC0
3C7F0FC0
3FFE3FC0
3FFE3F80
1FFC1F00
07F01E00
ENDCHAR
STARTCHAR 090B
ENCODING 2315
SWIDTH 840 0
DWIDTH 28 0
BBX 30 22 -1 -1
BITMAP
FFFFFFF8
FFFFFFFC
FFFFFFFC
FFFFFFF8
000F8000
000F8780
1F0F87C0
3FCF8FC0
3FFF9FC0
3FFFFFC0
3FFFFFC0
007FFFE0
001FFFE0
00FFF3F0
03FF83F0
0FFF83F0
1FFF9FF0
1FCF9FE0
1F8F8FC0
040F8780
000F8000
00078000
ENDCHAR
STARTCHAR 090C
ENCODING 2316
SWIDTH 780 0
DWIDTH 26 0
BBX 28 26 -1 -5
BITMAP
FFFFFFF0
FFFFFFF0
FFFFFFF0
FFFFFFF0
00007C00
00007C00
00407C00
07FBFE00
0FFFFF00
1FFFFF80
1FFFFFC0
3F1F8FC0
3F1F07C0
3F1F0FC0
3F1F1FC0
3F063FC0
3F807F80
1FC0FF00
1FF1FC00
0FF1F800
07F1F080
03E1FFC0
0000FFC0
0000FFC0
00007F80
00000400
ENDCHAR
STARTCHAR 090D
ENCODING 2317
SWIDTH 570 0
DWIDTH 19 0
BBX 21 32 -1 -2
BITMAP
020200
070700
07FF80
07FF80
07FF00
03FE00
002000
000000
000000
FFFFF8
FFFFF8
FFFFF8
FFFFF8
1F07C0
1F07C0
1F07C0
1F07C0
1F07E0
1F07E0
1F07C0
1F07C0
1F0FC0
1F0780
1F8000
1FE000
0FF800
03FF00
01FF80
007FC0
001FC0
000FC0
0003C0
ENDCHAR
STARTCHAR 090E
ENCODING 2318
SWIDTH 570 0
DWIDTH 19 0
BBX 21 33 -1 -2
BITMAP
0F0000
1F0000
1FC000
1FFE00
1FFF00
0FFF80
03FF80
000FC0
0007C0
000780
FFFFF8
FFFFF8
FFFFF8
FFFFF8
1F07C0
1F07C0
1F07C0
1F07C0
1F07E0
1F07E0
1F07C0
1F07C0
1F0FC0
1F0780
1FC000
1FF000
0FFC00
03FF00
01FF80
007FC0
001FC0
000FC0
0003C0
ENDCHAR
STARTCHAR 090F
ENCODING 2319
SWIDTH 570 0
DWIDTH 19 0
BBX 21 23 -1 -2
BITMAP
FFFFF8
FFFFF8
FFFFF8
FFFFF8
1F07C0
1F07C0
1F07C0
1F07C0
1F07E0
1F07E0
1F07C0
1F07C0
1F0FC0
1F0780
1FC000
1FF000
0FFC00
03FF00
01FF80
007FC0
001FC0
000FC0
0003C0
ENDCHAR
STARTCHAR 0910
ENCODING 2320
SWIDTH 570 0
DWIDTH 19 0
BBX 21 33 -1 -2
BITMAP
03C000
07E000
07F000
07F800
03FC00
00FE00
007E00
003F00
001F00
000F00
FFFFF8
FFFFF8
FFFFF8
FFFFF8
1F07C0
1F07C0
1F07C0
1F07E0
1F07E0
1F07E0
1F07C0
1F0FC0
1F0780
1F8000
1FE000
1FF800
07FE00
03FF80
00FFC0
003FC0
001FC0
0007C0
000380
ENDCHAR
STARTCHAR 0911
ENCODING 2321
SWIDTH 1080 0
DWIDTH 36 0
BBX 36 30 1 -1
BITMAP
0000080C00
00001FFE00
00001FFE00
00001FFE00
00000FFC00
000000C000
0000000000
0000000000
1FC1FFFFE0
7FE3FFFFF0
7FF3FFFFF0
7FF9FFFFF0
31F87E1F00
00FC7E1F00
00F87E1F00
00F87E1F00
1FF07E1F00
1FFFFE1F00
1FFFFE1F00
1FFFFE1F00
1FFFFE1F00
00F9FE1F00
00FC7E1F00
60FC7E1F00
FFFC7E1F00
FFFC7E1F00
FFF87E1F00
7FF07E1F00
02007E1F00
00003C0F00
ENDCHAR
STARTCHAR 0912
ENCODING 2322
SWIDTH 1080 0
DWIDTH 36 0
BBX 36 32 1 -1
BITMAP
0000380000
0000780000
0000FFC000
0000FFFC00
00007FFE00
00007FFF00
000007FF00
0000001F00
0000001F00
0000001F00
1FC1FFFFE0
7FF3FFFFF0
7FFBFFFFF0
7FF9FFFFF0
31F87E1F00
00FC7E1F00
00F87E1F00
00F87E1F00
1FF07E1F00
1FFFFE1F00
1FFFFE1F00
1FFFFE1F00
1FFFFE1F00
00F9FE1F00
40FC7E1F00
E0FC7E1F00
FFFC7E1F00
FFF87E1F00
FFF87E1F00
3FF07E1F00
02007E1F00
00003C0F00
ENDCHAR
STARTCHAR 0913
ENCODING 2323
SWIDTH 1080 0
DWIDTH 36 0
BBX 36 32 1 -1
BITMAP
0000078000
00000FC000
00000FE000
00000FF000
000007F800
000003F800
000000FC00
0000007C00
0000003E00
0000003E00
1FC1FFFFE0
7FF3FFFFF0
7FFBFFFFF0
7FF9FFFFF0
01FC7E1F00
00FC7E1F00
00F87E1F00
1FF07E1F00
1FFFFE1F00
1FFFFE1F00
1FFFFE1F00
1FFFFE1F00
00F9FE1F00
00FC7E1F00
60FC7E1F00
FFFC7E1F00
FFFC7E1F00
FFF87E1F00
7FF07E1F00
02007E1F00
00007C1F00
0000380E00
ENDCHAR
STARTCHAR 0914
ENCODING 2324
SWIDTH 1080 0
DWIDTH 36 0
BBX 36 32 1 -1
BITMAP
0000003800
0000007C00
000000FE00
0000003E00
00000F1F00
00001FDF00
00001FEF00
00001FEF00
000003F700
0000007F00
1FC1FFFFE0
7FE3FFFFF0
7FF3FFFFF0
7FF9FFFFF0
71F87E1F00
20FC7E1F00
00F87E1F00
00F87E1F00
1FF87E1F00
1FFFFE1F00
1FFFFE1F00
1FFFFE1F00
1FFFFE1F00
00F9FE1F00
00FC7E1F00
40FC7E1F00
FFFC7E1F00
FFFC7E1F00
FFF87E1F00
7FF07E1F00
02007E1F00
00003C0F00
ENDCHAR
STARTCHAR 0915
ENCODING 2325
SWIDTH 840 0
DWIDTH 28 0
BBX 30 22 -1 -1
BITMAP
FFFFFFFC
FFFFFFFC
FFFFFFFC
FFFFFFFC
000FC000
010FC400
07EFFF80
1FEFFFC0
1FEFFFE0
3FEFFFE0
3F0FC3F0
3F0FC3F0
3F0FC3F0
3F0FC3F0
3FFFDFE0
1FFFDFE0
0FFFDFC0
07FFDF80
008FC400
000FC000
000FC000
00078000
ENDCHAR
STARTCHAR 0916
ENCODING 2326
SWIDTH 870 0
DWIDTH 29 0
BBX 31 22 -1 -1
BITMAP
FFFFFFFE
FFFFFFFE
FFFFFFFE
FFFFFFFE
03E003F0
03F023F0
01F1FBF0
01F3FBF0
03F7FBF0
27F7F3F0
3FF7C3F0
7FE7C3F0
3FC7FFF0
3F03FFF0
0F83FFF0
0FC1FFF0
07F013F0
07FE03F0
03FF03F0
01FE03F0
00FE03F0
003C01E0
ENDCHAR
STARTCHAR 0917
ENCODING 2327
SWIDTH 630 0
DWIDTH 21 0
BBX 23 22 -1 -1
BITMAP
FFFFFC
FFFFFE
FFFFFE
FFFFFC
07C3E0
07C3E0
07E3E0
07E3E0
07E3E0
07E3E0
07E3E0
0FE3E0
3FE3E0
7FC3E0
3FC3E0
3F83E0
1E03E0
0003E0
0003E0
0003E0
0003E0
0001E0
ENDCHAR
STARTCHAR 0918
ENCODING 2328
SWIDTH 660 0
DWIDTH 22 0
BBX 25 22 -2 -1
BITMAP
7FFFFF00
FFFFFF80
FFFFFF80
7FFFFF80
1F80FC00
1F80FC00
1F80FC00
1FF8FC00
0FFCFC00
03FCFC00
07FCFC00
0FF8FC00
0F80FC00
1F80FC00
0FFFFC00
0FFFFC00
07FFFC00
03FFFC00
0030FC00
0000FC00
0000FC00
00007800
ENDCHAR
STARTCHAR 0919
ENCODING 2329
SWIDTH 660 0
DWIDTH 22 0
BBX 25 22 -1 -1
BITMAP
FFFFFF80
FFFFFF80
FFFFFF80
FFFFFF80
000F8000
01FF8000
0FFF8000
1FFF8000
1FFF9E00
3FFE3F00
3F103F00
1F7F3F00
1FFF9E00
0FFFC800
07FFC000
1007C000
3807C000
3E0FC000
3FFFC000
3FFF8000
1FFF0000
03FC0000
ENDCHAR
STARTCHAR 091A
ENCODING 2330
SWIDTH 690 0
DWIDTH 23 0
BBX 25 22 -1 -1
BITMAP
FFFFFF00
FFFFFF80
FFFFFF80
FFFFFF80
0000FC00
0000FC00
3FF8FC00
3FFCFC00
3FFCFC00
3FFCFC00
1FFCFC00
0FC0FC00
0FC0FC00
0FC1FC00
0FFFFC00
0FFFFC00
07FFFC00
01FFFC00
0010FC00
0000FC00
0000FC00
00007800
ENDCHAR
STARTCHAR 091B
ENCODING 2331
SWIDTH 750 0
DWIDTH 25 0
BBX 28 22 -2 -1
BITMAP
7FFFFFF0
FFFFFFF0
FFFFFFF0
7FFFFFF0
0FC01E00
1F801E00
1F807F00
1F80FF80
0FF9FFC0
07F9FFC0
03F9E3C0
07F9F3C0
0FF9FFC0
0FC0FFC0
0F807FC0
0F801FC0
0FC01F80
0FE07F80
07FFFF00
03FFFE00
01FFF800
003FE000
ENDCHAR
STARTCHAR 091C
ENCODING 2332
SWIDTH 750 0
DWIDTH 25 0
BBX 27 22 -1 -1
BITMAP
FFFFFFE0
FFFFFFE0
FFFFFFE0
FFFFFFE0
00003F00
00003F00
07FFFF00
07FFFF00
0FFFFF00
0FFFFF00
07FFFF00
007E3F00
003F3F00
103F3F00
383F3F00
7FFF3F00
3FFE3F00
3FFE3F00
1FF83F00
01803F00
00003F00
00001E00
ENDCHAR
STARTCHAR 091D
ENCODING 2333
SWIDTH 810 0
DWIDTH 27 0
BBX 29 27 -1 -6
BITMAP
FFFFFFF8
FFFFFFF8
FFFFFFF8
FFFFFFF8
001F87C0
01FF87C0
0FFF87C0
1FFF87C0
1FFF87C0
3FFE07C0
3F1007C0
1F7F07C0
1FFFFFC0
0FFFFFC0
07FFFFC0
1007FFC0
3807C7C0
3E0FC7C0
3FFFC7C0
3FFF87C0
1FFF07C0
03FC0780
03F00000
01F80000
01FC0000
00FC0000
00780000
ENDCHAR
STARTCHAR 091E
ENCODING 2334
SWIDTH 690 0
DWIDTH 23 0
BBX 25 22 -1 -1
BITMAP
FFFFFF80
FFFFFF80
FFFFFF80
FFFFFF80
00007C00
00007C00
02007C00
1FE07C00
1FF07C00
1FF87C00
1FFFFC00
00FFFC00
00FFFC00
00FFFC00
30FF7C00
3FFC7C00
3FF87C00
3FF07C00
1FE07C00
02007C00
00007C00
00007800
ENDCHAR
STARTCHAR 091F
ENCODING 2335
SWIDTH 540 0
DWIDTH 18 0
BBX 20 22 -1 -1
BITMAP
FFFFF0
FFFFF0
FFFFF0
FFFFF0
001F80
001F80
003F80
03FF80
0FFF80
1FFF80
1FFE00
3F0000
3F0000
3F0000
3F0000
3F0000
3F0080
1FC3C0
1FFFC0
0FFFC0
07FF80
00FE00
ENDCHAR
STARTCHAR 0920
ENCODING 2336
SWIDTH 600 0
DWIDTH 20 0
BBX 23 22 -1 -1
BITMAP
FFFFFC
FFFFFE
FFFFFE
FFFFFC
001F00
001F00
003F00
03FF00
0FFF80
1FFFE0
1FFFE0
3F83F0
3F03F0
3F01F0
3F01F0
3F01F0
3F03F0
1F87F0
1FFFE0
0FFFC0
07FF80
00FE00
ENDCHAR
STARTCHAR 0921
ENCODING 2337
SWIDTH 540 0
DWIDTH 18 0
BBX 21 22 -1 -1
BITMAP
FFFFF0
FFFFF8
FFFFF8
FFFFF8
000F80
01FF80
0FFF80
1FFF80
1FFF80
3FFE00
3F1000
1F7F00
1FFF80
0FFFC0
07FFC0
1007C0
3807C0
3E0FC0
3FFFC0
3FFF80
1FFF00
03FC00
ENDCHAR
STARTCHAR 0922
ENCODING 2338
SWIDTH 570 0
DWIDTH 19 0
BBX 22 22 -1 -1
BITMAP
FFFFF8
FFFFFC
FFFFFC
FFFFFC
000FC0
000FC0
003FC0
07FFC0
0FFFC0
1FFFC0
1FFF00
3F0200
3F1FC0
3E3FE0
3E7FE0
3F7FF0
3F79F0
1FF9F0
0FFFE0
0FFFE0
03FFC0
00FF00
ENDCHAR
STARTCHAR 0923
ENCODING 2339
SWIDTH 780 0
DWIDTH 26 0
BBX 29 22 -1 -1
BITMAP
FFFFFFF0
FFFFFFF8
FFFFFFF8
FFFFFFF0
1F1F8F80
1F1F8F80
1F1F8F80
1F1F8F80
3F1F8F80
3F1F8F80
3F1F8F80
1F1F8F80
1FFF8F80
1FFF0F80
0FFE0F80
07FC0F80
00400F80
00000F80
00000F80
00000F80
00000F80
00000F00
ENDCHAR
STARTCHAR 0924
ENCODING 2340
SWIDTH 630 0
DWIDTH 21 0
BBX 23 22 -1 -1
BITMAP
FFFFFC
FFFFFE
FFFFFE
FFFFFE
0003E0
0003E0
0023E0
03FFE0
0FFFE0
1FFFE0
1FFFE0
1F83E0
3F03E0
3F03E0
3F03E0
3F03E0
3F03E0
1F83E0
1F83E0
0FC3E0
0FC3E0
0781E0
ENDCHAR
STARTCHAR 0925
ENCODING 2341
SWIDTH 690 0
DWIDTH 23 0
BBX 23 23 1 -1
BITMAP
020000
3FC3FE
7FE3FE
FFF3FE
FFF3FE
F9F3F0
F9FBF0
79F3F0
03F3F0
0FF3F0
FFE3F0
FFC3F0
FF03F0
FC03F0
7E07F0
7FFFF0
3FFFF0
1FFFF0
07FFF0
0043F0
0003F0
0003F0
0001E0
ENDCHAR
STARTCHAR 0926
ENCODING 2342
SWIDTH 540 0
DWIDTH 18 0
BBX 20 25 -1 -4
BITMAP
FFFFF0
FFFFF0
FFFFF0
FFFFF0
001F80
001F80
003F80
07FF80
0FFF80
1FFF80
1FFE00
3F0000
3F0780
3F0FC0
3F0FC0
3F0FC0
1FFFC0
1FFFC0
0FFF80
03FF80
003FC0
0007C0
0007F0
0003E0
0003C0
ENDCHAR
STARTCHAR 0927
ENCODING 2343
SWIDTH 690 0
DWIDTH 23 0
BBX 24 23 0 -1
BITMAP
010000
1FE1FE
3FF1FF
7FF9FF
7FF9FF
FCF9F8
FCF9F8
7C71F8
7E01F8
3FF1F8
1FF1F8
1FF1F8
3FF1F8
3FF1F8
7E01F8
7E03F8
3FFFF8
3FFFF8
1FFFF8
0FFDF8
0081F8
0001F8
0000F0
ENDCHAR
STARTCHAR 0928
ENCODING 2344
SWIDTH 600 0
DWIDTH 20 0
BBX 22 22 -1 -1
BITMAP
FFFFFC
FFFFFC
FFFFFC
FFFFFC
0007E0
0007E0
0007E0
0007E0
03FFE0
1FFFE0
3FFFE0
3FFFE0
3FFFE0
3F07E0
3F07E0
1E07E0
0007E0
0007E0
0007E0
0007E0
0007E0
0003C0
ENDCHAR
STARTCHAR 0929
ENCODING 2345
SWIDTH 600 0
DWIDTH 20 0
BBX 22 23 -1 -2
BITMAP
FFFFFC
FFFFFC
FFFFFC
FFFFFC
0007E0
0007E0
0007E0
0007E0
03FFE0
1FFFE0
3FFFE0
3FFFE0
3FFFE0
3F07E0
3F07E0
1E07E0
0007E0
0007E0
0707E0
0F87E0
0FC7E0
0F83C0
070000
ENDCHAR
STARTCHAR 092A
ENCODING 2346
SWIDTH 600 0
DWIDTH 20 0
BBX 22 22 -1 -1
BITMAP
FFFFF8
FFFFFC
FFFFFC
FFFFFC
3F07C0
3F07C0
3F07C0
3F07C0
3F07C0
1F07C0
1F07C0
1FFFC0
1FFFC0
0FFFC0
07FFC0
0067C0
0007C0
0007C0
0007C0
0007C0
0007C0
0003C0
ENDCHAR
STARTCHAR 092B
ENCODING 2347
SWIDTH 840 0
DWIDTH 28 0
BBX 31 22 -1 -1
BITMAP
FFFFFFFC
FFFFFFFC
FFFFFFFE
FFFFFFFC
3F07C000
3F07C000
3F07C400
3F07FF80
3F07FFE0
1F07FFE0
1F07FFF0
1FFFC3F0
1FFFC1F0
0FFFC1F0
07FFC3F0
0047CFF0
0007CFF0
0007CFE0
0007CFC0
0007C200
0007C000
00078000
ENDCHAR
STARTCHAR 092C
ENCODING 2348
SWIDTH 600 0
DWIDTH 20 0
BBX 22 22 -1 -1
BITMAP
FFFFFC
FFFFFC
FFFFFC
FFFFFC
0003E0
0083E0
07F3E0
0FF3E0
1FF3E0
3FF3E0
3FC3E0
3EE3E0
3E7BE0
3F1FE0
3FFFE0
1FFFE0
0FFFE0
07FFE0
0063E0
0003E0
0003E0
0003C0
ENDCHAR
STARTCHAR 092D
ENCODING 2349
SWIDTH 630 0
DWIDTH 21 0
BBX 24 23 -1 -1
BITMAP
080000
7F8FFE
FFCFFE
FFCFFF
FFCFFE
67E1F0
07E1F0
07E1F0
07E1F0
07E1F0
07FFF0
07FFF0
0FFFF0
3FFFF0
3FFFF0
3FC1F0
3F81F0
1F81F0
0201F0
0001F0
0001F0
0001F0
0001F0
ENDCHAR
STARTCHAR 092E
ENCODING 2350
SWIDTH 630 0
DWIDTH 21 0
BBX 23 22 -1 -1
BITMAP
FFFFFE
FFFFFE
FFFFFE
FFFFFE
07C1F0
07C1F0
07C1F0
07C1F0
07C1F0
0FFFF0
1FFFF0
3FFFF0
3FFFF0
3FFFF0
3F81F0
1F81F0
0401F0
0001F0
0001F0
0001F0
0001F0
0001E0
ENDCHAR
STARTCHAR 092F
ENCODING 2351
SWIDTH 660 0
DWIDTH 22 0
BBX 24 22 -1 -1
BITMAP
FFFFFE
FFFFFF
FFFFFF
FFFFFE
07E1F0
03E1F0
03F1F0
03F1F0
0FE1F0
3FE1F0
3FC1F0
3F01F0
3F03F0
1FFFF0
0FFFF0
07FFF0
03FFF0
0031F0
0001F0
0001F0
0001F0
0000F0
ENDCHAR
STARTCHAR 0930
ENCODING 2352
SWIDTH 420 0
DWIDTH 14 0
BBX 17 22 -1 -1
BITMAP
FFFF00
FFFF80
FFFF80
FFFF00
00F800
00FC00
00FC00
00FC00
00FC00
3FFC00
3FF800
7FF000
3FE000
1F8000
0F8000
07C000
07F000
07FC00
03FC00
03FC00
01FC00
007800
ENDCHAR
STARTCHAR 0931
ENCODING 2353
SWIDTH 420 0
DWIDTH 14 0
BBX 17 24 -1 -3
BITMAP
FFFF00
FFFF80
FFFF80
FFFF00
00F800
00FC00
00FC00
00FC00
00FC00
3FFC00
3FF800
7FF000
3FE000
1F8000
0F8000
07C000
07F000
07FC00
03FC00
7BFC00
7DFC00
FC7800
7C0000
780000
ENDCHAR
STARTCHAR 0932
ENCODING 2354
SWIDTH 780 0
DWIDTH 26 0
BBX 28 22 -1 -1
BITMAP
FFFFFFF0
FFFFFFF0
FFFFFFF0
FFFFFFF0
00001F80
00001F80
00405F80
07FBFF80
0FFFFF80
1FFFFF80
1FFFFF80
3F1F9F80
3F1F9F80
3F1F1F80
3F1F1F80
3F0E1F80
3F801F80
1FC01F80
1FF01F80
0FF01F80
07F01F80
01E00F00
ENDCHAR
STARTCHAR 0933
ENCODING 2355
SWIDTH 780 0
DWIDTH 26 0
BBX 28 21 -1 0
BITMAP
FFFFFFF0
FFFFFFF0
FFFFFFF0
FFFFFFF0
00007C00
00007C00
00807C00
07F9FE00
0FFFFF00
1FFFFF80
1FFFFFC0
3F0FCFC0
3F0F87C0
3F1F87C0
3F1F07C0
3F1F8FC0
1FFFFFC0
1FFFFF80
0FFFFF80
07F9FE00
00C01000
ENDCHAR
STARTCHAR 0934
ENCODING 2356
SWIDTH 780 0
DWIDTH 26 0
BBX 28 27 -1 -6
BITMAP
FFFFFFF0
FFFFFFF0
FFFFFFF0
FFFFFFF0
00007C00
00007C00
00807C00
07F9FE00
0FFFFF00
1FFFFF80
1FFFFFC0
3F0FCFC0
3F0F87C0
3F1F87C0
3F1F07C0
3F1F8FC0
1FFFFFC0
1FFFFF80
0FFFFF80
07F9FE00
00C01000
00000000
00070000
000F8000
000F8000
000F8000
00070000
ENDCHAR
STARTCHAR 0935
ENCODING 2357
SWIDTH 600 0
DWIDTH 20 0
BBX 22 22 -1 -1
BITMAP
FFFFFC
FFFFFC
FFFFFC
FFFFFC
0007E0
0087E0
07F7E0
0FF7E0
1FF7E0
3FF7E0
3F07E0
3F07E0
3F07E0
3F07E0
3FFFE0
1FFFE0
0FFFE0
07FFE0
0047E0
0007E0
0007E0
0003C0
ENDCHAR
STARTCHAR 0936
ENCODING 2358
SWIDTH 780 0
DWIDTH 26 0
BBX 26 22 1 -1
BITMAP
0FE1FF80
1FF1FFC0
3FF9FFC0
7FFCFFC0
7EFC7C00
7C7E7C00
7C7E7C00
7E7E7C00
3C7E7C00
00FC7C00
03FC7C00
FFF87C00
FFF87C00
FFF07C00
FFC07C00
3F007C00
1FC07C00
0FF07C00
0FF87C00
07F87C00
03F87C00
00F03C00
ENDCHAR
STARTCHAR 0937
ENCODING 2359
SWIDTH 600 0
DWIDTH 20 0
BBX 22 22 -1 -1
BITMAP
FFFFFC
FFFFFC
FFFFFC
FFFFFC
3F87E0
3FC7E0
3FF7E0
3F7FE0
3F3FE0
1F0FE0
1F07E0
1FFFE0
1FFFE0
0FFFE0
07FFE0
0067E0
0007E0
0007E0
0007E0
0007E0
0007E0
0003C0
ENDCHAR
STARTCHAR 0938
ENCODING 2360
SWIDTH 720 0
DWIDTH 24 0
BBX 26 22 -1 -1
BITMAP
FFFFFFC0
FFFFFFC0
FFFFFFC0
FFFFFFC0
00F87E00
00F87E00
00F87E00
00FC7E00
01F87E00
3FFFFE00
3FFFFE00
7FFFFE00
3FFFFE00
3F01FE00
0F807E00
0FC07E00
0FE07E00
07F87E00
07FC7E00
03FC7E00
01F87E00
00F03C00
ENDCHAR
STARTCHAR 0939
ENCODING 2361
SWIDTH 540 0
DWIDTH 18 0
BBX 20 25 -1 -4
BITMAP
FFFFF0
FFFFF0
FFFFF0
FFFFF0
001F80
01FF80
0FFF80
1FFF80
3FFF80
3FFE00
3F0000
1F6000
1FFE00
0FFF80
1FFF80
1FFFC0
3F0FC0
3F0780
3F0700
3F0000
1FFC00
1FFE00
0FFE00
03FE00
001000
ENDCHAR
STARTCHAR 093A
ENCODING 2362
SWIDTH 0 0
DWIDTH 0 0
BBX 6 10 -8 18
BITMAP
F8
FC
FC
FC
FC
FC
FC
FC
7C
10
ENDCHAR
STARTCHAR 093B
ENCODING 2363
SWIDTH 300 0
DWIDTH 10 0
BBX 12 28 -1 -1
BITMAP
1F00
1F80
1F80
1F80
1F80
1F80
FFF0
FFF0
FFF0
FFF0
1F80
1F80
1F80
1F80
1F80
1F80
1F80
1F80
1F80
1F80
1F80
1F80
1F80
1F80
1F80
1F80
1F80
0F80
ENDCHAR
STARTCHAR 093C
ENCODING 2364
SWIDTH 0 0
DWIDTH 0 0
BBX 5 5 -16 -5
BITMAP
70
F8
F8
F8
70
ENDCHAR
STARTCHAR 093D
ENCODING 2365
SWIDTH 540 0
DWIDTH 18 0
BBX 15 22 2 -1
BITMAP
1FF8
7FFC
7FFC
FFFC
FC00
F800
FC00
FC00
FF00
7FC0
3FF0
1FF8
07FC
01FC
00FE
407E
E07E
F0FC
FFFC
FFFC
7FF0
1FC0
ENDCHAR
STARTCHAR 093E
ENCODING 2366
SWIDTH 300 0
DWIDTH 10 0
BBX 12 22 -1 -1
BITMAP
FFF0
FFF0
FFF0
FFF0
1F80
1F80
1F80
1F80
1F80
1F80
1F80
1F80
1F80
1F80
1F80
1F80
1F80
1F80
1F80
1F80
1F80
0F00
ENDCHAR
STARTCHAR 093F
ENCODING 2367
SWIDTH 300 0
DWIDTH 10 0
BBX 27 32 -1 -1
BITMAP
00FF8000
03FFF000
07FFFE00
0FFFFF00
1FC0FFC0
1F801FC0
1F8007E0
1F0003C0
1F000100
1F800000
FFF00000
FFF00000
FFF00000
FFF00000
1F800000
1F800000
1F800000
1F800000
1F800000
1F800000
1F800000
1F800000
1F800000
1F800000
1F800000
1F800000
1F800000
1F800000
1F800000
1F800000
1F800000
0F000000
ENDCHAR
STARTCHAR 0940
ENCODING 2368
SWIDTH 300 0
DWIDTH 10 0
BBX 19 32 -8 -1
BITMAP
0FC000
3FF000
7FF800
7FFC00
FC7E00
FC3E00
FC3E00
783E00
003F00
003F00
01FFE0
01FFE0
01FFE0
01FFE0
003F00
003F00
003F00
003F00
003F00
003F00
003F00
003F00
003F00
003F00
003F00
003F00
003F00
003F00
003F00
003F00
003F00
001E00
ENDCHAR
STARTCHAR 0941
ENCODING 2369
SWIDTH 0 0
DWIDTH 0 0
BBX 16 13 -15 -12
BITMAP
00C0
03FC
07FE
07FF
07FF
631F
701F
FC1F
7FFF
7FFF
3FFE
0FF8
0080
ENDCHAR
STARTCHAR 0942
ENCODING 2370
SWIDTH 0 0
DWIDTH 0 0
BBX 16 12 -12 -11
BITMAP
0200
3FE0
7FF0
7FF8
FFFC
FC7E
F83F
FF1F
FF1F
7F8F
3F0E
0400
ENDCHAR
STARTCHAR 0943
ENCODING 2371
SWIDTH 0 0
DWIDTH 0 0
BBX 12 13 -12 -12
BITMAP
03C0
3FC0
7FC0
FFC0
FF80
F800
F800
F820
FFF0
FFF0
7FF0
1FE0
0100
ENDCHAR
STARTCHAR 0944
ENCODING 2372
SWIDTH 0 0
DWIDTH 0 0
BBX 9 14 -10 -12
BITMAP
3F00
7F00
FF00
F800
F000
F180
FF80
7F80
FF00
F800
F080
FF80
7F80
3F00
ENDCHAR
STARTCHAR 0945
ENCODING 2373
SWIDTH 0 0
DWIDTH 0 0
BBX 12 7 -11 23
BITMAP
2040
E070
FFF0
FFF0
FFF0
7FE0
0600
ENDCHAR
STARTCHAR 0946
ENCODING 2374
SWIDTH 0 0
DWIDTH 0 0
BBX 15 11 -17 20
BITMAP
3800
7800
FE00
FFF0
7FF8
7FFC
0FFE
007E
003E
003E
003C
ENDCHAR
STARTCHAR 0947
ENCODING 2375
SWIDTH 0 0
DWIDTH 0 0
BBX 12 10 -15 20
BITMAP
3800
7E00
FF00
FF80
7FC0
1FC0
07E0
03E0
01F0
01F0
ENDCHAR
STARTCHAR 0948
ENCODING 2376
SWIDTH 0 0
DWIDTH 0 0
BBX 14 11 -16 20
BITMAP
01E0
03F0
03F0
01F8
7CF8
7E78
FF78
FFBC
0FFC
03FC
00FC
ENDCHAR
STARTCHAR 0949
ENCODING 2377
SWIDTH 300 0
DWIDTH 10 0
BBX 17 30 -6 -1
BITMAP
602000
FFF000
FFF000
FFF000
7FE000
060000
000000
000000
07FF80
07FF80
07FF80
07FF80
00FC00
00FC00
00FC00
00FC00
00FC00
00FC00
00FC00
00FC00
00FC00
00FC00
00FC00
00FC00
00FC00
00FC00
00FC00
00FC00
00FC00
007800
ENDCHAR
STARTCHAR 094A
ENCODING 2378
SWIDTH 300 0
DWIDTH 10 0
BBX 18 32 -7 -1
BITMAP
780000
780000
FE0000
FFF000
FFF800
7FFC00
1FFC00
007E00
003E00
003C00
03FFC0
03FFC0
03FFC0
03FFC0
007E00
007E00
007E00
007E00
007E00
007E00
007E00
007E00
007E00
007E00
007E00
007E00
007E00
007E00
007E00
007E00
007E00
003C00
ENDCHAR
STARTCHAR 094B
ENCODING 2379
SWIDTH 300 0
DWIDTH 10 0
BBX 16 32 -5 -1
BITMAP
3800
7E00
FF00
FF80
7F80
1FC0
0FC0
07E0
03E0
01F0
0FFF
0FFF
0FFF
0FFF
01F8
01F8
01F8
01F8
01F8
01F8
01F8
01F8
01F8
01F8
01F8
01F8
01F8
01F8
01F8
01F8
01F0
00E0
ENDCHAR
STARTCHAR 094C
ENCODING 2380
SWIDTH 300 0
DWIDTH 10 0
BBX 17 33 -6 -1
BITMAP
008000
01E000
03F000
03F000
10F800
7CF800
7F7800
FF3800
FFBC00
0FFC00
01FC00
07FF80
07FF80
07FF80
07FF80
00FC00
00FC00
00FC00
00FC00
00FC00
00FC00
00FC00
00FC00
00FC00
00FC00
00FC00
00FC00
00FC00
00FC00
00FC00
00FC00
00FC00
007800
ENDCHAR
STARTCHAR 094D
ENCODING 2381
SWIDTH 0 0
DWIDTH 0 0
BBX 9 7 -9 -9
BITMAP
7000
F800
FE00
FF00
3F80
1F80
0780
ENDCHAR
STARTCHAR 094E
ENCODING 2382
SWIDTH 0 0
DWIDTH 0 0
BBX 9 22 -8 -1
BITMAP
7F80
FF80
FF80
FF80
FC00
FC00
FC00
FC00
FC00
FC00
FC00
FC00
FC00
FC00
FC00
FC00
FC00
FC00
FC00
FC00
FC00
7800
ENDCHAR
STARTCHAR 094F
ENCODING 2383
SWIDTH 300 0
DWIDTH 10 0
BBX 18 34 -7 -1
BITMAP
070000
0F8000
0FC000
0FF800
07FE00
73FF00
F03F00
FF0F00
FFEF00
FFFF00
7FFF00
00FE00
03FFC0
03FFC0
03FFC0
03FFC0
007E00
007E00
007E00
007E00
007E00
007E00
007E00
007E00
007E00
007E00
007E00
007E00
007E00
007E00
007E00
007E00
007E00
003C00
ENDCHAR
STARTCHAR 0950
ENCODING 2384
SWIDTH 930 0
DWIDTH 31 0
BBX 29 28 1 0
BITMAP
00002000
0000F000
0000F800
0000F000
00062200
000FFF00
000FFF00
1F87FF00
3FE3FE00
7FF02000
7FF80400
71F87F80
20F8FFE0
00F8FFE0
00F9FFF0
1FF9F1F0
1FF3F1F8
1FE7E1F8
1FFFC1F8
1FFFC1F8
00FF01F8
00FC03F0
00FC7FF0
FFFC7FE0
FFF8FFC0
FFF87F80
7FE00C00
02000000
ENDCHAR
STARTCHAR 0951
ENCODING 2385
SWIDTH 0 0
DWIDTH 0 0
BBX 6 10 -8 23
BITMAP
20
F8
FC
FC
FC
FC
FC
FC
7C
7C
ENDCHAR
STARTCHAR 0952
ENCODING 2386
SWIDTH 0 0
DWIDTH 0 0
BBX 16 4 -17 -7
BITMAP
7FFE
FFFF
7FFF
7FFE
ENDCHAR
STARTCHAR 0953
ENCODING 2387
SWIDTH 0 0
DWIDTH 0 0
BBX 8 7 -11 23
BITMAP
E0
F8
FC
FE
7F
1F
0F
ENDCHAR
STARTCHAR 0954
ENCODING 2388
SWIDTH 0 0
DWIDTH 0 0
BBX 8 7 -7 23
BITMAP
0E
1F
3F
7F
FE
F8
F0
ENDCHAR
STARTCHAR 0955
ENCODING 2389
SWIDTH 0 0
DWIDTH 0 0
BBX 11 10 -10 23
BITMAP
4080
FFC0
FFC0
FFC0
7F80
0C00
0000
FFC0
FFE0
FFC0
ENDCHAR
STARTCHAR 0956
ENCODING 2390
SWIDTH 0 0
DWIDTH 0 0
BBX 14 6 -12 -7
BITMAP
4008
7FF8
FFFC
7FF8
3FF0
0300
ENDCHAR
STARTCHAR 0957
ENCODING 2391
SWIDTH 0 0
DWIDTH 0 0
BBX 14 11 -12 -12
BITMAP
4008
7FF8
FFFC
7FF8
3FF0
4308
7FF8
FFFC
7FF8
3FF0
0300
ENDCHAR
STARTCHAR 0958
ENCODING 2392
SWIDTH 840 0
DWIDTH 28 0
BBX 30 25 -1 -4
BITMAP
FFFFFFFC
FFFFFFFC
FFFFFFFC
FFFFFFFC
000FC000
010FC400
07EFFF80
1FEFFFC0
1FEFFFE0
3FEFFFE0
3F0FC3F0
3F0FC3F0
3F0FC3F0
3F0FC3F0
3FFFDFE0
1FFFDFE0
0FFFDFC0
07FFDF80
008FC400
000FC000
3C0FC000
7C078000
7E000000
7C000000
3C000000
ENDCHAR
STARTCHAR 0959
ENCODING 2393
SWIDTH 870 0
DWIDTH 29 0
BBX 31 24 -1 -3
BITMAP
FFFFFFFE
FFFFFFFE
FFFFFFFE
FFFFFFFE
03E003F0
03F023F0
01F1FBF0
01F3FBF0
03F7FBF0
27F7F3F0
3FF7C3F0
7FE7C3F0
3FC7FFF0
3F03FFF0
0F83FFF0
0FC1FFF0
07F013F0
07FE03F0
03FF03F0
39FE03F0
7CFE03F0
7C3C01E0
7C000000
38000000
ENDCHAR
STARTCHAR 095A
ENCODING 2394
SWIDTH 630 0
DWIDTH 21 0
BBX 23 24 -1 -3
BITMAP
FFFFFC
FFFFFE
FFFFFE
FFFFFC
07C3E0
07C3E0
07E3E0
07E3E0
07E3E0
07E3E0
07E3E0
0FE3E0
3FE3E0
7FC3E0
3FC3E0
3F83E0
1E03E0
0003E0
0003E0
0703E0
0F83E0
0F81E0
0F8000
070000
ENDCHAR
STARTCHAR 095B
ENCODING 2395
SWIDTH 750 0
DWIDTH 25 0
BBX 27 27 -1 -6
BITMAP
FFFFFFE0
FFFFFFE0
FFFFFFE0
FFFFFFE0
00003F00
00003F00
07FFFF00
07FFFF00
0FFFFF00
0FFFFF00
07FFFF00
007E3F00
003F3F00
103F3F00
383F3F00
7FFF3F00
3FFE3F00
3FFE3F00
1FF83F00
01803F00
00003F00
00001E00
03800000
07C00000
07C00000
07C00000
03800000
ENDCHAR
STARTCHAR 095C
ENCODING 2396
SWIDTH 540 0
DWIDTH 18 0
BBX 21 28 -1 -7
BITMAP
FFFFF0
FFFFF8
FFFFF8
FFFFF8
000F80
01FF80
0FFF80
1FFF80
1FFF80
3FFE00
3F1000
1F7F00
1FFF80
0FFFC0
07FFC0
1007C0
3807C0
3E0FC0
3FFFC0
3FFF80
1FFF00
03FC00
000000
00F000
00F800
01F800
00F800
00F000
ENDCHAR
STARTCHAR 095D
ENCODING 2397
SWIDTH 570 0
DWIDTH 19 0
BBX 22 28 -1 -7
BITMAP
FFFFF8
FFFFFC
FFFFFC
FFFFFC
000FC0
000FC0
003FC0
07FFC0
0FFFC0
1FFFC0
1FFF00
3F0200
3F1FC0
3E3FE0
3E7FE0
3F7FF0
3F79F0
1FF9F0
0FFFE0
0FFFE0
03FFC0
00FF00
000000
007800
007C00
00FC00
007C00
007800
ENDCHAR
STARTCHAR 095E
ENCODING 2398
SWIDTH 840 0
DWIDTH 28 0
BBX 31 23 -1 -2
BITMAP
FFFFFFFC
FFFFFFFC
FFFFFFFE
FFFFFFFC
3F07C000
3F07C000
3F07C400
3F07FF80
3F07FFE0
1F07FFE0
1F07FFF0
1FFFC3F0
1FFFC1F0
0FFFC1F0
07FFC3F0
0047CFF0
0007CFF0
0007CFE0
0707CFC0
0F87C200
1F87C000
0F878000
07000000
ENDCHAR
STARTCHAR 095F
ENCODING 2399
SWIDTH 660 0
DWIDTH 22 0
BBX 24 24 -1 -3
BITMAP
FFFFFE
FFFFFF
FFFFFF
FFFFFE
07E1F0
03E1F0
03F1F0
03F1F0
0FE1F0
3FE1F0
3FC1F0
3F01F0
3F03F0
1FFFF0
0FFFF0
07FFF0
03FFF0
0031F0
0001F0
0E01F0
1F01F0
1F00F0
1F0000
0E0000
ENDCHAR
STARTCHAR 0960
ENCODING 2400
SWIDTH 840 0
DWIDTH 28 0
BBX 30 22 -1 -1
BITMAP
FFFFFFFC
FFFFFFFC
FFFFFFFC
FFFFFFFC
000F8000
000F8700
1F0F87C0
3FCF8FC0
3FFF9FC0
3FFFFF80
3FFFFFC0
007FFFE0
001FF9E0
00FFC3F0
03FF87F0
0FFF8FC0
1FFF8F88
1FEF8F98
1FCF8FF8
1F0F8FF8
040F87F8
000783F0
ENDCHAR
STARTCHAR 0961
ENCODING 2401
SWIDTH 780 0
DWIDTH 26 0
BBX 28 32 -1 -11
BITMAP
FFFFFFF0
FFFFFFF0
FFFFFFF0
FFFFFFF0
00007C00
00007C00
00407C00
07FBFE00
0FFFFF00
1FFFFF80
1FFFFFC0
3F1F8FC0
3F1F07C0
3F1F0FC0
3F1F1FC0
3F007F80
3F80FF00
1FC0FE00
1FF1F800
0FF1F000
07F1FFC0
03E0FFC0
0000FFC0
0000FFC0
0001FC00
0001F000
0001F080
0001FFC0
0000FFC0
0000FFC0
00007F80
00000400
ENDCHAR
STARTCHAR 0962
ENCODING 2402
SWIDTH 0 0
DWIDTH 0 0
BBX 18 14 -17 -14
BITMAP
1F3E00
3FFF80
7FFF80
79E7C0
F9E3C0
F9E7C0
F8CFC0
7C1F80
7F3F00
3F3E00
1E3C80
003FC0
001FC0
000F80
ENDCHAR
STARTCHAR 0963
ENCODING 2403
SWIDTH 0 0
DWIDTH 0 0
BBX 18 18 -17 -18
BITMAP
1F3E00
3FFF80
7FFF80
79E7C0
F9E3C0
F9E7C0
785F80
7C3F00
7F3E00
3E3C00
0E3FC0
003FC0
003F80
003C00
003C80
003FC0
001FC0
000F80
ENDCHAR
STARTCHAR 0964
ENCODING 2404
SWIDTH 330 0
DWIDTH 11 0
BBX 5 22 3 0
BITMAP
F8
F8
F8
F8
F8
F8
F8
F8
F8
F8
F8
F8
F8
F8
F8
F8
F8
F8
F8
F8
F8
F8
ENDCHAR
STARTCHAR 0965
ENCODING 2405
SWIDTH 630 0
DWIDTH 21 0
BBX 15 22 3 0
BITMAP
F87C
F87E
F87E
F87E
F87E
F87E
F87E
F87E
F87E
F87E
F87E
F87E
F87E
F87E
F87E
F87E
F87E
F87E
F87E
F87E
F87E
F83E
ENDCHAR
STARTCHAR 0966
ENCODING 2406
SWIDTH 510 0
DWIDTH 17 0
BBX 15 16 1 2
BITMAP
0100
1FF0
3FF8
7FFC
FFFE
FC7E
F83E
F83E
F83E
F83E
FC7E
FFFE
7FFC
3FF8
1FF0
0100
ENDCHAR
STARTCHAR 0967
ENCODING 2407
SWIDTH 510 0
DWIDTH 17 0
BBX 13 23 1 -1
BITMAP
0200
3FE0
7FF0
FFF0
FFF8
F8F8
F8F8
F8F8
FFF8
FFF8
7FF8
3FF8
03F8
00F8
00F8
00F8
00F8
00F8
00F8
00F8
00F8
00F8
0078
ENDCHAR
STARTCHAR 0968
ENCODING 2408
SWIDTH 510 0
DWIDTH 17 0
BBX 15 23 1 -1
BITMAP
0200
3FE0
7FF0
7FF8
7FFC
20FC
007E
007E
007E
007E
407C
F0FC
FFFC
FFF8
FFF0
3FC0
1F80
0FC0
0FE0
07F8
07F8
03F0
01E0
ENDCHAR
STARTCHAR 0969
ENCODING 2409
SWIDTH 510 0
DWIDTH 17 0
BBX 15 26 1 -4
BITMAP
0200
3FE0
7FF0
7FF8
7FFC
20FC
007C
00FC
1FFC
3FF8
3FF0
3FF8
1FFC
007C
007E
407E
F0FC
FFFC
FFF8
FFF0
3FE0
1F00
0FC0
0FE0
07E0
03C0
ENDCHAR
STARTCHAR 096A
ENCODING 2410
SWIDTH 540 0
DWIDTH 18 0
BBX 17 22 1 -1
BITMAP
781E00
FC3F00
FC1F00
F81F80
F81F80
F81F80
FC1F00
FE3F00
7FFE00
3FFC00
1FF800
1FF800
3FFC00
3FFE00
7E7E00
7E3E00
7E3E00
7FFE00
3FFE00
1FFC00
0FF800
008000
ENDCHAR
STARTCHAR 096B
ENCODING 2411
SWIDTH 540 0
DWIDTH 18 0
BBX 16 23 1 -1
BITMAP
0800
3E00
7F00
7E00
FC00
FC00
FC1C
F87E
F83F
FC3F
FC3F
7FFF
7FFE
3FFE
1FFE
011F
001F
003F
003F
01FE
01FE
00FC
0078
ENDCHAR
STARTCHAR 096C
ENCODING 2412
SWIDTH 510 0
DWIDTH 17 0
BBX 15 26 1 -4
BITMAP
0080
0FF8
3FFC
7FFC
7FFC
FC18
FC00
FC00
7FF0
7FF8
1FF8
3FF8
7FF0
FC00
FC00
FC04
FC0E
7FFE
7FFE
3FFE
1FF8
00F8
00F8
00FC
007E
007C
ENDCHAR
STARTCHAR 096D
ENCODING 2413
SWIDTH 660 0
DWIDTH 22 0
BBX 20 22 1 0
BITMAP
040000
1F0000
3F0000
3F0000
7E0400
7E3F80
7C7FC0
FCFFE0
FCFFE0
FCF3F0
F8F1F0
F8F9F0
F8FFF0
FC7FF0
FC3FE0
7C07E0
7E07E0
3FFFC0
3FFF80
1FFF00
07FE00
006000
ENDCHAR
STARTCHAR 096E
ENCODING 2414
SWIDTH 480 0
DWIDTH 16 0
BBX 15 23 1 -1
BITMAP
0020
00F0
01F8
03F8
07F0
0FE0
0FC0
1FC0
3F80
3F00
7F00
7E00
FC00
FC00
FC00
FC00
FC04
FC0C
7E3E
7FFE
3FFC
1FFC
07F0
ENDCHAR
STARTCHAR 096F
ENCODING 2415
SWIDTH 480 0
DWIDTH 16 0
BBX 14 23 1 -1
BITMAP
0200
1FE0
7FF0
7FF8
FFFC
FCFC
F87C
F87C
FCFC
FFFC
7FF8
3FF0
3FE0
1FC0
07E0
03F0
01F8
01F8
00FC
00FC
00FC
00F8
0070
ENDCHAR
STARTCHAR 0970
ENCODING 2416
SWIDTH 420 0
DWIDTH 14 0
BBX 13 14 1 4
BITMAP
0200
3FC0
7FE0
7FF0
FFF0
F9F0
F8F0
F8F8
F9F0
FFF0
FFF0
7FE0
3FC0
0200
ENDCHAR
STARTCHAR 0971
ENCODING 2417
SWIDTH 300 0
DWIDTH 10 0
BBX 5 5 2 17
BITMAP
20
78
F8
F8
78
ENDCHAR
STARTCHAR 0972
ENCODING 2418
SWIDTH 780 0
DWIDTH 26 0
BBX 26 30 1 -1
BITMAP
00010180
0003FFC0
0003FFC0
0003FFC0
0001FF80
00001800
00000000
00000000
1FC1FFC0
7FE3FFC0
7FF3FFC0
7FF9FFC0
31F87E00
00FC7E00
00F87E00
00F87E00
1FF07E00
1FFFFE00
1FFFFE00
1FFFFE00
1FFFFE00
00F9FE00
00FC7E00
60FC7E00
FFFC7E00
FFFC7E00
FFF87E00
7FF07E00
02007E00
00003C00
ENDCHAR
STARTCHAR 0973
ENCODING 2419
SWIDTH 780 0
DWIDTH 26 0
BBX 26 28 1 -1
BITMAP
00007C00
00007E00
00007E00
00007E00
00007E00
00007E00
1F81FFC0
3FE3FFC0
7FF3FFC0
7FF9FFC0
71F87E00
20FC7E00
00FC7E00
00F87E00
00F87E00
1FF07E00
1FFFFE00
1FFFFE00
1FFFFE00
1FFFFE00
00F9FE00
00FC7E00
E0FC7E00
FFFC7E00
FFFC7E00
FFF87E00
7FF07E00
02003E00
ENDCHAR
STARTCHAR 0974
ENCODING 2420
SWIDTH 1080 0
DWIDTH 36 0
BBX 36 28 1 -1
BITMAP
0000001F00
0000001F00
0000001F00
0000001F00
0000001F00
0000001F00
1F81FFFFE0
3FE3FFFFF0
7FF3FFFFF0
7FF9FFFFF0
71F87E1F00
20FC7E1F00
00FC7E1F00
00F87E1F00
00F87E1F00
1FF07E1F00
1FFFFE1F00
1FFFFE1F00
1FFFFE1F00
1FFFFE1F00
00F9FE1F00
00FC7E1F00
E0FC7E1F00
FFFC7E1F00
FFFC7E1F00
FFF87E1F00
7FF07E1F00
02003E0F00
ENDCHAR
STARTCHAR 0975
ENCODING 2421
SWIDTH 1080 0
DWIDTH 36 0
BBX 36 34 1 -1
BITMAP
000001C000
000003C000
000003E000
000003FE00
000003FF00
00003CFF80
00007C0FC0
00007F87C0
00007FF3C0
00003FFFC0
00001FFFC0
0000003F80
1FC1FFFFE0
7FF3FFFFF0
7FFBFFFFF0
7FF9FFFFF0
31F87E1F00
00FC7E1F00
00F87E1F00
00F87E1F00
1FF07E1F00
1FFFFE1F00
1FFFFE1F00
1FFFFE1F00
1FFFFE1F00
00F8FE1F00
40FC7E1F00
E0FC7E1F00
FFFC7E1F00
FFF87E1F00
FFF87E1F00
3FE07E1F00
02007E1F00
00003C0F00
ENDCHAR
STARTCHAR 0976
ENCODING 2422
SWIDTH 780 0
DWIDTH 26 0
BBX 26 28 1 -7
BITMAP
1FC1FFC0
7FE3FFC0
7FF3FFC0
7FF9FFC0
71F87E00
20FC7E00
00F87E00
00F87E00
1FF87E00
1FFFFE00
1FFFFE00
1FFFFE00
1FFFFE00
00F9FE00
00FC7E00
40FC7E00
FFFC7E00
FFFC7E00
FFF87E00
7FF07E00
02007E00
00003C00
00000000
03FFE000
03FFE000
03FFE000
01FFC000
00180000
ENDCHAR
STARTCHAR 0977
ENCODING 2423
SWIDTH 780 0
DWIDTH 26 0
BBX 26 32 1 -11
BITMAP
1FC1FFC0
7FE3FFC0
7FF3FFC0
7FF9FFC0
71F87E00
20FC7E00
00F87E00
00F87E00
1FF87E00
1FFFFE00
1FFFFE00
1FFFFE00
1FFFFE00
00F9FE00
00FC7E00
40FC7E00
FFFC7E00
FFFC7E00
FFF87E00
7FF07E00
02007E00
00003C00
00000000
03FFE000
03FFE000
03FFE000
01FFC000
00180000
03FFC000
03FFE000
03FFE000
00FF8000
ENDCHAR
STARTCHAR 0979
ENCODING 2425
SWIDTH 750 0
DWIDTH 25 0
BBX 27 30 -1 -9
BITMAP
FFFFFFE0
FFFFFFE0
FFFFFFE0
FFFFFFE0
00003F00
00003F00
07FFFF00
07FFFF00
0FFFFF00
0FFFFF00
07FFFF00
007E3F00
003F3F00
103F3F00
383F3F00
7FFF3F00
3FFE3F00
3FFE3F00
1FF83F00
01803F00
00003F00
08101E00
1C3C0000
3E7C0000
1C3C0000
08900000
03C00000
03C00000
03C00000
00800000
ENDCHAR
STARTCHAR 097A
ENCODING 2426
SWIDTH 660 0
DWIDTH 22 0
BBX 24 22 -1 -1
BITMAP
FFFFFE
FFFFFF
FFFFFF
FFFFFE
07E1F0
03E1F0
03F1F0
03F1F0
0FF9F0
3FFDF0
3FCFF0
3F07F0
3F03F0
1FFFF0
0FFFF0
07FFF0
03FFF0
0031F0
0001F0
0001F0
0001F0
0000F0
ENDCHAR
STARTCHAR 097B
ENCODING 2427
SWIDTH 630 0
DWIDTH 21 0
BBX 23 23 -1 -2
BITMAP
FFFFFC
FFFFFE
FFFFFE
FFFFFC
07C3E0
07C3E0
07E3E0
07E3E0
07E3E0
07E3E0
07E3E0
3FE3E0
3FC3E0
3F83E0
3F03E0
0803E0
0003E0
0003E0
3FFFE0
3FFFE0
3FFFE0
3FFFE0
1FFFC0
ENDCHAR
STARTCHAR 097C
ENCODING 2428
SWIDTH 750 0
DWIDTH 25 0
BBX 27 25 -1 -4
BITMAP
FFFFFFE0
FFFFFFE0
FFFFFFE0
FFFFFFE0
00003F00
00003F00
07FFFF00
0FFFFF00
0FFFFF00
07FFFF00
03FE3F00
003E3F00
103E3F00
383E3F00
7FFE3F00
3FFE3F00
3FFC3F00
1FF83F00
01003F00
00003F00
3FFFFF00
3FFFFF00
3FFFFF00
3FFFFE00
1FFFFC00
ENDCHAR
STARTCHAR 097D
ENCODING 2429
SWIDTH 540 0
DWIDTH 18 0
BBX 14 23 2 -1
BITMAP
0200
3FE0
FFF8
FFF8
FFFC
FFFC
40FC
00FC
00FC
00FC
0FFC
1FF8
1FF0
1FE0
1F80
1F00
1F00
1F00
1F00
1F00
1F00
1F00
1E00
ENDCHAR
STARTCHAR 097E
ENCODING 2430
SWIDTH 540 0
DWIDTH 18 0
BBX 21 28 -1 -7
BITMAP
FFFFF0
FFFFF8
FFFFF8
FFFFF8
000F80
01FF80
0FFF80
1FFF80
1FFF80
3FFE00
3F1000
1F7F00
1FFF80
0FFFC0
07FFC0
1007C0
3807C0
3E0FC0
3FFFC0
3FFF80
1FFF00
03FC00
000000
1FFF00
3FFF80
3FFF80
3FFF80
1FFF80
ENDCHAR
STARTCHAR 097F
ENCODING 2431
SWIDTH 600 0
DWIDTH 20 0
BBX 22 25 -1 -4
BITMAP
FFFFFC
FFFFFC
FFFFFC
FFFFFC
0003E0
0083E0
07F3E0
0FF3E0
1FF3E0
3FF3E0
3FC3E0
3EE3E0
3E7BE0
3F1FE0
3FFFE0
1FFFE0
0FFFE0
07FFE0
0063E0
0003E0
3FFFE0
3FFFE0
3FFFE0
3FFFE0
1FFF80
ENDCHAR
STARTCHAR 1E0C
ENCODING 7692
SWIDTH 660 0
DWIDTH 22 0
BBX 19 30 2 -8
BITMAP
010000
7FF800
FFFE00
FFFF00
FFFF80
FC3F80
FC1FC0
FC0FC0
FC0FC0
FC0FC0
FC07E0
FC07E0
FC07E0
FC0FC0
FC0FC0
FC0FC0
FC1FC0
FC3F80
FFFF80
FFFF00
FFFE00
7FF800
030000
000000
038000
07C000
07E000
07E000
07C000
03C000
ENDCHAR
STARTCHAR 1E0D
ENCODING 7693
SWIDTH 570 0
DWIDTH 19 0
BBX 17 29 1 -7
BITMAP
001F00
001F00
001F80
001F80
001F80
009F80
0FFF80
1FFF80
3FFF80
7FFF80
FE1F80
FC1F80
FC1F80
FC1F80
FC1F80
FC1F80
FE1F80
7FFF80
7FFF80
3FFF00
1FFE00
03F800
000000
00E000
01F000
01F000
03F000
01F000
00E000
ENDCHAR
STARTCHAR 1E0E
ENCODING 7694
SWIDTH 660 0
DWIDTH 22 0
BBX 19 29 2 -7
BITMAP
010000
7FF800
FFFE00
FFFF00
FFFF80
FC3F80
FC1FC0
FC0FC0
FC0FC0
FC0FC0
FC07E0
FC07E0
FC07E0
FC0FC0
FC0FC0
FC0FC0
FC1FC0
FC3F80
FFFF80
FFFF00
FFFE00
7FF800
030000
000000
000000
1FF800
3FFC00
3FFC00
3FF800
ENDCHAR
STARTCHAR 1E0F
ENCODING 7695
SWIDTH 570 0
DWIDTH 19 0
BBX 17 29 1 -7
BITMAP
001F00
001F00
001F80
001F80
001F80
009F80
0FFF80
1FFF80
3FFF80
7FFF80
FE1F80
FC1F80
FC1F80
FC1F80
FC1F80
FC1F80
FE1F80
7FFF80
7FFF80
3FFF00
1FFE00
03F800
000000
000000
03FE00
0FFE00
0FFE00
0FFE00
0FFE00
ENDCHAR
STARTCHAR 1E20
ENCODING 7712
SWIDTH 660 0
DWIDTH 22 0
BBX 19 29 1 0
BITMAP
01FF00
07FF00
07FF00
07FF00
07FF00
000000
000000
001000
03FF80
07FFC0
1FFFC0
3FFFC0
3F81C0
7F0080
7E0000
FE0000
FC3FE0
FC3FE0
FC3FE0
FC3FE0
FC3FE0
7E03E0
7E03E0
7F03E0
3FFFE0
1FFFE0
0FFFE0
07FFC0
00FE00
ENDCHAR
STARTCHAR 1E21
ENCODING 7713
SWIDTH 570 0
DWIDTH 19 0
BBX 16 30 1 -6
BITMAP
0FF8
1FFC
1FFC
1FFC
1FF8
0000
0000
0080
0FF8
3FFE
7FFF
7FFF
FE1F
FC1F
FC1F
FC1F
FC1F
FC1F
FFFF
7FFF
3FFF
1FFF
0FDF
001F
203F
7FFF
7FFE
7FFC
3FF8
0FE0
ENDCHAR
STARTCHAR 1E24
ENCODING 7716
SWIDTH 630 0
DWIDTH 21 0
BBX 18 29 2 -8
BITMAP
F80780
FC07C0
FC07C0
FC07C0
FC07C0
FC07C0
FC07C0
FC07C0
FC07C0
FFFFC0
FFFFC0
FFFFC0
FFFFC0
FC07C0
FC07C0
FC07C0
FC07C0
FC07C0
FC07C0
7C07C0
7C07C0
000000
000000
00E000
01F000
01F800
01F800
01F000
00E000
ENDCHAR
STARTCHAR 1E25
ENCODING 7717
SWIDTH 570 0
DWIDTH 19 0
BBX 16 30 2 -8
BITMAP
F800
F800
F800
F800
F800
F880
FFF8
FFFC
FFFE
FFFE
FC7E
F83F
F83F
F83F
F83F
F83F
F83F
F83F
F83F
F83F
F83F
781F
0000
0000
03C0
03E0
07E0
07E0
03E0
03C0
ENDCHAR
STARTCHAR 1E2A
ENCODING 7722
SWIDTH 630 0
DWIDTH 21 0
BBX 18 28 2 -7
BITMAP
F80780
FC07C0
FC07C0
FC07C0
FC07C0
FC07C0
FC07C0
FC07C0
FC07C0
FFFFC0
FFFFC0
FFFFC0
FFFFC0
FC07C0
FC07C0
FC07C0
FC07C0
FC07C0
FC07C0
7C07C0
7C07C0
000000
020C00
0F1E00
0FFF00
0FFE00
07FE00
03FC00
ENDCHAR
STARTCHAR 1E2B
ENCODING 7723
SWIDTH 570 0
DWIDTH 19 0
BBX 16 29 2 -7
BITMAP
F800
F800
F800
F800
F800
F880
FFF8
FFFC
FFFE
FFFE
FC7E
F83F
F83F
F83F
F83F
F83F
F83F
F83F
F83F
F83F
F83F
781F
0000
0C18
1E3C
1FFC
1FFC
1FFC
0FF0
ENDCHAR
STARTCHAR 1E36
ENCODING 7734
SWIDTH 510 0
DWIDTH 17 0
BBX 14 29 2 -8
BITMAP
F800
FC00
FC00
FC00
FC00
FC00
FC00
FC00
FC00
FC00
FC00
FC00
FC00
FC00
FC00
FC00
FFF8
FFFC
FFFC
FFFC
7FF8
0000
0000
0780
07C0
0FC0
0FC0
07C0
0780
ENDCHAR
STARTCHAR 1E37
ENCODING 7735
SWIDTH 270 0
DWIDTH 9 0
BBX 6 30 2 -8
BITMAP
F8
F8
F8
F8
F8
F8
F8
F8
F8
F8
F8
F8
F8
F8
F8
F8
F8
F8
F8
F8
F8
78
00
00
70
F8
FC
FC
F8
78
ENDCHAR
STARTCHAR 1E38
ENCODING 7736
SWIDTH 510 0
DWIDTH 17 0
BBX 16 36 0 -8
BITMAP
FFE0
FFE0
FFE0
FFE0
FF80
0000
0000
3E00
3F00
3F00
3F00
3F00
3F00
3F00
3F00
3F00
3F00
3F00
3F00
3F00
3F00
3F00
3F00
3FFE
3FFF
3FFF
3FFF
1FFF
0000
0000
01E0
03E0
03F0
03F0
03F0
01E0
ENDCHAR
STARTCHAR 1E39
ENCODING 7737
SWIDTH 270 0
DWIDTH 9 0
BBX 11 37 -1 -8
BITMAP
FFE0
FFE0
FFE0
FFE0
FF80
0000
0000
1F00
1F00
1F00
1F00
1F00
1F00
1F00
1F00
1F00
1F00
1F00
1F00
1F00
1F00
1F00
1F00
1F00
1F00
1F00
1F00
1F00
0F00
0000
0000
0E00
1F00
1F80
1F80
1F00
0F00
ENDCHAR
STARTCHAR 1E3A
ENCODING 7738
SWIDTH 510 0
DWIDTH 17 0
BBX 14 28 2 -7
BITMAP
F800
FC00
FC00
FC00
FC00
FC00
FC00
FC00
FC00
FC00
FC00
FC00
FC00
FC00
FC00
FC00
FFF8
FFFC
FFFC
FFFC
7FF8
0000
0000
0000
3FF0
7FF0
7FF0
7FF0
ENDCHAR
STARTCHAR 1E3B
ENCODING 7739
SWIDTH 270 0
DWIDTH 9 0
BBX 12 29 -1 -7
BITMAP
1F00
1F00
1F00
1F00
1F00
1F00
1F00
1F00
1F00
1F00
1F00
1F00
1F00
1F00
1F00
1F00
1F00
1F00
1F00
1F00
1F00
0F00
0000
0000
3FE0
7FF0
FFF0
FFF0
7FE0
ENDCHAR
STARTCHAR 1E42
ENCODING 7746
SWIDTH 810 0
DWIDTH 27 0
BBX 23 29 2 -8
BITMAP
3E01F0
7F03F8
7F83F8
7F87F8
FF87F8
FFC7FC
FFCFFC
FFCF7C
FFCF7C
FDEF7C
FDFE7C
FDFE7C
F9FE7C
F8FE7C
F8FC7C
F8FC7C
F8107E
F8007E
F8007E
F8007E
F8003C
000000
000000
003800
007C00
00FC00
00FC00
007C00
003800
ENDCHAR
STARTCHAR 1E43
ENCODING 7747
SWIDTH 840 0
DWIDTH 28 0
BBX 24 25 2 -8
BITMAP
010040
3FE7FC
7FFFFE
FFFFFF
FFFFFF
F87E3F
F87E1F
F87E1F
F87E1F
F87E1F
F87E1F
F87E1F
F87E1F
F87E1F
F87E1F
F87E1F
783E1F
000000
000000
001C00
003E00
007E00
007E00
003E00
001C00
ENDCHAR
STARTCHAR 1E44
ENCODING 7748
SWIDTH 660 0
DWIDTH 22 0
BBX 18 29 2 0
BITMAP
01E000
03F000
03F000
03F000
03F000
01E000
000000
000000
7C0780
FE0FC0
FF0FC0
FF0FC0
FF8FC0
FF8FC0
FFCFC0
FFCFC0
FBEFC0
FBE7C0
FBE7C0
F9F7C0
F9F7C0
F8FFC0
F8FFC0
F87FC0
F87FC0
F83FC0
F83FC0
F81FC0
780F80
ENDCHAR
STARTCHAR 1E45
ENCODING 7749
SWIDTH 570 0
DWIDTH 19 0
BBX 15 24 2 0
BITMAP
0380
07C0
07C0
0FC0
07C0
0380
0000
0100
3FF0
7FFC
FFFE
FFFE
FC7E
F83E
F83E
F83E
F83E
F83E
F83E
F83E
F83E
F83E
F83E
781E
ENDCHAR
STARTCHAR 1E46
ENCODING 7750
SWIDTH 660 0
DWIDTH 22 0
BBX 18 29 2 -8
BITMAP
7C0780
FE0FC0
FF0FC0
FF0FC0
FF8FC0
FF8FC0
FFCFC0
FFCFC0
FBEFC0
FBE7C0
FBE7C0
F9F7C0
F9F7C0
F8FFC0
F8FFC0
F87FC0
F87FC0
F83FC0
F83FC0
F81FC0
780F80
000000
000000
01E000
01F000
03F000
03F000
01F000
01E000
ENDCHAR
STARTCHAR 1E47
ENCODING 7751
SWIDTH 570 0
DWIDTH 19 0
BBX 15 25 2 -8
BITMAP
0100
3FF0
7FFC
FFFE
FFFE
FC7E
F83E
F83E
F83E
F83E
F83E
F83E
F83E
F83E
F83E
F83E
781E
0000
0000
0380
07C0
07E0
07E0
07C0
03C0
ENDCHAR
STARTCHAR 1E48
ENCODING 7752
SWIDTH 660 0
DWIDTH 22 0
BBX 18 28 2 -7
BITMAP
7C0780
FE0FC0
FF0FC0
FF0FC0
FF8FC0
FF8FC0
FFCFC0
FFCFC0
FBEFC0
FBE7C0
FBE7C0
F9F7C0
F9F7C0
F8FFC0
F8FFC0
F87FC0
F87FC0
F83FC0
F83FC0
F81FC0
780F80
000000
000000
07FC00
0FFE00
0FFE00
0FFE00
0FFC00
ENDCHAR
STARTCHAR 1E49
ENCODING 7753
SWIDTH 570 0
DWIDTH 19 0
BBX 15 24 2 -7
BITMAP
0100
3FF0
7FFC
FFFE
FFFE
FC7E
F83E
F83E
F83E
F83E
F83E
F83E
F83E
F83E
F83E
F83E
781E
0000
0000
0FF8
3FFC
3FFC
3FFC
1FF8
ENDCHAR
STARTCHAR 1E5A
ENCODING 7770
SWIDTH 600 0
DWIDTH 20 0
BBX 17 30 2 -8
BITMAP
010000
7FF000
FFFC00
FFFE00
FFFF00
FC7F00
FC3F00
FC3F00
FC3F00
FC3F00
FCFF00
FFFE00
FFFC00
FFF800
FFF800
FCFC00
FCFE00
FC7E00
FC7F00
FC3F80
FC1F80
7C0E00
000000
000000
03C000
07C000
07E000
07E000
07C000
03C000
ENDCHAR
STARTCHAR 1E5B
ENCODING 7771
SWIDTH 420 0
DWIDTH 14 0
BBX 11 25 2 -8
BITMAP
0100
3FC0
7FE0
FFE0
FFE0
FC00
F800
F800
F800
F800
F800
F800
F800
F800
F800
F800
7800
0000
0000
0E00
1F00
3F00
3F00
1F00
0E00
ENDCHAR
STARTCHAR 1E5C
ENCODING 7772
SWIDTH 600 0
DWIDTH 20 0
BBX 17 36 2 -8
BITMAP
3FF800
3FF800
3FF800
3FF800
3FE000
000000
010000
7FF000
FFFC00
FFFE00
FFFF00
FC7F00
FC3F00
FC3F00
FC3F00
FC3F00
FCFF00
FFFE00
FFFC00
FFF800
FFF800
FCFC00
FCFE00
FC7E00
FC7F00
FC3F80
FC1F80
7C0E00
000000
000000
03C000
07C000
07E000
07E000
07C000
03C000
ENDCHAR
STARTCHAR 1E5D
ENCODING 7773
SWIDTH 420 0
DWIDTH 14 0
BBX 11 32 2 -8
BITMAP
FFE0
FFE0
FFE0
FFE0
FF80
0000
0000
0100
1FE0
7FE0
FFE0
FFE0
FC00
FC00
FC00
FC00
FC00
FC00
FC00
FC00
FC00
FC00
FC00
7C00
0000
0000
0E00
1F00
1F80
1F80
1F00
0E00
ENDCHAR
STARTCHAR 1E5E
ENCODING 7774
SWIDTH 600 0
DWIDTH 20 0
BBX 17 29 2 -7
BITMAP
010000
7FF000
FFFC00
FFFE00
FFFF00
FC7F00
FC3F00
FC3F00
FC3F00
FC3F00
FCFF00
FFFE00
FFFC00
FFF800
FFF800
FCFC00
FCFE00
FC7E00
FC7F00
FC3F80
FC1F80
7C0E00
000000
000000
0FF800
1FFC00
1FFC00
1FFC00
1FFC00
ENDCHAR
STARTCHAR 1E5F
ENCODING 7775
SWIDTH 420 0
DWIDTH 14 0
BBX 11 24 2 -7
BITMAP
0100
1FE0
7FE0
FFE0
FFE0
FC00
FC00
FC00
FC00
FC00
FC00
FC00
FC00
FC00
FC00
FC00
7C00
0000
0000
3FE0
FFE0
FFE0
FFE0
FFE0
ENDCHAR
STARTCHAR 1E60
ENCODING 7776
SWIDTH 540 0
DWIDTH 18 0
BBX 16 29 1 0
BITMAP
01C0
03E0
03F0
03F0
03E0
01C0
0000
0080
0FFC
3FFE
7FFE
7FFE
7E0E
FC00
FE00
7FC0
7FF0
3FFC
1FFE
0FFF
01FF
007F
003F
703F
7FFF
FFFF
7FFE
3FFC
0FF0
ENDCHAR
STARTCHAR 1E61
ENCODING 7777
SWIDTH 480 0
DWIDTH 16 0
BBX 14 25 1 0
BITMAP
0780
0FC0
0FC0
0FC0
0FC0
0780
0000
0000
0100
1FF0
7FF8
7FF8
FFF8
FC18
FC00
7FC0
3FF0
1FF8
01FC
407C
7FFC
FFFC
7FFC
7FF8
1FE0
ENDCHAR
STARTCHAR 1E62
ENCODING 7778
SWIDTH 540 0
DWIDTH 18 0
BBX 16 29 1 -7
BITMAP
0080
0FFC
3FFE
7FFE
7FFE
7E0E
FC00
FE00
7FC0
7FF0
3FFC
1FFE
0FFF
01FF
007F
003F
703F
7FFF
FFFF
7FFE
3FFC
0FF0
0000
01C0
03E0
03E0
03F0
03E0
01C0
ENDCHAR
STARTCHAR 1E63
ENCODING 7779
SWIDTH 480 0
DWIDTH 16 0
BBX 14 24 1 -7
BITMAP
0100
1FF0
7FF8
7FF8
FFF8
FC18
FC00
7FC0
3FF0
1FF8
01FC
407C
7FFC
FFFC
7FFC
7FF8
1FE0
0000
0380
07C0
07C0
07C0
07C0
0380
ENDCHAR
STARTCHAR 1E6C
ENCODING 7788
SWIDTH 540 0
DWIDTH 18 0
BBX 17 29 1 -8
BITMAP
FFFF00
FFFF80
FFFF80
FFFF00
FFE000
07E000
07E000
07E000
07E000
07E000
07E000
07E000
07E000
07E000
07E000
07E000
07E000
07E000
07E000
07E000
03E000
000000
000000
01C000
03E000
07E000
07E000
03E000
01C000
ENDCHAR
STARTCHAR 1E6D
ENCODING 7789
SWIDTH 390 0
DWIDTH 13 0
BBX 10 28 2 -8
BITMAP
F000
F800
F800
F800
F800
FFC0
FFC0
FFC0
FFC0
F800
F800
F800
F800
F800
F800
FC00
FFC0
FFC0
7FC0
3F80
0400
0000
1C00
3E00
3F00
3F00
3E00
1E00
ENDCHAR
STARTCHAR 1E6E
ENCODING 7790
SWIDTH 540 0
DWIDTH 18 0
BBX 17 28 1 -7
BITMAP
FFFF00
FFFF80
FFFF80
FFFF00
FFE000
07E000
07E000
07E000
07E000
07E000
07E000
07E000
07E000
07E000
07E000
07E000
07E000
07E000
07E000
07E000
03E000
000000
000000
0FF800
1FFC00
3FFC00
1FFC00
1FF800
ENDCHAR
STARTCHAR 1E6F
ENCODING 7791
SWIDTH 390 0
DWIDTH 13 0
BBX 12 27 1 -7
BITMAP
7800
7C00
7C00
7C00
7C00
7FE0
7FE0
7FE0
7FE0
7C00
7C00
7C00
7C00
7C00
7C00
7E00
7FE0
7FE0
3FE0
1FC0
0200
0000
0000
7FF0
FFF0
FFF0
7FF0
ENDCHAR
STARTCHAR 1E80
ENCODING 7808
SWIDTH 870 0
DWIDTH 29 0
BBX 27 29 1 0
BITMAP
00E00000
01F80000
01FE0000
01FF0000
007F0000
001F0000
00020000
00000000
780007C0
FC0007C0
FC0007E0
FC0007E0
FC0007C0
7E1F0FC0
7E3F8FC0
7E3F8FC0
7E3F8FC0
7E3F8FC0
7E7FCFC0
3E7FCF80
3F7BCF80
3F7BCF80
3FFBFF80
1FFBFF80
1FF9FF00
1FF1FF00
1FF1FF00
0FF0FF00
07E07C00
ENDCHAR
STARTCHAR 1E81
ENCODING 7809
SWIDTH 780 0
DWIDTH 26 0
BBX 24 26 1 0
BITMAP
008000
01E000
03F000
03F800
01FC00
00FE00
007E00
001C00
000000
200004
F8001F
F87E1F
FC7E1F
FC7F1F
FC7F1F
7CFF3F
7CFF3F
7CFFBE
7CFFBE
7FF7BE
3FE7BE
3FE7FC
3FE3FC
3FC3FC
1FC3FC
1FC1F8
ENDCHAR
STARTCHAR 1E82
ENCODING 7810
SWIDTH 870 0
DWIDTH 29 0
BBX 27 29 1 0
BITMAP
0001C000
0007E000
000FE000
003FE000
003F8000
003E0000
00080000
00000000
780007C0
FC0007C0
FC0007E0
FC0007E0
FC0007C0
7E1F0FC0
7E3F8FC0
7E3F8FC0
7E3F8FC0
7E3F8FC0
7E7FCFC0
3E7FCF80
3F7BCF80
3F7BCF80
3FFBFF80
1FFBFF80
1FF9FF00
1FF1FF00
1FF1FF00
0FF0FF00
07E07C00
ENDCHAR
STARTCHAR 1E83
ENCODING 7811
SWIDTH 780 0
DWIDTH 26 0
BBX 24 26 1 0
BITMAP
000200
0003C0
000FC0
001FC0
003FC0
003F80
003E00
003800
000000
200004
F8001F
F87E1F
FC7E1F
FC7F1F
FC7F1F
7CFF3F
7CFF3F
7CFFBE
7CFFBE
7FF7BE
3FE7BE
3FE7FC
3FE3FC
3FC3FC
1FC3FC
1FC1F8
ENDCHAR
STARTCHAR 1E84
ENCODING 7812
SWIDTH 870 0
DWIDTH 29 0
BBX 27 29 1 0
BITMAP
00E1E000
01F3E000
01F3F000
01FBF000
01F3F000
00E1E000
00000000
00000000
780007C0
FC0007C0
FC0007E0
FC0007E0
FC0007C0
7E1F0FC0
7E3F8FC0
7E3F8FC0
7E3F8FC0
7E3F8FC0
7E7FCFC0
3E7FCF80
3F7BCF80
3F7BCF80
3FFBFF80
1FFBFF80
1FF9FF00
1FF1FF00
1FF1FF00
0FF0FF00
07E07C00
ENDCHAR
STARTCHAR 1E85
ENCODING 7813
SWIDTH 780 0
DWIDTH 26 0
BBX 24 24 1 0
BITMAP
01C380
03E7C0
07E7E0
07E7E0
03E7C0
01C380
000000
200004
F8001F
F87E1F
FC7E1F
FC7F1F
FC7F1F
7CFF3F
7CFF3F
7CFFBE
7CFFBE
7FF7BE
3FE7BE
3FE7FC
3FE3FC
3FC3FC
1FC3FC
1FC1F8
ENDCHAR
STARTCHAR 1E8E
ENCODING 7822
SWIDTH 570 0
DWIDTH 19 0
BBX 18 29 0 0
BITMAP
00E000
01F000
01F000
01F800
01F000
00E000
000000
000000
380780
FC07C0
7E0FC0
7E0FC0
3F1FC0
3F1F80
1F9F80
1FBF00
0FFF00
0FFE00
07FE00
03FC00
03F800
01F800
01F800
01F800
01F800
01F800
01F800
01F800
00F800
ENDCHAR
STARTCHAR 1E8F
ENCODING 7823
SWIDTH 540 0
DWIDTH 18 0
BBX 16 30 1 -6
BITMAP
03C0
07E0
07E0
07E0
07E0
03C0
0000
2004
F81F
FC1F
FC1F
FC3F
7C3F
7E3F
7E3F
7E7E
3F7E
3F7E
1F7C
1FFC
1FF8
0FF8
07F0
07F0
07E0
0FE0
3FC0
3F80
3F80
1E00
ENDCHAR
STARTCHAR 1E92
ENCODING 7826
SWIDTH 540 0
DWIDTH 18 0
BBX 16 29 1 0
BITMAP
01C0
03E0
07E0
07E0
03E0
01C0
0000
0000
7FFE
FFFF
FFFF
7FFF
7FFF
00FF
00FE
01FC
03FC
07F8
0FF0
0FE0
1FE0
3FC0
7F80
7F00
FFFF
FFFF
FFFF
FFFF
7FFF
ENDCHAR
STARTCHAR 1E93
ENCODING 7827
SWIDTH 480 0
DWIDTH 16 0
BBX 14 24 1 0
BITMAP
0700
0F80
0FC0
0FC0
0F80
0780
0000
0000
7FF8
FFFC
FFFC
FFF8
7FF8
03F0
07E0
0FC0
1FC0
1F80
3F00
7FFC
FFFC
FFFC
FFFC
7FFC
ENDCHAR
STARTCHAR 1E97
ENCODING 7831
SWIDTH 390 0
DWIDTH 13 0
BBX 13 28 0 0
BITMAP
70F0
F9F8
FDF8
FDF8
F9F8
70F0
0000
0000
3E00
3E00
3E00
3E00
3E00
3FF0
3FF0
3FF0
3FF0
3E00
3E00
3E00
3E00
3E00
3E00
3F00
3FF0
3FF0
1FF0
0FE0
ENDCHAR
STARTCHAR 1E9E
ENCODING 7838
SWIDTH 600 0
DWIDTH 20 0
BBX 18 22 2 0
BITMAP
07E000
1FF800
7FFE00
7FFE00
FFFF00
FC3F00
F81F00
F87F00
F8FF00
F9FC00
F9F800
F9F800
F9FE00
F8FF00
F87F80
F81F80
F80FC0
F8FFC0
F9FF80
F9FF80
F9FF00
787C00
ENDCHAR
STARTCHAR 1EA0
ENCODING 7840
SWIDTH 630 0
DWIDTH 21 0
BBX 19 29 1 -8
BITMAP
01F000
07FC00
07FC00
0FFC00
0FFE00
0FFE00
1FBE00
1FBF00
1F3F00
3F1F00
3F1F00
3F1F80
3E1F80
7FFF80
7FFFC0
7FFFC0
FFFFC0
FC0FC0
FC07E0
FC07E0
F807E0
100080
000000
00E000
01F000
01F000
01F000
01F000
00E000
ENDCHAR
STARTCHAR 1EA1
ENCODING 7841
SWIDTH 540 0
DWIDTH 18 0
BBX 15 24 1 -7
BITMAP
0100
3FF0
7FFC
7FFE
7FFE
207E
003E
0FFE
7FFE
7FFE
FC3E
F83E
FFFE
FFFE
7FFE
3FFC
0FF0
0000
0380
07C0
07C0
07E0
07C0
0380
ENDCHAR
STARTCHAR 1EA2
ENCODING 7842
SWIDTH 630 0
DWIDTH 21 0
BBX 19 29 1 0
BITMAP
00E000
01F000
03F800
013800
007000
00E000
00C000
000000
01F000
07FC00
07FC00
0FFC00
0FFE00
0FFE00
1FBE00
1FBF00
1F3F00
3F1F00
3F1F00
3F1F80
3E1F80
7FFF80
7FFFC0
7FFFC0
FFFFC0
FC0FC0
FC07E0
FC07E0
F807E0
ENDCHAR
STARTCHAR 1EA3
ENCODING 7843
SWIDTH 540 0
DWIDTH 18 0
BBX 15 26 1 0
BITMAP
0380
07E0
07E0
04E0
00E0
01E0
03C0
0380
0100
0100
3FF0
7FFC
7FFE
7FFE
207E
003E
0FFE
7FFE
7FFE
FC3E
F83E
FFFE
FFFE
7FFE
3FFC
0FF0
ENDCHAR
STARTCHAR 1EA4
ENCODING 7844
SWIDTH 630 0
DWIDTH 21 0
BBX 20 34 1 0
BITMAP
000040
0000F0
0001F0
0003F0
0003E0
00E3C0
03F980
07FC00
0FFE00
0FBE00
0F1E00
020400
000000
01F000
07FC00
07FC00
0FFC00
0FFE00
0FFE00
1FBE00
1FBF00
1F3F00
3F1F00
3F1F00
3F1F80
3E1F80
7FFF80
7FFFC0
7FFFC0
FFFFC0
FC0FC0
FC07E0
FC07E0
F807E0
ENDCHAR
STARTCHAR 1EA5
ENCODING 7845
SWIDTH 540 0
DWIDTH 18 0
BBX 18 31 1 0
BITMAP
000100
0003C0
0007C0
0007C0
000F80
03CF00
07E600
1FF000
3FF800
3FFC00
3E7C00
1C3800
000000
000000
010000
3FF000
7FFC00
7FFE00
7FFE00
207E00
003E00
0FFE00
7FFE00
7FFE00
FC3E00
F83E00
FFFE00
FFFE00
7FFE00
3FFC00
0FF000
ENDCHAR
STARTCHAR 1EA6
ENCODING 7846
SWIDTH 630 0
DWIDTH 21 0
BBX 19 33 1 0
BITMAP
000700
000780
000FC0
0007E0
0043E0
01F1E0
03F800
0FFC00
0FFE00
0F9E00
060E00
000000
01F000
07FC00
07FC00
0FFC00
0FFE00
0FFE00
1FBE00
1FBF00
1F3F00
3F1F00
3F1F00
3F1F80
3E1F80
7FFF80
7FFFC0
7FFFC0
FFFFC0
FC0FC0
FC07E0
FC07E0
F807E0
ENDCHAR
STARTCHAR 1EA7
ENCODING 7847
SWIDTH 540 0
DWIDTH 18 0
BBX 17 31 1 0
BITMAP
001C00
003E00
003E00
001F00
000F80
07C700
0FE200
1FF000
3FF800
3EF800
3C7800
183800
000000
000000
010000
3FF000
7FFC00
7FFE00
7FFE00
207E00
003E00
0FFE00
7FFE00
7FFE00
FC3E00
F83E00
FFFE00
FFFE00
7FFE00
3FFC00
0FF000
ENDCHAR
STARTCHAR 1EA8
ENCODING 7848
SWIDTH 630 0
DWIDTH 21 0
BBX 20 34 1 0
BITMAP
0003C0
0007E0
0007F0
000270
0001E0
0063C0
01F980
07FC00
0FFE00
0FBE00
0F1E00
020400
000000
01F000
07FC00
07FC00
0FFC00
0FFE00
0FFE00
1FBE00
1FBF00
1F3F00
3F1F00
3F1F00
3F1F80
3E1F80
7FFF80
7FFFC0
7FFFC0
FFFFC0
FC0FC0
FC07E0
FC07E0
F807E0
ENDCHAR
STARTCHAR 1EA9
ENCODING 7849
SWIDTH 540 0
DWIDTH 18 0
BBX 18 31 1 0
BITMAP
000F00
000F80
001FC0
0009C0
0003C0
000780
03C700
0FE600
1FF000
3FF800
3FFC00
3E7C00
1C3800
000000
010000
3FF000
7FFC00
7FFE00
7FFE00
207E00
003E00
0FFE00
7FFE00
7FFE00
FC3E00
F83E00
FFFE00
FFFE00
7FFE00
3FFC00
0FF000
ENDCHAR
STARTCHAR 1EAA
ENCODING 7850
SWIDTH 630 0
DWIDTH 21 0
BBX 19 35 1 0
BITMAP
010800
07EE00
0FFE00
0FFE00
07FC00
000000
00E000
03F800
07FC00
0FFE00
0FFE00
0F1E00
060C00
000000
01F000
07FC00
07FC00
0FFC00
0FFE00
0FFE00
1FBE00
1FBF00
1F3F00
3F1F00
3F1F00
3F1F80
3E1F80
7FFF80
7FFFC0
7FFFC0
FFFFC0
FC0FC0
FC07E0
FC07E0
F807E0
ENDCHAR
STARTCHAR 1EAB
ENCODING 7851
SWIDTH 540 0
DWIDTH 18 0
BBX 15 32 1 0
BITMAP
0410
1FB8
3FF8
3FF8
1FF8
0000
0180
07E0
0FF0
1FF8
3FFC
3FFC
3E7C
1C38
0000
0100
3FF0
7FFC
7FFE
7FFE
207E
003E
0FFE
7FFE
7FFE
FC3E
F83E
FFFE
FFFE
7FFE
3FFC
0FF0
ENDCHAR
STARTCHAR 1EAC
ENCODING 7852
SWIDTH 630 0
DWIDTH 21 0
BBX 19 37 1 -8
BITMAP
00E000
03F800
07FC00
0FFE00
0FBE00
0F1E00
020400
000000
01F000
07FC00
07FC00
0FFC00
0FFE00
0FFE00
1FBE00
1FBF00
1F3F00
3F1F00
3F1F00
3F1F80
3E1F80
7FFF80
7FFFC0
7FFFC0
FFFFC0
FC0FC0
FC07E0
FC07E0
F807E0
100080
000000
00E000
01F000
01F000
01F800
01F000
00E000
ENDCHAR
STARTCHAR 1EAD
ENCODING 7853
SWIDTH 540 0
DWIDTH 18 0
BBX 15 33 1 -7
BITMAP
03C0
07E0
1FF0
3FF8
3FFC
3E7C
1C38
0000
0000
0100
3FF0
7FFC
7FFE
7FFE
207E
003E
0FFE
7FFE
7FFE
FC3E
F83E
FFFE
FFFE
7FFE
3FFC
0FF0
0000
0380
07C0
07C0
07C0
07C0
0380
ENDCHAR
STARTCHAR 1EAE
ENCODING 7854
SWIDTH 630 0
DWIDTH 21 0
BBX 19 35 1 0
BITMAP
001000
003800
007C00
00FC00
00F800
00E000
024800
0E1E00
0FFE00
0FFE00
0FFE00
07FC00
03F800
000000
01F000
07FC00
07FC00
0FFC00
0FFE00
0FFE00
1FBE00
1FBF00
1F3F00
3F1F00
3F1F00
3F1F80
3E1F80
7FFF80
7FFFC0
7FFFC0
FFFFC0
FC0FC0
FC07E0
FC07E0
F807E0
ENDCHAR
STARTCHAR 1EAF
ENCODING 7855
SWIDTH 540 0
DWIDTH 18 0
BBX 15 32 1 0
BITMAP
0040
00F0
01F0
03F0
03E0
03C0
08A0
1C38
3FFC
3FFC
3FF8
1FF8
07E0
0000
0000
0100
3FF0
7FFC
7FFE
7FFE
207E
003E
0FFE
7FFE
7FFE
FC3E
F83E
FFFE
FFFE
7FFE
3FFC
0FF0
ENDCHAR
STARTCHAR 1EB0
ENCODING 7856
SWIDTH 630 0
DWIDTH 21 0
BBX 19 35 1 0
BITMAP
010000
078000
07C000
07E000
03F000
01E000
02E800
0E1E00
0FFE00
0FFE00
0FFE00
07FC00
03F800
000000
01F000
07FC00
07FC00
0FFC00
0FFE00
0FFE00
1FBE00
1FBF00
1F3F00
3F1F00
3F1F00
3F1F80
3E1F80
7FFF80
7FFFC0
7FFFC0
FFFFC0
FC0FC0
FC07E0
FC07E0
F807E0
ENDCHAR
STARTCHAR 1EB1
ENCODING 7857
SWIDTH 540 0
DWIDTH 18 0
BBX 15 32 1 0
BITMAP
0400
0F00
1F00
0F80
07C0
03C0
08A0
1C38
3FFC
3FFC
3FF8
1FF8
07E0
0000
0000
0100
3FF0
7FFC
7FFE
7FFE
207E
003E
0FFE
7FFE
7FFE
FC3E
F83E
FFFE
FFFE
7FFE
3FFC
0FF0
ENDCHAR
STARTCHAR 1EB2
ENCODING 7858
SWIDTH 630 0
DWIDTH 21 0
BBX 19 36 1 0
BITMAP
00E000
01F000
01F800
013800
007800
00F000
00E000
00E000
0E0E00
0FFE00
0FFE00
0FFE00
07FC00
03F800
000000
01F000
07FC00
07FC00
0FFC00
0FFE00
0FFE00
1FBE00
1FBF00
1F3F00
3F1F00
3F1F00
3F1F80
3E1F80
7FFF80
7FFFC0
7FFFC0
FFFFC0
FC0FC0
FC07E0
FC07E0
F807E0
ENDCHAR
STARTCHAR 1EB3
ENCODING 7859
SWIDTH 540 0
DWIDTH 18 0
BBX 15 32 1 0
BITMAP
03C0
07E0
07F0
0270
01E0
01C0
0380
1CB8
3FFC
3FFC
3FF8
1FF8
07E0
0000
0000
0100
3FF0
7FFC
7FFE
7FFE
207E
003E
0FFE
7FFE
7FFE
FC3E
F83E
FFFE
FFFE
7FFE
3FFC
0FF0
ENDCHAR
STARTCHAR 1EB4
ENCODING 7860
SWIDTH 630 0
DWIDTH 21 0
BBX 19 35 1 0
BITMAP
020800
0FDC00
0FFE00
0FFE00
07FC00
000000
000000
0E1E00
0FFE00
0FFE00
0FFE00
07FC00
03F800
000000
01F000
07FC00
07FC00
0FFC00
0FFE00
0FFE00
1FBE00
1FBF00
1F3F00
3F1F00
3F1F00
3F1F80
3E1F80
7FFF80
7FFFC0
7FFFC0
FFFFC0
FC0FC0
FC07E0
FC07E0
F807E0
ENDCHAR
STARTCHAR 1EB5
ENCODING 7861
SWIDTH 540 0
DWIDTH 18 0
BBX 15 32 1 0
BITMAP
0420
1FB8
3FF8
3FF8
1FF0
0000
0000
1C38
3FFC
3FFC
3FF8
1FF8
07E0
0000
0000
0100
3FF0
7FFC
7FFE
7FFE
207E
003E
0FFE
7FFE
7FFE
FC3E
F83E
FFFE
FFFE
7FFE
3FFC
0FF0
ENDCHAR
STARTCHAR 1EB6
ENCODING 7862
SWIDTH 630 0
DWIDTH 21 0
BBX 19 37 1 -8
BITMAP
020800
0E1E00
0FFE00
0FFE00
0FFE00
07FC00
03F800
000000
01F000
07FC00
07FC00
0FFC00
0FFE00
0FFE00
1FBE00
1FBF00
1F3F00
3F1F00
3F1F00
3F1F80
3E1F80
7FFF80
7FFFC0
7FFFC0
FFFFC0
FC0FC0
FC07E0
FC07E0
F807E0
100080
000000
00E000
01F000
01F000
01F800
01F000
00E000
ENDCHAR
STARTCHAR 1EB7
ENCODING 7863
SWIDTH 540 0
DWIDTH 18 0
BBX 15 33 1 -7
BITMAP
0410
1C38
3FFC
3FFC
1FFC
1FF8
07E0
0000
0000
0100
3FF0
7FFC
7FFE
7FFE
207E
003E
0FFE
7FFE
7FFE
FC3E
F83E
FFFE
FFFE
7FFE
3FFC
0FF0
0000
0380
07C0
07E0
07E0
07C0
0380
ENDCHAR
STARTCHAR 1EB8
ENCODING 7864
SWIDTH 540 0
DWIDTH 18 0
BBX 15 29 2 -8
BITMAP
7FFC
FFFC
FFFC
FFFC
FC00
FC00
FC00
FC00
FFF8
FFF8
FFFC
FFF8
FC00
FC00
FC00
FC00
FFFC
FFFC
FFFE
FFFE
7FFC
0000
0000
0380
07C0
0FC0
0FC0
07C0
0380
ENDCHAR
STARTCHAR 1EB9
ENCODING 7865
SWIDTH 540 0
DWIDTH 18 0
BBX 16 24 1 -7
BITMAP
0080
0FF8
3FFC
3FFE
7FFF
FC3F
F81F
FFFF
FFFF
FFFC
FE00
FC00
7FFE
7FFE
3FFE
1FFE
03F8
0000
03C0
03E0
07E0
07E0
03E0
03C0
ENDCHAR
STARTCHAR 1EBA
ENCODING 7866
SWIDTH 540 0
DWIDTH 18 0
BBX 15 30 2 0
BITMAP
0380
07E0
07E0
04E0
01E0
03C0
0380
0000
0000
7FFC
FFFC
FFFC
FFFC
FC00
FC00
FC00
FC00
FFF8
FFF8
FFFC
FFF8
FC00
FC00
FC00
FC00
FFFC
FFFC
FFFE
FFFE
7FFC
ENDCHAR
STARTCHAR 1EBB
ENCODING 7867
SWIDTH 540 0
DWIDTH 18 0
BBX 16 26 1 0
BITMAP
03C0
07E0
07E0
04E0
01E0
03C0
0380
0380
0000
0080
0FF8
3FFC
3FFE
7FFF
FC3F
F81F
FFFF
FFFF
FFFC
FE00
FC00
7FFE
7FFE
3FFE
1FFE
03F8
ENDCHAR
STARTCHAR 1EBC
ENCODING 7868
SWIDTH 540 0
DWIDTH 18 0
BBX 15 29 2 0
BITMAP
3C30
7FF8
7FF8
7FF8
7FF8
31F0
0000
0000
7FFC
FFFC
FFFC
FFFC
FC00
FC00
FC00
FC00
FFF8
FFF8
FFFC
FFF8
FC00
FC00
FC00
FC00
FFFC
FFFC
FFFE
FFFE
7FFC
ENDCHAR
STARTCHAR 1EBD
ENCODING 7869
SWIDTH 540 0
DWIDTH 18 0
BBX 16 25 1 0
BITMAP
1E18
3FFC
3FFC
3FFC
3FFC
18F8
0000
0000
0080
0FF8
3FFC
3FFE
7FFF
FC3F
F81F
FFFF
FFFF
FFFC
FE00
FC00
7FFE
7FFE
3FFE
1FFE
03F8
ENDCHAR
STARTCHAR 1EBE
ENCODING 7870
SWIDTH 540 0
DWIDTH 18 0
BBX 17 34 2 0
BITMAP
000100
000780
000780
000F80
001F80
079E00
0FCC00
3FE000
7FF000
7FF800
38F000
102000
000000
7FFC00
7FFE00
FFFE00
FFFC00
FC0000
FC0000
FC0000
FC0000
FFF800
FFFC00
FFFC00
FFFC00
FC0000
FC0000
FC0000
FC0000
FFFC00
FFFE00
FFFE00
FFFE00
7FFC00
ENDCHAR
STARTCHAR 1EBF
ENCODING 7871
SWIDTH 540 0
DWIDTH 18 0
BBX 17 31 1 0
BITMAP
000100
000780
000780
000F80
001F80
03DE00
07EC00
1FF000
3FF800
3FFC00
3E7C00
183800
000000
000000
008000
0FF800
3FFC00
3FFE00
7FFF00
FC3F00
F81F00
FFFF00
FFFF00
FFFC00
FE0000
FC0000
7FFE00
7FFE00
3FFE00
1FFE00
03F800
ENDCHAR
STARTCHAR 1EC0
ENCODING 7872
SWIDTH 540 0
DWIDTH 18 0
BBX 16 34 2 0
BITMAP
0018
003C
003E
001F
020F
0F87
1FE0
3FF0
7FF8
7CF0
3070
0000
0000
7FFC
7FFE
FFFE
FFFC
FC00
FC00
FC00
FC00
FFF8
FFFC
FFFC
FFFC
FC00
FC00
FC00
FC00
FFFC
FFFE
FFFE
FFFE
7FFC
ENDCHAR
STARTCHAR 1EC1
ENCODING 7873
SWIDTH 540 0
DWIDTH 18 0
BBX 16 31 1 0
BITMAP
0038
007C
007E
003E
001F
03CF
0FE2
1FF0
3FF8
3FFC
3E7C
1838
0000
0000
0080
0FF8
3FFC
3FFE
7FFF
FC3F
F81F
FFFF
FFFF
FFFC
FE00
FC00
7FFE
7FFE
3FFE
1FFE
03F8
ENDCHAR
STARTCHAR 1EC2
ENCODING 7874
SWIDTH 540 0
DWIDTH 18 0
BBX 17 34 2 0
BITMAP
001F00
001F80
001F80
001380
000700
030E00
0FCE00
3FE000
7FF000
7CF800
387000
000000
000000
7FFC00
7FFE00
FFFE00
FFFC00
FC0000
FC0000
FC0000
FC0000
FFF800
FFFC00
FFFC00
FFFC00
FC0000
FC0000
FC0000
FC0000
FFFC00
FFFE00
FFFE00
FFFE00
7FFC00
ENDCHAR
STARTCHAR 1EC3
ENCODING 7875
SWIDTH 540 0
DWIDTH 18 0
BBX 18 31 1 0
BITMAP
000F00
001F80
001FC0
0009C0
000380
000780
03C700
0FE600
1FF000
3FF800
3FFC00
3E7C00
1C3800
000000
008000
0FF800
3FFC00
3FFE00
7FFF00
FC3F00
F81F00
FFFF00
FFFF00
FFFC00
FE0000
FC0000
7FFE00
7FFE00
3FFE00
1FFE00
03F800
ENDCHAR
STARTCHAR 1EC4
ENCODING 7876
SWIDTH 540 0
DWIDTH 18 0
BBX 15 35 2 0
BITMAP
0840
3F70
7FF0
7FF0
3FE0
0000
0780
0FC0
3FE0
7FF0
7FF8
38F0
0000
0000
7FFC
FFFC
FFFC
FFFC
FC00
FC00
FC00
FC00
FFF8
FFF8
FFFC
FFF8
FC00
FC00
FC00
FC00
FFFC
FFFC
FFFE
FFFE
7FFC
ENDCHAR
STARTCHAR 1EC5
ENCODING 7877
SWIDTH 540 0
DWIDTH 18 0
BBX 16 32 1 0
BITMAP
0410
1FB8
3FF8
3FF8
1FF8
0000
0180
07E0
0FF0
1FF8
3FFC
3FFC
3E7C
1C38
0000
0080
0FF8
3FFC
3FFE
7FFF
FC3F
F81F
FFFF
FFFF
FFFC
FE00
FC00
7FFE
7FFE
3FFE
1FFE
03F8
ENDCHAR
STARTCHAR 1EC6
ENCODING 7878
SWIDTH 540 0
DWIDTH 18 0
BBX 15 37 2 -8
BITMAP
0780
0FC0
3FE0
7FF0
7FF8
38F0
1020
0000
7FFC
FFFC
FFFC
FFFC
FC00
FC00
FC00
FC00
FFF8
FFF8
FFFC
FFF8
FC00
FC00
FC00
FC00
FFFC
FFFC
FFFE
FFFE
7FFC
0000
0000
0380
07C0
07C0
07C0
07C0
0380
ENDCHAR
STARTCHAR 1EC7
ENCODING 7879
SWIDTH 540 0
DWIDTH 18 0
BBX 16 33 1 -7
BITMAP
03C0
07E0
0FF0
1FF8
3FFC
3E7C
1C38
0000
0000
0080
0FF8
3FFC
3FFE
7FFF
FC3F
F81F
FFFF
FFFF
FFFC
FE00
FC00
7FFE
7FFE
3FFE
1FFE
03F8
0000
01C0
03E0
07E0
07E0
03E0
01C0
ENDCHAR
STARTCHAR 1EC8
ENCODING 7880
SWIDTH 300 0
DWIDTH 10 0
BBX 6 30 2 0
BITMAP
70
F8
FC
9C
3C
78
70
20
00
F8
FC
FC
FC
FC
FC
FC
FC
FC
FC
FC
FC
FC
FC
FC
FC
FC
FC
FC
FC
7C
ENDCHAR
STARTCHAR 1EC9
ENCODING 7881
SWIDTH 270 0
DWIDTH 9 0
BBX 7 26 1 0
BITMAP
78
FC
FE
4E
1C
3C
78
30
00
00
7C
7C
7C
7C
7C
7C
7C
7C
7C
7C
7C
7C
7C
7C
7C
3C
ENDCHAR
STARTCHAR 1ECA
ENCODING 7882
SWIDTH 300 0
DWIDTH 10 0
BBX 6 29 2 -8
BITMAP
F8
FC
FC
FC
FC
FC
FC
FC
FC
FC
FC
FC
FC
FC
FC
FC
FC
FC
FC
FC
7C
00
00
38
7C
FC
FC
7C
38
ENDCHAR
STARTCHAR 1ECB
ENCODING 7883
SWIDTH 270 0
DWIDTH 9 0
BBX 6 32 2 -8
BITMAP
70
F8
FC
FC
F8
70
00
00
F8
F8
F8
F8
F8
F8
F8
F8
F8
F8
F8
F8
F8
F8
F8
78
00
00
70
F8
FC
FC
F8
70
ENDCHAR
STARTCHAR 1ECC
ENCODING 7884
SWIDTH 690 0
DWIDTH 23 0
BBX 21 29 1 -7
BITMAP
002000
03FE00
0FFF80
1FFFC0
3FFFE0
7F87F0
7E03F0
7E03F8
FC01F8
FC01F8
FC01F8
FC01F8
FC01F8
FC01F8
7E01F8
7E03F0
7F07F0
3FFFE0
3FFFE0
1FFFC0
07FF00
01FC00
000000
007000
00F800
00FC00
00F800
00F800
007000
ENDCHAR
STARTCHAR 1ECD
ENCODING 7885
SWIDTH 570 0
DWIDTH 19 0
BBX 17 24 1 -7
BITMAP
008000
0FF800
1FFE00
3FFF00
7FFF00
7E3F80
FC1F80
FC1F80
FC0F80
FC0F80
FC1F80
FE1F80
7FFF80
7FFF00
3FFE00
1FFC00
07F000
000000
01C000
03E000
03F000
03F000
03E000
01C000
ENDCHAR
STARTCHAR 1ECE
ENCODING 7886
SWIDTH 690 0
DWIDTH 23 0
BBX 21 30 1 0
BITMAP
00F000
01F800
01FC00
009C00
003800
007000
007000
002000
002000
03FE00
0FFF80
1FFFC0
3FFFE0
7F87F0
7E03F0
7E03F8
FC01F8
FC01F8
FC01F8
FC01F8
FC01F8
FC01F8
7E01F8
7E03F0
7F07F0
3FFFE0
3FFFE0
1FFFC0
07FF00
01FC00
ENDCHAR
STARTCHAR 1ECF
ENCODING 7887
SWIDTH 570 0
DWIDTH 19 0
BBX 17 26 1 0
BITMAP
01E000
03F000
03F000
027000
00F000
01E000
01C000
01C000
000000
008000
0FF800
1FFE00
3FFF00
7FFF00
7E3F80
FC1F80
FC1F80
FC0F80
FC0F80
FC1F80
FE1F80
7FFF80
7FFF00
3FFE00
1FFC00
07F000
ENDCHAR
STARTCHAR 1ED0
ENCODING 7888
SWIDTH 690 0
DWIDTH 23 0
BBX 21 34 1 0
BITMAP
000070
0000F8
0000F8
0001F0
0021E0
00F9C0
01FC00
03FE00
07FF00
07CF00
030700
000000
002000
03FE00
0FFF80
1FFFC0
3FFFE0
7F87F0
7E03F0
7E03F8
FC01F8
FC01F8
FC01F8
FC01F8
FC01F8
FC01F8
7E01F8
7E03F0
7F07F0
3FFFE0
3FFFE0
1FFFC0
07FF00
01FC00
ENDCHAR
STARTCHAR 1ED1
ENCODING 7889
SWIDTH 570 0
DWIDTH 19 0
BBX 19 31 1 0
BITMAP
000080
0001E0
0003E0
0007E0
0007C0
01C780
07F300
0FF800
1FFC00
1F7C00
1E3C00
0C1C00
000000
000000
008000
0FF800
1FFE00
3FFF00
7FFF00
7E3F80
FC1F80
FC1F80
FC0F80
FC0F80
FC1F80
FE1F80
7FFF80
7FFF00
3FFE00
1FFC00
07F000
ENDCHAR
STARTCHAR 1ED2
ENCODING 7890
SWIDTH 690 0
DWIDTH 23 0
BBX 21 34 1 0
BITMAP
000380
0007C0
0007E0
0003E0
0021F0
00F8E0
01FC00
03FE00
07FF00
07CF00
030700
000000
002000
03FE00
0FFF80
1FFFC0
3FFFE0
7F87F0
7E03F0
7E03F8
FC01F8
FC01F8
FC01F8
FC01F8
FC01F8
FC01F8
7E01F8
7E03F0
7F07F0
3FFFE0
3FFFE0
1FFFC0
07FF00
01FC00
ENDCHAR
STARTCHAR 1ED3
ENCODING 7891
SWIDTH 570 0
DWIDTH 19 0
BBX 18 31 1 0
BITMAP
000E00
001F00
001F00
000F80
0007C0
01E380
07F100
0FF800
1FFC00
1F7C00
1E3C00
0C1C00
000000
000000
008000
0FF800
1FFE00
3FFF00
7FFF00
7E3F80
FC1F80
FC1F80
FC0F80
FC0F80
FC1F80
FE1F80
7FFF80
7FFF00
3FFE00
1FFC00
07F000
ENDCHAR
STARTCHAR 1ED4
ENCODING 7892
SWIDTH 690 0
DWIDTH 23 0
BBX 21 35 1 0
BITMAP
0001E0
0003F0
0003F0
000270
000070
0001E0
00F9C0
01FCC0
03FE00
07FF00
07DF00
038F00
000000
002000
03FE00
0FFF80
1FFFC0
3FFFE0
7F87F0
7E03F0
7E03F8
FC01F8
FC01F8
FC01F8
FC01F8
FC01F8
FC01F8
7E01F8
7E03F0
7F07F0
3FFFE0
3FFFE0
1FFFC0
07FF00
01FC00
ENDCHAR
STARTCHAR 1ED5
ENCODING 7893
SWIDTH 570 0
DWIDTH 19 0
BBX 19 31 1 0
BITMAP
000780
000FC0
000FC0
0004E0
0001C0
0003C0
03E700
07F300
0FF800
1FFC00
1FFC00
1E3C00
0C1C00
000000
008000
0FF800
1FFE00
3FFF00
7FFF00
7E3F80
FC1F80
FC1F80
FC0F80
FC0F80
FC1F80
FE1F80
7FFF80
7FFF00
3FFE00
1FFC00
07F000
ENDCHAR
STARTCHAR 1ED6
ENCODING 7894
SWIDTH 690 0
DWIDTH 23 0
BBX 21 35 1 0
BITMAP
03C600
07FF00
07FF00
07FF00
00F800
000000
00F800
01FC00
03FE00
07FF00
07DF00
078F00
010200
002000
03FE00
0FFF80
1FFFC0
3FFFE0
7F87F0
7E03F0
7E03F8
FC01F8
FC01F8
FC01F8
FC01F8
FC01F8
FC01F8
7E01F8
7E03F0
7F07F0
3FFFE0
3FFFE0
1FFFC0
07FF00
01FC00
ENDCHAR
STARTCHAR 1ED7
ENCODING 7895
SWIDTH 570 0
DWIDTH 19 0
BBX 17 32 1 0
BITMAP
041000
1FBC00
1FFC00
1FFC00
0FF800
000000
00C000
03E000
07F000
0FF800
1FFC00
1F7C00
1E3C00
0C1C00
000000
008000
0FF800
1FFE00
3FFF00
7FFF00
7E3F80
FC1F80
FC1F80
FC0F80
FC0F80
FC1F80
FE1F80
7FFF80
7FFF00
3FFE00
1FFC00
07F000
ENDCHAR
STARTCHAR 1ED8
ENCODING 7896
SWIDTH 690 0
DWIDTH 23 0
BBX 21 37 1 -7
BITMAP
002000
00F800
01FC00
03FE00
07FF00
07CF00
030700
000000
002000
03FE00
0FFF80
1FFFC0
3FFFE0
7F87F0
7E03F0
7E03F8
FC01F8
FC01F8
FC01F8
FC01F8
FC01F8
FC01F8
7E01F8
7E03F0
7F07F0
3FFFE0
3FFFE0
1FFFC0
07FF00
01FC00
000000
007000
00F800
00FC00
00F800
00F800
007000
ENDCHAR
STARTCHAR 1ED9
ENCODING 7897
SWIDTH 570 0
DWIDTH 19 0
BBX 17 33 1 -7
BITMAP
01C000
07F000
0FF800
1FFC00
1F7C00
1E3C00
0C1C00
000000
000000
008000
0FF800
1FFE00
3FFF00
7FFF00
7E3F80
FC1F80
FC1F80
FC0F80
FC0F80
FC1F80
FE1F80
7FFF80
7FFF00
3FFE00
1FFC00
07F000
000000
01C000
03E000
03F000
03F000
03E000
01C000
ENDCHAR
STARTCHAR 1EDA
ENCODING 7898
SWIDTH 750 0
DWIDTH 25 0
BBX 25 28 1 0
BITMAP
001E0000
003F0000
00FF0000
01FE0000
01F80000
00E00000
00200F00
03FF0F80
0FFF8F80
1FFFCF80
3FFFFF80
7F87FF00
7E03FF00
7E03FE00
FC01F800
FC01F800
FC01F800
FC01F800
FC01F800
FC01F800
7E01F800
7E03F000
7F07F000
3FFFF000
3FFFE000
1FFFC000
07FF8000
01FC0000
ENDCHAR
STARTCHAR 1EDB
ENCODING 7899
SWIDTH 660 0
DWIDTH 22 0
BBX 21 26 1 0
BITMAP
007000
00F800
01F800
03F800
07F000
0FE020
07C0F0
0700F8
0000F8
0080F8
0FF8F0
1FFDF0
3FFFF0
7FFFE0
7E3FC0
FC1F80
FC1F80
FC0F80
FC0F80
FC1F80
FE1F80
7FFF80
7FFF00
3FFE00
1FFC00
07F000
ENDCHAR
STARTCHAR 1EDC
ENCODING 7900
SWIDTH 750 0
DWIDTH 25 0
BBX 25 29 1 0
BITMAP
01C00000
03F00000
03FC0000
03FE0000
01FE0000
007E0000
001E0000
00200F00
03FF0F80
0FFF8F80
1FFFCF80
3FFFFF80
7F87FF00
7E03FF00
7E03FE00
FC01F800
FC01F800
FC01F800
FC01F800
FC01F800
FC01F800
7E01F800
7E03F000
7F07F000
3FFFF000
3FFFE000
1FFFC000
07FF8000
01FC0000
ENDCHAR
STARTCHAR 1EDD
ENCODING 7901
SWIDTH 660 0
DWIDTH 22 0
BBX 21 26 1 0
BITMAP
0E0000
0F8000
1FC000
1FE000
07F000
03F020
00F0F0
0040F8
0000F8
0080F8
0FF9F0
1FFDF0
3FFFF0
7FFFE0
7E3FC0
FC1F80
FC1F80
FC0F80
FC0F80
FC1F80
FE1F80
7FFF80
7FFF00
3FFE00
1FFC00
07F000
ENDCHAR
STARTCHAR 1EDE
ENCODING 7902
SWIDTH 750 0
DWIDTH 25 0
BBX 25 30 1 0
BITMAP
00F00000
01F80000
01FC0000
009C0000
003C0000
00780000
00700000
00600000
00200F00
03FF0F80
0FFF8F80
1FFFCF80
3FFFFF80
7F87FF00
7E03FF00
7E03FE00
FC01F800
FC01F800
FC01F800
FC01F800
FC01F800
FC01F800
7E01F800
7E03F000
7F07F000
3FFFF000
3FFFE000
1FFFC000
07FF8000
01FC0000
ENDCHAR
STARTCHAR 1EDF
ENCODING 7903
SWIDTH 660 0
DWIDTH 22 0
BBX 21 26 1 0
BITMAP
01E000
03F000
03F000
027000
00F000
01E000
01C0F0
01C0F8
0000F8
0080F8
0FF8F8
1FFDF0
3FFFF0
7FFFE0
7E3FC0
FC1F80
FC1F80
FC0F80
FC0F80
FC1F80
FE1F80
7FFF80
7FFF00
3FFE00
1FFC00
07F000
ENDCHAR
STARTCHAR 1EE0
ENCODING 7904
SWIDTH 750 0
DWIDTH 25 0
BBX 25 30 1 0
BITMAP
03C20000
07FF0000
0FFF8000
0FFF8000
07FF0000
061E0000
00000000
00000000
00200F00
03FF0F80
0FFF8F80
1FFFCF80
3FFFFF80
7F87FF00
7E03FF00
7E03FE00
FC01F800
FC01F800
FC01F800
FC01F800
FC01F800
FC01F800
7E01F800
7E03F000
7F07F000
3FFFF000
3FFFE000
1FFFC000
07FF8000
01FC0000
ENDCHAR
STARTCHAR 1EE1
ENCODING 7905
SWIDTH 660 0
DWIDTH 22 0
BBX 21 25 1 0
BITMAP
0F0C00
1FFC00
3FFE00
3FFE00
1FFC00
0C78F0
0000F8
0000F8
0080F8
0FF8F8
1FFDF0
3FFFF0
7FFFE0
7E3FC0
FC1F80
FC1F80
FC0F80
FC0F80
FC1F80
FE1F80
7FFF80
7FFF00
3FFE00
1FFC00
07F000
ENDCHAR
STARTCHAR 1EE2
ENCODING 7906
SWIDTH 750 0
DWIDTH 25 0
BBX 25 29 1 -7
BITMAP
00200F00
03FF0F80
0FFF8F80
1FFFCF80
3FFFFF80
7F87FF00
7E03FF00
7E03FE00
FC01F800
FC01F800
FC01F800
FC01F800
FC01F800
FC01F800
7E01F800
7E03F000
7F07F000
3FFFF000
3FFFE000
1FFFC000
07FF8000
01FC0000
00000000
00700000
00F80000
00FC0000
00F80000
00F80000
00700000
ENDCHAR
STARTCHAR 1EE3
ENCODING 7907
SWIDTH 660 0
DWIDTH 22 0
BBX 21 28 1 -7
BITMAP
000020
0000F0
0000F8
0000F8
0080F8
0FF8F0
1FFDF0
3FFFF0
7FFFE0
7E3FC0
FC1F80
FC1F80
FC0F80
FC0F80
FC1F80
FE1F80
7FFF80
7FFF00
3FFE00
1FFC00
07F000
000000
01C000
03E000
03F000
03F000
03E000
01C000
ENDCHAR
STARTCHAR 1EE4
ENCODING 7908
SWIDTH 660 0
DWIDTH 22 0
BBX 18 28 2 -7
BITMAP
F80F80
FC0FC0
FC0FC0
FC0FC0
FC0FC0
FC0FC0
FC0FC0
FC0FC0
FC0FC0
FC0FC0
FC0FC0
FC0FC0
FC0FC0
FC0FC0
FC0FC0
FE1FC0
7FFF80
7FFF80
3FFF00
1FFE00
07F000
000000
01E000
01F000
03F000
03F000
01F000
01E000
ENDCHAR
STARTCHAR 1EE5
ENCODING 7909
SWIDTH 570 0
DWIDTH 19 0
BBX 15 23 2 -7
BITMAP
F83E
F83E
F83E
F83E
F83E
F83E
F83E
F83E
F83E
F83E
FC3E
FFFE
FFFE
7FFE
3FFC
0FF0
0000
0380
07C0
07E0
07E0
07C0
03C0
ENDCHAR
STARTCHAR 1EE6
ENCODING 7910
SWIDTH 660 0
DWIDTH 22 0
BBX 18 30 2 0
BITMAP
01E000
03F000
03F000
027000
00F000
01E000
01C000
008000
000000
F80F80
FC0FC0
FC0FC0
FC0FC0
FC0FC0
FC0FC0
FC0FC0
FC0FC0
FC0FC0
FC0FC0
FC0FC0
FC0FC0
FC0FC0
FC0FC0
FC0FC0
FE1FC0
7FFF80
7FFF80
3FFF00
1FFE00
07F000
ENDCHAR
STARTCHAR 1EE7
ENCODING 7911
SWIDTH 570 0
DWIDTH 19 0
BBX 15 26 2 0
BITMAP
03C0
07E0
07E0
04E0
01E0
03C0
0380
0380
0000
0000
F83E
F83E
F83E
F83E
F83E
F83E
F83E
F83E
F83E
F83E
FC3E
FFFE
FFFE
7FFE
3FFC
0FF0
ENDCHAR
STARTCHAR 1EE8
ENCODING 7912
SWIDTH 780 0
DWIDTH 26 0
BBX 24 28 2 0
BITMAP
007800
01F800
03F800
07F800
0FE000
070000
00000F
F80F9F
FC0FDF
FC0FDF
FC0FFF
FC0FFF
FC0FFE
FC0FFC
FC0FF8
FC0FC0
FC0FC0
FC0FC0
FC0FC0
FC0FC0
FC0FC0
FC0FC0
FC1F80
7FFF80
7FFF80
3FFF00
1FFE00
07F000
ENDCHAR
STARTCHAR 1EE9
ENCODING 7913
SWIDTH 720 0
DWIDTH 24 0
BBX 22 26 2 0
BITMAP
007000
00F800
01F800
03F800
07F800
07E010
07C078
07007C
00007C
00007C
F83EF8
F83EF8
F83FF0
F83FF0
F83FE0
F83F80
F83E00
F83E00
F83E00
F83E00
FC3E00
FFFE00
FFFE00
7FFE00
3FFC00
0FF000
ENDCHAR
STARTCHAR 1EEA
ENCODING 7914
SWIDTH 780 0
DWIDTH 26 0
BBX 24 29 2 0
BITMAP
0E0000
1F8000
1FE000
1FF000
0FF000
03F000
00F000
00000F
F80F9F
FC0FDF
FC0FDF
FC0FFF
FC0FFF
FC0FFE
FC0FFC
FC0FF8
FC0FC0
FC0FC0
FC0FC0
FC0FC0
FC0FC0
FC0FC0
FC0FC0
FC1F80
7FFF80
7FFF80
3FFF00
1FFE00
07F000
ENDCHAR
STARTCHAR 1EEB
ENCODING 7915
SWIDTH 720 0
DWIDTH 24 0
BBX 22 26 2 0
BITMAP
1C0000
1E0000
3F8000
3FC000
0FE000
07E010
03C078
00807C
00007C
00007C
F83EF8
F83EF8
F83FF0
F83FF0
F83FE0
F83F80
F83E00
F83E00
F83E00
F83E00
FC3E00
FFFE00
FFFE00
7FFE00
3FFC00
0FF000
ENDCHAR
STARTCHAR 1EEC
ENCODING 7916
SWIDTH 780 0
DWIDTH 26 0
BBX 24 30 2 0
BITMAP
01E000
03F000
03F000
027000
00F000
01E000
01C000
01C000
00000F
F80F9F
FC0FDF
FC0FDF
FC0FFF
FC0FFF
FC0FFE
FC0FFC
FC0FF8
FC0FC0
FC0FC0
FC0FC0
FC0FC0
FC0FC0
FC0FC0
FC0FC0
FC1F80
7FFF80
7FFF80
3FFF00
1FFE00
07F000
ENDCHAR
STARTCHAR 1EED
ENCODING 7917
SWIDTH 720 0
DWIDTH 24 0
BBX 22 26 2 0
BITMAP
078000
07C000
0FE000
04E000
01E000
03C000
038078
03807C
00007C
00007C
F83EFC
F83EF8
F83FF8
F83FF0
F83FE0
F83F80
F83E00
F83E00
F83E00
F83E00
FC3E00
FFFE00
FFFE00
7FFE00
3FFC00
0FF000
ENDCHAR
STARTCHAR 1EEE
ENCODING 7918
SWIDTH 780 0
DWIDTH 26 0
BBX 24 30 2 0
BITMAP
0F1800
1FFC00
3FFE00
3FFC00
3FFC00
187800
000000
000000
00000F
F80F9F
FC0FDF
FC0FDF
FC0FFF
FC0FFF
FC0FFE
FC0FFC
FC0FF8
FC0FC0
FC0FC0
FC0FC0
FC0FC0
FC0FC0
FC0FC0
FC0FC0
FC1F80
7FFF80
7FFF80
3FFF00
1FFE00
07F000
ENDCHAR
STARTCHAR 1EEF
ENCODING 7919
SWIDTH 720 0
DWIDTH 24 0
BBX 22 25 2 0
BITMAP
1E1000
3FF800
7FFC00
7FFC00
3FF800
30F078
00007C
00007C
00007C
F83EF8
F83EF8
F83FF0
F83FF0
F83FE0
F83F80
F83E00
F83E00
F83E00
F83E00
FC3E00
FFFE00
FFFE00
7FFE00
3FFC00
0FF000
ENDCHAR
STARTCHAR 1EF0
ENCODING 7920
SWIDTH 780 0
DWIDTH 26 0
BBX 24 29 2 -7
BITMAP
00000F
F80F9F
FC0FDF
FC0FDF
FC0FFF
FC0FFF
FC0FFE
FC0FFC
FC0FF8
FC0FC0
FC0FC0
FC0FC0
FC0FC0
FC0FC0
FC0FC0
FC0FC0
FC1F80
7FFF80
7FFF80
3FFF00
1FFE00
07F000
000000
01E000
03F000
03F000
03F000
03F000
01E000
ENDCHAR
STARTCHAR 1EF1
ENCODING 7921
SWIDTH 720 0
DWIDTH 24 0
BBX 22 28 2 -7
BITMAP
000010
000078
00007C
00007C
00007C
F83EF8
F83EF8
F83FF0
F83FF0
F83FE0
F83F80
F83E00
F83E00
F83E00
F83E00
FC3E00
FFFE00
FFFE00
7FFE00
3FFC00
0FF000
000000
038000
07C000
07E000
07E000
07C000
038000
ENDCHAR
STARTCHAR 1EF2
ENCODING 7922
SWIDTH 570 0
DWIDTH 19 0
BBX 18 29 0 0
BITMAP
020000
0F8000
0FE000
0FF800
07F800
00F800
001000
000000
380780
FC07C0
7E0FC0
7E0FC0
3F1FC0
3F1F80
1F9F80
1FBF00
0FFF00
0FFE00
07FE00
03FC00
03F800
01F800
01F800
01F800
01F800
01F800
01F800
01F800
00F800
ENDCHAR
STARTCHAR 1EF3
ENCODING 7923
SWIDTH 540 0
DWIDTH 18 0
BBX 16 31 1 -6
BITMAP
0E00
1F00
1F80
1FC0
0FE0
03E0
01E0
0000
2004
F81F
FC1F
FC1F
FC3F
7C3F
7E3F
7E3F
7E7E
3F7E
3F7E
1F7C
1FFC
1FF8
0FF8
07F0
07F0
07E0
0FE0
3FC0
3F80
3F80
1E00
ENDCHAR
STARTCHAR 1EF4
ENCODING 7924
SWIDTH 570 0
DWIDTH 19 0
BBX 18 29 0 -8
BITMAP
380780
FC07C0
7E0FC0
7E0FC0
3F1FC0
3F1F80
1F9F80
1FBF00
0FFF00
0FFE00
07FE00
03FC00
03F800
01F800
01F800
01F800
01F800
01F800
01F800
01F800
00F800
000000
000000
00F000
01F800
01F800
01F800
01F800
00F000
ENDCHAR
STARTCHAR 1EF5
ENCODING 7925
SWIDTH 600 0
DWIDTH 20 0
BBX 18 25 1 -8
BITMAP
200400
F81F00
FC1F00
FC1F00
FC3F00
7C3F00
7E3F00
7E3F00
7E7E00
3F7E00
3F7E00
1F7C00
1FFC00
1FF800
0FF800
07F000
03F000
07E000
0FE000
1FC380
3F87C0
3F8FC0
1E0FC0
0007C0
000380
ENDCHAR
STARTCHAR 1EF6
ENCODING 7926
SWIDTH 570 0
DWIDTH 19 0
BBX 18 30 0 0
BITMAP
01E000
03F000
03F800
013800
007000
00E000
01C000
004000
000000
380780
FC07C0
7E0FC0
7E0FC0
3F1FC0
3F1F80
1F9F80
1FBF00
0FFF00
0FFE00
07FE00
03FC00
03F800
01F800
01F800
01F800
01F800
01F800
01F800
01F800
00F800
ENDCHAR
STARTCHAR 1EF7
ENCODING 7927
SWIDTH 540 0
DWIDTH 18 0
BBX 16 32 1 -6
BITMAP
03C0
07E0
07F0
0270
00E0
01E0
03C0
0180
0000
2004
F81F
FC1F
FC1F
FC3F
7C3F
7E3F
7E3F
7E7E
3F7E
3F7E
1F7C
1FFC
1FF8
0FF8
07F0
07F0
07E0
0FE0
3FC0
3F80
3F80
1E00
ENDCHAR
STARTCHAR 1EF8
ENCODING 7928
SWIDTH 570 0
DWIDTH 19 0
BBX 18 29 0 0
BITMAP
078C00
0FFE00
1FFE00
1FFE00
1FFE00
0C3C00
000000
000000
380780
FC07C0
7E0FC0
7E0FC0
3F1FC0
3F1F80
1F9F80
1FBF00
0FFF00
0FFE00
07FE00
03FC00
03F800
01F800
01F800
01F800
01F800
01F800
01F800
01F800
00F800
ENDCHAR
STARTCHAR 1EF9
ENCODING 7929
SWIDTH 540 0
DWIDTH 18 0
BBX 16 30 1 -6
BITMAP
1E18
3FFC
3FFC
3FFC
3FFC
18F8
0000
2004
F81F
FC1F
FC1F
FC3F
7C3F
7E3F
7E3F
7E7E
3F7E
3F7E
1F7C
1FFC
1FF8
0FF8
07F0
07F0
07E0
0FE0
3FC0
3F80
3F80
1E00
ENDCHAR
STARTCHAR 2007
ENCODING 8199
SWIDTH 510 0
DWIDTH 17 0
BBX 0 0 0 0
BITMAP
ENDCHAR
STARTCHAR 200C
ENCODING 8204
SWIDTH 210 0
DWIDTH 7 0
BBX 7 21 0 0
BITMAP
64
EE
7C
38
7C
6E
46
00
38
38
38
38
38
38
38
38
38
38
38
38
18
ENDCHAR
STARTCHAR 200D
ENCODING 8205
SWIDTH 150 0
DWIDTH 5 0
BBX 3 21 1 0
BITMAP
E0
E0
E0
E0
E0
E0
E0
E0
E0
E0
E0
E0
E0
E0
E0
E0
E0
E0
E0
E0
E0
ENDCHAR
STARTCHAR 2010
ENCODING 8208
SWIDTH 360 0
DWIDTH 12 0
BBX 10 5 1 6
BITMAP
3F80
FF80
FFC0
FFC0
FF80
ENDCHAR
STARTCHAR 2012
ENCODING 8210
SWIDTH 480 0
DWIDTH 16 0
BBX 14 5 1 8
BITMAP
3FFC
FFFC
FFFC
FFFC
FFFC
ENDCHAR
STARTCHAR 2013
ENCODING 8211
SWIDTH 540 0
DWIDTH 18 0
BBX 16 5 1 6
BITMAP
3FFE
FFFF
FFFF
FFFF
FFFE
ENDCHAR
STARTCHAR 2014
ENCODING 8212
SWIDTH 750 0
DWIDTH 25 0
BBX 23 5 1 6
BITMAP
3FFFFC
FFFFFE
FFFFFE
FFFFFE
FFFFFC
ENDCHAR
STARTCHAR 2015
ENCODING 8213
SWIDTH 720 0
DWIDTH 24 0
BBX 22 5 1 6
BITMAP
3FFFF8
FFFFF8
FFFFFC
FFFFFC
FFFFF8
ENDCHAR
STARTCHAR 2018
ENCODING 8216
SWIDTH 210 0
DWIDTH 7 0
BBX 6 9 1 13
BITMAP
3C
7C
78
F8
F8
F8
F8
F8
F8
ENDCHAR
STARTCHAR 2019
ENCODING 8217
SWIDTH 210 0
DWIDTH 7 0
BBX 6 9 1 13
BITMAP
78
FC
FC
FC
F8
F8
F8
F0
E0
ENDCHAR
STARTCHAR 201A
ENCODING 8218
SWIDTH 210 0
DWIDTH 7 0
BBX 6 9 1 -5
BITMAP
78
F8
FC
F8
F8
F8
F8
F8
78
ENDCHAR
STARTCHAR 201C
ENCODING 8220
SWIDTH 420 0
DWIDTH 14 0
BBX 12 9 1 13
BITMAP
3870
78F0
79F0
F9F0
F9F0
F9F0
FBF0
FBF0
F1E0
ENDCHAR
STARTCHAR 201D
ENCODING 8221
SWIDTH 420 0
DWIDTH 14 0
BBX 12 9 1 13
BITMAP
79E0
F9F0
F9F0
F9F0
F9F0
F9F0
F1E0
F1E0
E3C0
ENDCHAR
STARTCHAR 201E
ENCODING 8222
SWIDTH 420 0
DWIDTH 14 0
BBX 12 9 1 -3
BITMAP
79E0
F9F0
F9F0
F9F0
F9F0
F9E0
F9E0
F9E0
71E0
ENDCHAR
STARTCHAR 2020
ENCODING 8224
SWIDTH 510 0
DWIDTH 17 0
BBX 13 25 2 -3
BITMAP
0200
0F80
0F80
0F80
0F80
0F80
7FF8
FFF8
FFF8
FFF8
7F80
0F80
0F80
0F80
0F80
0F80
0F80
0F80
0F80
0F80
0780
0780
0700
0300
0200
ENDCHAR
STARTCHAR 2021
ENCODING 8225
SWIDTH 510 0
DWIDTH 17 0
BBX 13 23 2 -1
BITMAP
0200
0F80
0F80
0F80
0F80
0F80
7FF8
FFF8
FFF8
FFF8
7F80
0F80
0F80
0F80
0FF8
FFF8
FFF8
FFF8
7FF8
0F80
0F80
0F80
0F80
ENDCHAR
STARTCHAR 2022
ENCODING 8226
SWIDTH 300 0
DWIDTH 10 0
BBX 8 8 1 5
BITMAP
3C
7E
FF
FF
FF
FF
7E
3C
ENDCHAR
STARTCHAR 2026
ENCODING 8230
SWIDTH 690 0
DWIDTH 23 0
BBX 22 7 1 0
BITMAP
787070
FCF8F8
FCFDFC
FCFDFC
FCFDFC
FCF8F8
787070
ENDCHAR
STARTCHAR 2030
ENCODING 8240
SWIDTH 1140 0
DWIDTH 38 0
BBX 36 21 1 0
BITMAP
1F00E00000
7F80F00000
7FC1F00000
F3C3E00000
F1E3C00000
F1E7C00000
F3CF800000
FFCF000000
7F9F000000
1F3E000000
003C780F80
007DFE1FE0
00FBFF3FE0
00F3CF3CF0
01F3CF3CF0
03E3CF78F0
03C3CF3CF0
07C3CF3CF0
0783FF3FE0
0701FE1FE0
03007C0F80
ENDCHAR
STARTCHAR 2032
ENCODING 8242
SWIDTH 210 0
DWIDTH 7 0
BBX 6 9 1 13
BITMAP
78
FC
FC
FC
F8
F8
F8
F0
E0
ENDCHAR
STARTCHAR 2033
ENCODING 8243
SWIDTH 420 0
DWIDTH 14 0
BBX 12 9 1 13
BITMAP
79E0
F9F0
F9F0
F9F0
F9F0
F9F0
F1E0
F1E0
E3C0
ENDCHAR
STARTCHAR 2039
ENCODING 8249
SWIDTH 360 0
DWIDTH 12 0
BBX 10 14 1 1
BITMAP
0300
0780
0F80
1F80
7F00
FE00
FC00
F800
FC00
7F00
3F80
1FC0
0F80
0780
ENDCHAR
STARTCHAR 203A
ENCODING 8250
SWIDTH 360 0
DWIDTH 12 0
BBX 10 14 1 1
BITMAP
7000
F800
FC00
7E00
3F00
1F80
0780
0FC0
1F80
7F00
7E00
FC00
7800
7000
ENDCHAR
STARTCHAR 2044
ENCODING 8260
SWIDTH 450 0
DWIDTH 15 0
BBX 15 20 0 0
BITMAP
000E
001E
001E
003C
007C
0078
00F0
01E0
01E0
03C0
0780
0780
0F00
1E00
1E00
3C00
7800
7800
F000
6000
ENDCHAR
STARTCHAR 2070
ENCODING 8304
SWIDTH 330 0
DWIDTH 11 0
BBX 9 10 1 10
BITMAP
3E00
7F00
FF80
E380
E380
E380
E380
FF80
7F00
3E00
ENDCHAR
STARTCHAR 2074
ENCODING 8308
SWIDTH 330 0
DWIDTH 11 0
BBX 10 10 0 10
BITMAP
0F00
0F80
1F80
3B80
7380
7FC0
FFC0
7FC0
0380
0380
ENDCHAR
STARTCHAR 2075
ENCODING 8309
SWIDTH 270 0
DWIDTH 9 0
BBX 8 10 1 10
BITMAP
7E
FE
FE
FC
FE
7F
07
FF
FE
7C
ENDCHAR
STARTCHAR 2076
ENCODING 8310
SWIDTH 300 0
DWIDTH 10 0
BBX 8 10 1 10
BITMAP
1E
7E
FE
FF
FF
E7
E7
FF
7F
3C
ENDCHAR
STARTCHAR 2077
ENCODING 8311
SWIDTH 270 0
DWIDTH 9 0
BBX 8 10 0 10
BITMAP
7F
FF
7F
0F
0E
1E
1C
3C
38
38
ENDCHAR
STARTCHAR 2078
ENCODING 8312
SWIDTH 300 0
DWIDTH 10 0
BBX 8 10 1 10
BITMAP
3C
FF
FF
E7
7E
FF
E7
FF
FF
7E
ENDCHAR
STARTCHAR 2079
ENCODING 8313
SWIDTH 300 0
DWIDTH 10 0
BBX 8 10 1 10
BITMAP
7C
FE
FF
FF
FF
7F
07
FF
FE
7C
ENDCHAR
STARTCHAR 207D
ENCODING 8317
SWIDTH 180 0
DWIDTH 6 0
BBX 4 14 1 8
BITMAP
30
70
F0
E0
E0
E0
E0
E0
E0
E0
E0
F0
70
30
ENDCHAR
STARTCHAR 207E
ENCODING 8318
SWIDTH 180 0
DWIDTH 6 0
BBX 5 14 0 8
BITMAP
60
F0
70
78
38
38
38
38
38
38
78
70
F0
60
ENDCHAR
STARTCHAR 207F
ENCODING 8319
SWIDTH 390 0
DWIDTH 13 0
BBX 10 10 1 10
BITMAP
1F00
7FC0
FFC0
F1C0
F1C0
F1C0
F1C0
F1C0
F1C0
71C0
ENDCHAR
STARTCHAR 2080
ENCODING 8320
SWIDTH 330 0
DWIDTH 11 0
BBX 9 11 1 0
BITMAP
3E00
7F00
FF80
E380
E380
E380
E380
E380
FF80
7F00
3E00
ENDCHAR
STARTCHAR 2081
ENCODING 8321
SWIDTH 210 0
DWIDTH 7 0
BBX 6 11 0 0
BITMAP
38
FC
FC
7C
1C
1C
1C
1C
1C
1C
1C
ENDCHAR
STARTCHAR 2082
ENCODING 8322
SWIDTH 270 0
DWIDTH 9 0
BBX 8 11 1 0
BITMAP
7C
FE
FE
0E
0E
1E
3C
78
FE
FF
FE
ENDCHAR
STARTCHAR 2083
ENCODING 8323
SWIDTH 270 0
DWIDTH 9 0
BBX 8 11 1 0
BITMAP
7C
FE
FE
0E
7E
7E
7E
0F
FF
FE
7C
ENDCHAR
STARTCHAR 2084
ENCODING 8324
SWIDTH 330 0
DWIDTH 11 0
BBX 10 11 0 0
BITMAP
0700
0F80
1F80
3F80
3B80
7380
FFC0
FFC0
7FC0
0380
0380
ENDCHAR
STARTCHAR 2085
ENCODING 8325
SWIDTH 270 0
DWIDTH 9 0
BBX 8 11 1 0
BITMAP
7E
FE
FE
E0
FC
FE
7F
07
FF
FE
7C
ENDCHAR
STARTCHAR 2086
ENCODING 8326
SWIDTH 300 0
DWIDTH 10 0
BBX 8 11 1 0
BITMAP
1E
7E
FE
FC
FF
FF
E7
E7
FF
7F
3C
ENDCHAR
STARTCHAR 2087
ENCODING 8327
SWIDTH 240 0
DWIDTH 8 0
BBX 8 11 0 0
BITMAP
7F
FF
7F
0F
0E
1E
1C
3C
38
78
38
ENDCHAR
STARTCHAR 2088
ENCODING 8328
SWIDTH 300 0
DWIDTH 10 0
BBX 8 11 1 0
BITMAP
3C
7F
FF
E7
FF
7E
FF
E7
FF
FF
3E
ENDCHAR
STARTCHAR 2089
ENCODING 8329
SWIDTH 300 0
DWIDTH 10 0
BBX 8 11 1 0
BITMAP
3C
FE
FF
E7
FF
FF
7F
07
FF
FE
7C
ENDCHAR
STARTCHAR 208D
ENCODING 8333
SWIDTH 180 0
DWIDTH 6 0
BBX 4 14 1 -2
BITMAP
30
70
F0
E0
E0
E0
E0
E0
E0
E0
E0
F0
70
30
ENDCHAR
STARTCHAR 208E
ENCODING 8334
SWIDTH 180 0
DWIDTH 6 0
BBX 5 14 0 -2
BITMAP
60
F0
70
78
38
38
38
38
38
38
78
70
F0
60
ENDCHAR
STARTCHAR 20A1
ENCODING 8353
SWIDTH 600 0
DWIDTH 20 0
BBX 18 26 1 -3
BITMAP
00EE00
00EE00
00EE00
07EF00
0FEF80
1FEFC0
3FEFC0
7FEF80
7EEE00
7CEE00
FDEE00
FDFE00
FDDE00
FDDE00
FDDC00
FDDC00
7DDC00
7FDC00
7FDD80
3FDFC0
3FDFC0
1FDF80
07DF80
03DE00
03DC00
019C00
ENDCHAR
STARTCHAR 20A4
ENCODING 8356
SWIDTH 540 0
DWIDTH 18 0
BBX 15 22 2 0
BITMAP
0040
07F8
0FFC
1FFC
1FFC
3F8C
3F00
3E00
FFF0
FFF8
FFF0
0000
0000
FFF0
FFF8
FFF0
3E00
3FFC
FFFC
FFFE
FFFE
FFFC
ENDCHAR
STARTCHAR 20A6
ENCODING 8358
SWIDTH 750 0
DWIDTH 25 0
BBX 23 21 1 0
BITMAP
1F01F0
3F81F0
3FC1F0
3FE1F0
3FE1F0
3FF1F0
FFFFFE
FFFFFE
FFFFFE
000000
000000
FFFFFE
FFFFFE
FFFFFE
3F1FF0
3F1FF0
3F0FF0
3F0FF0
3F07F0
3F07F0
1F03F0
ENDCHAR
STARTCHAR 20A7
ENCODING 8359
SWIDTH 1230 0
DWIDTH 41 0
BBX 38 22 2 0
BITMAP
0200000000
7FE0000000
FFF0000000
FFF8000000
FFFC000000
FCFCC00000
FCFCF80000
FC7EF80000
FC7CF807E0
FCFCFF9FF0
FFFCFFBFF8
FFFCFFBFF8
FFF8FF3E18
FFF0F83F80
FFC0F81FF0
FC00F80FF8
FC00F801F8
FC00F8107C
FC00FFBFFC
FC00FFBFF8
FC007F9FF0
7C003F0FE0
ENDCHAR
STARTCHAR 20AB
ENCODING 8363
SWIDTH 600 0
DWIDTH 20 0
BBX 19 31 1 -6
BITMAP
000400
001F00
001F00
001FC0
00FFE0
00FFE0
007F80
001F80
001F80
07FF80
1FFF80
3FFF80
7FFF80
7FFF80
FE1F80
FC1F80
FC1F80
FC1F80
FC1F80
FC1F80
7FFF80
7FFF80
3FFF00
1FFE00
07F800
000000
000000
0FFE00
0FFE00
1FFE00
0FFE00
ENDCHAR
STARTCHAR 20AC
ENCODING 8364
SWIDTH 600 0
DWIDTH 20 0
BBX 19 22 0 0
BITMAP
000800
00FF80
03FFC0
07FFE0
0FFFE0
0FE0C0
1F8000
7FFF00
FFFF00
7FFF00
000000
000000
7FFF00
FFFF00
7FFF00
1F8000
1FC040
0FFFC0
07FFE0
03FFE0
01FFC0
007F00
ENDCHAR
STARTCHAR 20B1
ENCODING 8369
SWIDTH 660 0
DWIDTH 22 0
BBX 20 22 1 0
BITMAP
008000
1FFC00
3FFE00
3FFF00
3FFF80
3F1FC0
FFFFF0
FFFFF0
FFFFF0
000000
FFFFF0
FFFFF0
3F0FC0
3FFF80
3FFF80
3FFF00
3FFE00
3F0000
3F0000
3F0000
3F0000
1F0000
ENDCHAR
STARTCHAR 20B2
ENCODING 8370
SWIDTH 660 0
DWIDTH 22 0
BBX 19 27 1 -3
BITMAP
00F000
00F800
00F800
00FE00
07FF80
0FFFC0
1FFFC0
3FFFC0
7F81C0
7F0000
7E0000
FE0F80
FC3FE0
FC3FE0
FC3FE0
FC3FE0
FC03E0
7E03E0
7F03E0
7F83E0
3FFFE0
1FFFE0
0FFFE0
03FF80
00F800
00F800
007800
ENDCHAR
STARTCHAR 20B5
ENCODING 8373
SWIDTH 570 0
DWIDTH 19 0
BBX 17 27 1 -3
BITMAP
01F000
01F000
01F000
03FE00
0FFF00
1FFF80
3FFF80
3F8300
7F0000
7E0000
FE0000
FC0000
FC0000
FC0000
FC0000
FC0000
FE0000
7E0000
7F0000
7F8300
3FFF80
1FFF80
0FFF80
03FF00
01F000
01F000
00F000
ENDCHAR
STARTCHAR 20B9
ENCODING 8377
SWIDTH 570 0
DWIDTH 19 0
BBX 16 22 1 -1
BITMAP
7FFF
FFFF
FFFF
7FFF
0000
3FFF
FFFF
FFFF
FFFF
7FFE
03F8
3FF0
3FE0
7FC0
3F80
3FC0
1FF0
0FF8
07F8
03F8
01F8
0070
ENDCHAR
STARTCHAR 20BA
ENCODING 8378
SWIDTH 540 0
DWIDTH 18 0
BBX 18 21 0 0
BITMAP
0F8000
0F8000
0FD800
0FF800
1FF800
FFF000
FF0000
603800
03F800
7FF800
FFE000
FFC380
4FC7C0
0FC7C0
0FCFC0
0FDFC0
0FFF80
0FFF80
0FFF00
07FE00
03F000
ENDCHAR
STARTCHAR 20BD
ENCODING 8381
SWIDTH 600 0
DWIDTH 20 0
BBX 18 22 1 0
BITMAP
002000
0FFE00
1FFF80
1FFF80
1FFFC0
1F8FC0
1F87C0
1F87C0
1F8FC0
FFFFC0
FFFFC0
FFFF80
FFFF00
FFE000
000000
FFFF00
FFFF00
FFFF00
1F8000
1F8000
1F8000
0F8000
ENDCHAR
STARTCHAR 2113
ENCODING 8467
SWIDTH 480 0
DWIDTH 16 0
BBX 13 22 2 0
BITMAP
1F80
3FE0
7FF0
FFF0
FDF8
F9F8
F8F8
F9F8
F9F8
F9F8
FBF8
FBF0
FFF0
FFE0
FFC0
FF80
FF00
FC00
FFE0
7FE0
3FE0
0FC0
ENDCHAR
STARTCHAR 2117
ENCODING 8471
SWIDTH 720 0
DWIDTH 24 0
BBX 21 20 1 0
BITMAP
01FC00
07FF00
1FFFC0
3F03E0
3CF9F0
79FCF0
71FE78
F1CE78
F1CE38
F1FE38
F1FE38
F1FC38
F1C078
71C078
79C0F0
3C01F0
3F03E0
1FFFC0
07FF80
01FC00
ENDCHAR
STARTCHAR 2120
ENCODING 8480
SWIDTH 750 0
DWIDTH 25 0
BBX 23 12 1 9
BITMAP
3E0810
7F1E3C
FF3E3C
F13F7C
F83F7C
FE3F7E
3F3FFE
0FBFFE
47B9CE
FFB80E
FF380E
7E380E
ENDCHAR
STARTCHAR 2122
ENCODING 8482
SWIDTH 750 0
DWIDTH 25 0
BBX 23 11 1 9
BITMAP
FF9C38
FFBE3C
FFBE7C
1C3F7C
1C3F7C
1C3BFC
1C3BFE
1C3BDE
1C39DE
1C381E
1C380E
ENDCHAR
STARTCHAR 2126
ENCODING 8486
SWIDTH 750 0
DWIDTH 25 0
BBX 22 22 1 0
BITMAP
00FE00
07FF80
0FFFC0
1FFFE0
3FFFF0
3F87F8
7F01F8
7E01F8
7E00FC
7E00FC
7E00FC
7E00FC
7E00FC
7E00F8
3E01F8
3F01F8
1F03F0
7F87FC
FFCFFC
FFCFFC
FFC7FC
7F87FC
ENDCHAR
STARTCHAR 212E
ENCODING 8494
SWIDTH 780 0
DWIDTH 26 0
BBX 23 21 1 -1
BITMAP
007E00
038180
0C0060
180010
300018
30001C
70001C
70001E
F0001E
F0001E
FFFFFE
F00000
F00000
700000
700000
300000
300000
180018
0C0060
0301C0
00FE00
ENDCHAR
STARTCHAR 2153
ENCODING 8531
SWIDTH 630 0
DWIDTH 21 0
BBX 21 22 0 0
BITMAP
100000
7C0300
FC0380
FC0780
5C0F00
1C0F00
1C1E00
1C3C00
1C3C00
1C7800
1CF3C0
08F7F0
01E7F0
03C470
03C070
0783F0
0F03E0
0F03F0
1E0078
3C07F8
3C0FF0
1803E0
ENDCHAR
STARTCHAR 2154
ENCODING 8532
SWIDTH 690 0
DWIDTH 23 0
BBX 21 22 1 0
BITMAP
100000
FC0180
FE03C0
DE03C0
0E0780
1E0F00
3C0F00
7C1E00
F03C00
FE3C00
FF79E0
FEF3F0
00F3F8
01E238
03C038
03C1F8
0781F0
0F01F8
0F0038
1E07F8
1C07F8
0C03F0
ENDCHAR
STARTCHAR 215B
ENCODING 8539
SWIDTH 630 0
DWIDTH 21 0
BBX 21 22 0 0
BITMAP
100000
7C0300
FC0380
FC0780
5C0F00
1C0F00
1C1E00
1C3C00
1C7C00
1C7800
1CF1C0
09F7F0
01E7F0
03CF70
07CF70
0787F0
0F07F0
1F0F78
1E0E78
3C0FF8
3C07F0
1803E0
ENDCHAR
STARTCHAR 215C
ENCODING 8540
SWIDTH 690 0
DWIDTH 23 0
BBX 21 22 1 0
BITMAP
100000
FC0180
FE03C0
DE03C0
0E0780
1E0F00
7C0F00
7E1E00
0F3C00
FF7C00
FE79E0
7CF3F0
01F7F8
01E738
03C738
07C3F0
0783F8
0F0738
1F0738
1E07F8
1C07F8
0C01F0
ENDCHAR
STARTCHAR 215D
ENCODING 8541
SWIDTH 690 0
DWIDTH 23 0
BBX 21 21 1 0
BITMAP
7E0180
FE03C0
FE03C0
E00780
E80F80
FE0F00
7F1E00
073E00
FF3C00
FE79E0
7CF3F8
00F7F8
01E738
03C738
03C3F0
0783F8
0F0738
0F0738
1E07F8
1C07F8
0C01F0
ENDCHAR
STARTCHAR 215E
ENCODING 8542
SWIDTH 630 0
DWIDTH 21 0
BBX 20 21 0 0
BITMAP
7F0300
FF0780
7F0F00
0F0F00
0E1E00
1E3E00
1C3C00
3C7800
3CF000
38F3C0
39E7E0
03CFF0
03CE70
078E70
0F0FE0
0F0FE0
1E0E70
3C0E70
3C0FF0
380FF0
1007C0
ENDCHAR
STARTCHAR 2190
ENCODING 8592
SWIDTH 720 0
DWIDTH 24 0
BBX 22 14 1 2
BITMAP
038000
07C000
0FC000
3F8000
7F8000
FFFFFC
FFFFFC
FFFFFC
FFFFFC
7F8000
3FC000
1FC000
07C000
038000
ENDCHAR
STARTCHAR 2191
ENCODING 8593
SWIDTH 480 0
DWIDTH 16 0
BBX 14 23 1 -1
BITMAP
0200
0780
0FC0
1FE0
3FE0
7FF0
7FF8
FFFC
FFFC
FFFC
F7B8
2780
0780
0780
0780
0780
0780
0780
0780
0780
0780
0780
0780
ENDCHAR
STARTCHAR 2192
ENCODING 8594
SWIDTH 720 0
DWIDTH 24 0
BBX 22 15 1 3
BITMAP
000200
000F00
000FC0
000FE0
000FF0
0007F8
FFFFFC
FFFFFC
FFFFFC
FFFFFC
0007F8
000FE0
000FC0
000F80
000700
ENDCHAR
STARTCHAR 2193
ENCODING 8595
SWIDTH 480 0
DWIDTH 16 0
BBX 14 23 1 -1
BITMAP
0100
0780
0780
0780
0780
0780
0780
0780
0780
0780
0780
0780
2790
F7BC
FFFC
FFFC
7FFC
7FF8
3FF0
1FF0
0FE0
07C0
0780
ENDCHAR
STARTCHAR 2202
ENCODING 8706
SWIDTH 570 0
DWIDTH 19 0
BBX 16 21 1 -1
BITMAP
07E0
0FF8
1FFC
0FFC
087E
003F
001F
0FDF
3FFF
7FFF
7FFF
FE3F
FC3F
FC3F
FC3F
FC3F
FC7E
7FFC
7FFC
3FF8
0FE0
ENDCHAR
STARTCHAR 2206
ENCODING 8710
SWIDTH 660 0
DWIDTH 22 0
BBX 20 21 1 0
BITMAP
002000
03F800
03FC00
07FC00
07FE00
07FE00
0FFF00
0F9F00
1F9F00
1F9F80
1F0F80
3F0FC0
3E0FC0
7E07C0
7E07E0
7C03E0
FFFFE0
FFFFF0
FFFFF0
FFFFF0
7FFFE0
ENDCHAR
STARTCHAR 220F
ENCODING 8719
SWIDTH 600 0
DWIDTH 20 0
BBX 16 20 2 1
BITMAP
7FFE
FFFF
FFFF
FFFF
FFFF
FC3F
FC3F
FC3F
FC3F
FC3F
FC3F
FC3F
FC3F
FC3F
FC3F
FC3F
FC3F
FC3F
FC3F
7C1F
ENDCHAR
STARTCHAR 2211
ENCODING 8721
SWIDTH 570 0
DWIDTH 19 0
BBX 17 20 1 0
BITMAP
7FFF80
FFFF80
FFFF80
FFFF80
FF0000
7FC000
1FE000
0FF000
07F800
01F800
03F800
07F000
0FE000
3FC000
7F8000
FF0000
FFFF80
FFFF80
FFFF80
7FFF80
ENDCHAR
STARTCHAR 2212
ENCODING 8722
SWIDTH 510 0
DWIDTH 17 0
BBX 15 4 1 7
BITMAP
7FFC
FFFE
FFFE
FFFC
ENDCHAR
STARTCHAR 2215
ENCODING 8725
SWIDTH 450 0
DWIDTH 15 0
BBX 15 20 0 0
BITMAP
000E
001E
001E
003C
007C
0078
00F0
01E0
01E0
03C0
0780
0780
0F00
1E00
1E00
3C00
7800
7800
F000
6000
ENDCHAR
STARTCHAR 221A
ENCODING 8730
SWIDTH 600 0
DWIDTH 20 0
BBX 19 28 0 -5
BITMAP
000100
0001E0
0003E0
0003E0
0003E0
0003C0
0007C0
0007C0
0007C0
000780
000F80
000F80
000F00
001F00
1C1F00
7E1F00
FE1E00
FF3E00
7F3E00
0F3C00
0FBC00
0FFC00
07FC00
07F800
03F800
03F800
01F000
00F000
ENDCHAR
STARTCHAR 221E
ENCODING 8734
SWIDTH 780 0
DWIDTH 26 0
BBX 24 12 1 3
BITMAP
0F81F8
3FE7FC
7FFFFE
7FFFFF
FCFF1F
F87E1F
F87E1F
FCFF1F
7FFFFF
7FFFFE
3FE7FC
0F81F8
ENDCHAR
STARTCHAR 222B
ENCODING 8747
SWIDTH 450 0
DWIDTH 15 0
BBX 13 32 1 -7
BITMAP
01F0
03F8
07F8
0FF8
0FC0
0F80
0F80
0F80
0F80
0F80
0F80
0F80
0F80
0F80
0F80
0F80
0F80
0F80
0F80
0F80
0F80
0F80
0F80
0F80
0F80
0F80
0F80
1F80
FF80
FF00
FE00
7C00
ENDCHAR
STARTCHAR 2248
ENCODING 8776
SWIDTH 510 0
DWIDTH 17 0
BBX 15 12 1 4
BITMAP
7C18
FFFC
FFFC
FFFC
FFFC
60F8
3E1C
7FFC
FFFE
FFFE
FFFC
70F8
ENDCHAR
STARTCHAR 2260
ENCODING 8800
SWIDTH 480 0
DWIDTH 16 0
BBX 14 18 1 1
BITMAP
01C0
01E0
01E0
03E0
FFFC
FFFC
FFFC
FFF8
0780
0780
0F80
FFFC
FFFC
FFFC
FFF8
1E00
1E00
1E00
ENDCHAR
STARTCHAR 2264
ENCODING 8804
SWIDTH 480 0
DWIDTH 16 0
BBX 14 21 1 0
BITMAP
0070
00F8
03F8
0FF8
3FF8
FFE0
FF80
FC00
FC00
FF00
FFE0
3FF8
0FF8
03F8
00F8
0020
0000
FFFC
FFFC
FFFC
FFF8
ENDCHAR
STARTCHAR 2265
ENCODING 8805
SWIDTH 480 0
DWIDTH 16 0
BBX 14 21 1 0
BITMAP
2000
7800
FE00
FF80
FFE0
3FF8
07F8
01FC
01FC
07FC
1FF8
7FF0
FFC0
FF00
7C00
7000
0000
FFFC
FFFC
FFFC
FFF8
ENDCHAR
STARTCHAR 25A0
ENCODING 9632
SWIDTH 630 0
DWIDTH 21 0
BBX 17 18 2 0
BITMAP
3FFE00
FFFF80
FFFF80
FFFF80
FFFF80
FFFF80
FFFF80
FFFF80
FFFF80
FFFF80
FFFF80
FFFF80
FFFF80
FFFF80
FFFF80
FFFF80
FFFF80
7FFF80
ENDCHAR
STARTCHAR 25B2
ENCODING 9650
SWIDTH 600 0
DWIDTH 20 0
BBX 18 18 1 0
BITMAP
00E000
01E000
01F000
03F000
03F800
07F800
07FC00
0FFC00
0FFE00
1FFE00
3FFF00
3FFF00
7FFF80
7FFF80
FFFFC0
FFFFC0
FFFFC0
7FFFC0
ENDCHAR
STARTCHAR 25B3
ENCODING 9651
SWIDTH 600 0
DWIDTH 20 0
BBX 18 18 1 0
BITMAP
00E000
01E000
01F000
03F000
03F800
07F800
07FC00
0FBC00
0F3E00
1F1E00
3E1F00
3E0F00
7C0F80
7C0F80
FFFFC0
FFFFC0
FFFFC0
7FFFC0
ENDCHAR
STARTCHAR 25B6
ENCODING 9654
SWIDTH 630 0
DWIDTH 21 0
BBX 18 18 2 0
BITMAP
400000
F80000
FE0000
FF8000
FFE000
FFF800
FFFE00
FFFF00
FFFF80
FFFFC0
FFFF80
FFFF00
FFFC00
FFF000
FFC000
FF0000
FC0000
700000
ENDCHAR
STARTCHAR 25B7
ENCODING 9655
SWIDTH 630 0
DWIDTH 21 0
BBX 18 18 2 0
BITMAP
400000
F80000
FE0000
FF8000
FFE000
FFF800
F3FE00
F0FF00
F03F80
F01FC0
F07F80
F1FF00
FFFC00
FFF000
FFC000
FF0000
FC0000
700000
ENDCHAR
STARTCHAR 25BC
ENCODING 9660
SWIDTH 600 0
DWIDTH 20 0
BBX 18 18 1 -1
BITMAP
7FFFC0
FFFFC0
FFFFC0
FFFFC0
7FFF80
7FFF80
3FFF00
1FFF00
1FFE00
0FFE00
0FFC00
07FC00
07F800
03F800
03F000
01F000
01E000
00E000
ENDCHAR
STARTCHAR 25BD
ENCODING 9661
SWIDTH 600 0
DWIDTH 20 0
BBX 18 17 1 0
BITMAP
7FFFC0
FFFFC0
FFFFC0
7FFFC0
7C0F80
3C0F80
3E0F00
1E1F00
1F1E00
0F3E00
0FBC00
07FC00
07F800
03F800
03F000
01F000
01E000
ENDCHAR
STARTCHAR 25C0
ENCODING 9664
SWIDTH 630 0
DWIDTH 21 0
BBX 18 18 1 0
BITMAP
000100
000780
001FC0
007FC0
01FFC0
07FFC0
1FFFC0
7FFFC0
FFFFC0
FFFFC0
FFFFC0
3FFFC0
0FFFC0
03FFC0
00FFC0
003FC0
000FC0
000380
ENDCHAR
STARTCHAR 25C1
ENCODING 9665
SWIDTH 630 0
DWIDTH 21 0
BBX 18 18 1 0
BITMAP
000100
000780
001FC0
007FC0
01FFC0
07FFC0
1FF3C0
7FC3C0
FF03C0
FE03C0
FF83C0
3FE3C0
0FFBC0
03FFC0
00FFC0
003FC0
000FC0
000380
ENDCHAR
STARTCHAR 25C6
ENCODING 9670
SWIDTH 630 0
DWIDTH 21 0
BBX 18 19 1 0
BITMAP
004000
01E000
03F000
07F800
0FFC00
1FFE00
3FFF00
7FFF80
7FFFC0
FFFFC0
FFFFC0
7FFFC0
3FFF80
1FFF00
0FFE00
07FC00
03F800
01F000
00E000
ENDCHAR
STARTCHAR 25CA
ENCODING 9674
SWIDTH 600 0
DWIDTH 20 0
BBX 18 22 1 -1
BITMAP
03E000
07F000
0FF800
0FFC00
1FFC00
3FFE00
3F3F00
7E3F00
7E1F80
FC1F80
FC0FC0
FC0FC0
FC1F80
7E1F80
7E3F00
3F3F00
3FFE00
1FFC00
0FFC00
0FF800
07F000
03E000
ENDCHAR
STARTCHAR 25CC
ENCODING 9676
SWIDTH 600 0
DWIDTH 20 0
BBX 18 19 1 0
BITMAP
00E000
01E000
19E600
3CEF00
3C0F00
1C0700
000000
700180
F003C0
F003C0
7001C0
000000
000000
1C0700
3C0F00
3CEF00
1DE700
01E000
00E000
ENDCHAR
STARTCHAR FB01
ENCODING 64257
SWIDTH 690 0
DWIDTH 23 0
BBX 20 24 2 0
BITMAP
0001E0
0FC3E0
3FF3F0
7FF3F0
FFF3E0
FFE1E0
F80000
F80000
FFE3E0
FFE3E0
FFE3F0
FFE3F0
FFE3F0
F803F0
F803F0
F803F0
F803F0
F803F0
F803F0
F803F0
F803F0
F803F0
F803F0
7801F0
ENDCHAR
STARTCHAR FB02
ENCODING 64258
SWIDTH 690 0
DWIDTH 23 0
BBX 20 23 2 0
BITMAP
0FC000
3FF3E0
7FF3E0
FFF3F0
FFE3F0
F803F0
F803F0
FFE3F0
FFE3F0
FFE3F0
FFE3F0
FFE3F0
F803F0
F803F0
F803F0
F803F0
F803F0
F803F0
F803F0
F803F0
F803F0
F803F0
7801F0
ENDCHAR
ENDFONT
