STARTFONT 2.1
COMMENT
COMMENT Converted from OpenType font "meteocons.ttf" by "otf2bdf 3.0".
COMMENT
FONT -FreeType-Meteocons-Medium-R-Normal--125-900-100-100-P-1105-ISO10646-1
SIZE 90 100 100
FONTBOUNDINGBOX 125 126 0 -8
STARTPROPERTIES 19
FOUNDRY "FreeType"
FAMILY_NAME "Meteocons"
WEIGHT_NAME "Medium"
SLANT "R"
SETWIDTH_NAME "Normal"
ADD_STYLE_NAME ""
PIXEL_SIZE 125
POINT_SIZE 900
RESOLUTION_X 100
RESOLUTION_Y 100
SPACING "P"
AVERAGE_WIDTH 1105
CHARSET_REGISTRY "ISO10646"
CHARSET_ENCODING "1"
FONT_ASCENT 117
FONT_DESCENT 7
COPYRIGHT "-FreeType-Meteocons-Medium-R-Normal--125-900-100-100-P-1105-ISO10646-1"
_OTF_FONTFILE "meteocons.ttf"
_OTF_PSNAME "Meteocons"
ENDPROPERTIES
CHARS 47
STARTCHAR 0021
ENCODING 33
SWIDTH 1000 0
DWIDTH 125 0
BBX 125 109 0 0
BITMAP
000000000000000000FFFE0000000000
000000000000000007FFFFC000000000
00000000000000003FFFFFF800000000
0000000000000000FFFFFFFE00000000
0000000000000001FFFFFFFF00000000
0000000000000007FFFFFFFFC0000000
000000000000000FFFFFFFFFE0000000
000000000000001FFFFFFFFFF0000000
000000000000003FFFFFFFFFF8000000
00000000000003FFFFFFFFFFFF800000
0000000000003FFFFFFFFFFFFFF80000
000000000000FFFFFFFFFFFFFFFE0000
000000000003FFFFFFFFFFFFFFFF8000
00000000000FFFFFFFFFFFFFFFFFE000
00000000001FFFFFFFFFFFFFFFFFF000
00000000003FFFFFFFFFFFFFFFFFF800
00000000007FFFFFFFFFFFFFFFFFFC00
0000000000FFFFFFFFFFFFFFFFFFFE00
0000000001FFFFFFFFFFFFFFFFFFFF00
0000000003FFFFFFFFFFFFFFFFFFFF80
0000000003FFFFFFFFFFFFFFFFFFFF80
0000000007FFFFFFFFFFFFFFFFFFFFC0
000000000FFFFFFFFFFFFFFFFFFFFFC0
003FFFF80FFFFFFFFFFFFFFFFFFFFFE0
007FFFFC1FFFFFFFFFFFFFFFFFFFFFE0
00FFFFFE1FFFFFFFFFFFFFFFFFFFFFF0
00FFFFFE1FFFFFFFFFFFFFFFFFFFFFF0
00FFFFFE1FFFFFFFFFFFFFFFFFFFFFF0
00FFFFFE3FFFFFFFFFFFFFFFFFFFFFF8
007FFFFC3FFFFFFFFFFFFFFFFFFFFFF8
003FFFF83FFFFFFFFFFFFFFFFFFFFFF8
000000003FFFFFFFFFFFFFFFFFFFFFF8
000000003FFFFFFFFFFFFFFFFFFFFFF8
000000003FFFFFFFFFFFFFFFFFFFFFF8
000000003FFFFFFFFFFFFFFFFFFFFFF8
000000003FFFFFFFFFFFFFFFFFFFFFF8
000000003FFFFFFFFFFFFFFFFFFFFFF8
000000003FFFFFFFFFFFFFFFFFFFFFF8
000000003FFFFFFFFFFFFFFFFFFFFFF8
3FFFF8001FFFFFFFFFFFFFFFFFFFFFF0
7FFFFE001FFFFFFFFFFFFFFFFFFFFFF0
FFFFFE001FFFFFFFFFFFFFFFFFFFFFF0
FFFFFE000FFFFFFFFFFFFFFFFFFFFFE0
FFFFFE000FFFFFFFFFFFFFFFFFFFFFE0
FFFFFE000FFFFFFFFFFFFFFFFFFFFFC0
7FFFFE0007FFFFFFFFFFFFFFFFFFFFC0
3FFFF80003FFFFFFFFFFFFFFFFFFFF80
0000000003FFFFFFFFFFFFFFFFFFFF80
0000000001FFFFFFFFFFFFFFFFFFFF00
0000000000FFFFFFFFFFFFFFFFFFFE00
00000000007FFFFFFFFFFFFFFFFFFC00
00000000003FFFFFFFFFFFFFFFFFF800
00000000001FFFFFFFFFFFFFFFFFF000
00000000000FFFFFFFFFFFFFFFFFE000
3FFFFFFFF803FFFFFFFFFFFFFFFF8000
7FFFFFFFFC00FFFFFFFFFFFFFFFE0000
FFFFFFFFFE003FFFFFFFFFFFFFF80000
FFFFFFFFFE0000FDFFFFFFFF7E000000
FFFFFFFFFE000000FFFFFFFE00000000
FFFFFFFFFE0000003FFFFFF800000000
7FFFFFFFFC00000007FFFFC000000000
3FFFFFFFF800000000FFFE0000000000
00000000000000000000000000000000
00000000000000000000000000000000
00000000000000000000000000000000
00000000000000000000000000000000
00000000000000000000000000000000
00000000000000000000000000000000
00000000000000000000000000000000
00000000000000000000000000000000
00000000000000020000000000000000
00000000000000070000000000000000
00000000000000070000000000000000
000000000000000F8000000000000000
000000000000001F8000000000000000
000000000000001FC000000000000000
000000000000003FE000000000000000
000000000000003FE000000000000000
000000000000007FF000000000000000
000000000000007FF000000000000000
00000000000000FFF800000000000000
00000000000000FFF800000000000000
00000000000001FFFC00000000000000
00000000000001FFFC00000000000000
00000000000001FFFC00000000000000
00000000000001FFFC00000000000000
00000000000001FFFC00000400000000
00000000000001FFFC00000E00000000
00000000000001FFFC00000F00000000
00000000000000FFF800001F00000000
00000000000000FFF800003F80000000
000000000000007FF000003FC0000000
000000000000001FC000007FC0000000
00000000000000000000007FE0000000
0000000000000000000000FFE0000000
0000000000000000000000FFF0000000
0000000000000000000001FFF0000000
0000000000000000000001FFF8000000
0000000000000000000003FFF8000000
0000000000000000000003FFF8000000
0000000000000000000003FFFC000000
0000000000000000000003FFFC000000
0000000000000000000003FFF8000000
0000000000000000000003FFF8000000
0000000000000000000001FFF8000000
0000000000000000000001FFF0000000
0000000000000000000000FFE0000000
00000000000000000000007FC0000000
00000000000000000000001F00000000
ENDCHAR
STARTCHAR 0022
ENCODING 34
SWIDTH 1000 0
DWIDTH 125 0
BBX 125 125 0 -8
BITMAP
00000000000001FFFC00000000000000
0000000000001FFFFFC0000000000000
000000000000FFFFFFF8000000000000
000000000003FFFFFFFE000000000000
00000000000FFFFFFFFF800000000000
00000000003FFFFFFFFFE00000000000
00000000007FFFFFFFFFF00000000000
0000000001FFFFFFFFFFFC0000000000
0000000003FFFFFFFFFFFE0000000000
0000000007FFFFFFFFFFFF0000000000
000000000FFFFFFFFFFFFF8000000000
000000001FFFFFFFFFFFFFC000000000
000000003FFFFFFFFFFFFFE000000000
000000007FFFFFFFFFFFFFF000000000
00000000FFFFFFFFFFFFFFF800000000
00000031FFFFFFFFFFFFFFFC60000000
00000FFFFFFFFFFFFFFFFFFFFF800000
00007FFFFFFFFFFFFFFFFFFFFFF00000
0001FFFFFFFFFFFFFFFFFFFFFFFC0000
0007FFFFFFFFFFFFFFFFFFFFFFFF0000
000FFFFFFFFFFFFFFFFFFFFFFFFF8000
003FFFFFFFFFFFFFFFFFFFFFFFFFE000
007FFFFFFFFFFFFFFFFFFFFFFFFFF000
00FFFFFFFFFFFFFFFFFFFFFFFFFFF800
01FFFFFFFFFFFFFFFFFFFFFFFFFFFC00
03FFFFFFFFFFFFFFFFFFFFFFFFFFFE00
07FFFFFFFFFFFFFFFFFFFFFFFFFFFF00
07FFFFFFFFFFFFFFFFFFFFFFFFFFFF00
0FFFFFFFFFFFFFFFFFFFFFFFFFFFFF80
1FFFFFFFFFFFFFFFFFFFFFFFFFFFFFC0
1FFFFFFFFFFFFFFFFFFFFFFFFFFFFFC0
3FFFFFFFFFFFFFFFFFFFFFFFFFFFFFE0
3FFFFFFFFFFFFFFFFFFFFFFFFFFFFFE0
3FFFFFFFFFFFFFFFFFFFFFFFFFFFFFE0
7FFFFFFFFFFFFFFFFFFFFFFFFFFFFFF0
7FFFFFFFFFFFFFFFFFFFFFFFFFFFFFF0
7FFFFFFFFFFFFFFFFFFFFFFFFFFFFFF0
FFFFFFFFFFFFFFFFFFFFFFFFFFFFFFF8
FFFFFFFFFFFFFFFFFFFFFFFFFFFFFFF8
FFFFFFFFFFFFFFFFFFFFFFFFFFFFFFF8
FFFFFFFFFFFFFFFFFFFFFFFFFFFFFFF8
FFFFFFFFFFFFFFFFFFFFFFFFFFFFFFF8
FFFFFFFFFFFFFFFFFFFFFFFFFFFFFFF8
FFFFFFFFFFFFFFFFFFFFFFFFFFFFFFF8
FFFFFFFFFFFFFFFFFFFFFFFFFFFFFFF8
FFFFFFFFFFFFFFFFFFFFFFFFFFFFFFF8
FFFFFFFFFFFFFFFFFFFFFFFFFFFFFFF8
FFFFFFFFFFFFFFFFFFFFFFFFFFFFFFF8
7FFFFFFFFFFFFFFFFFFFFFFFFFFFFFF0
7FFFFFFFFFFFFFFFFFFFFFFFFFFFFFF0
7FFFFFFFFFFFFFFFFFFFFFFFFFFFFFF0
7FFFFFFFFFFFFFFFFFFFFFFFFFFFFFF0
3FFFFFFFFFFFFFFFFFFFFFFFFFFFFFE0
3FFFFFFFFFFFFFFFFFFFFFFFFFFFFFE0
1FFFFFFFFFFFFFFFFFFFFFFFFFFFFFC0
1FFFFFFFFFFFFFFFFFFFFFFFFFFFFFC0
0FFFFFFFFFFFFFFFFFFFFFFFFFFFFF80
0FFFFFFFFFFFFFFFFFFFFFFFFFFFFF80
07FFFFFFFFFFFFFFFFFFFFFFFFFFFF00
03FFFFFFFFFFFFFFFFFFFFFFFFFFFE00
01FFFFFFFFFFFFFFFFFFFFFFFFFFFC00
01FFFFFFFFFFFFFFFFFFFFFFFFFFFC00
00FFFFFFFFFFFFFFFFFFFFFFFFFFF800
003FFFFFFFFFFFFFFFFFFFFFFFFFE000
001FFFFFFFFFFFFFFFFFFFFFFFFFC000
000FFFFFFFFFFFFFFFFFFFFFFFFF8000
0003FFFFFFFFFFFFFFFFFFFFFFFE0000
0001FFFFFFFFFFFFFFFFFFFFFFF80000
00003FFFFFFFFFFFFFFFFFFFFFE00000
000007FF83FFFFFFFFFFFE0FFF000000
0000000000FFFFFFFFFFF80000000000
00000000007FFFFFFFFFF00000000000
00000000001FFFFFFFFFC00000000000
00000000000FFFFFFFFF800000000000
000000000003FFFFFFFE000000000000
0000000000007FFFFFF0000000000000
0000000000000FFFFF80000000000000
000000000000007FF000000000000000
00000000000000000000000000000000
00000000000000000000000000000000
00000000000000000000000000000000
00000000000000000000000000000000
000000000000000F8000000000000000
000000000000001FC000000000000000
000000000000003FE000000000000000
000000000000003FE000000000000000
000000000000003FE000000000000000
000000000000003FE000000000000000
000000000000003FE000000000000000
000000000000003FE000000000000000
000000000003803FE00E000000000000
00000000000FE07FF03F000000000000
00000000000FF1FFFC7F800000000000
00000000001FFFFFFFFFC00000000000
00000000001FFFFFFFFFC00000000000
00000000001FFFFFFFFFC00000000000
00000000000FFFFFFFFF800000000000
00000000000FFFFFFFFF800000000000
000000000003FFFFFFFE000000000000
000000000001FFF07FFC000000000000
0000000000007FE03FF0000000000000
0000000000003FC01FE0000000000000
0000000000003FC01FE0000000000000
0000000000003FC01FE0000000000000
0000000000003FC01FE0000000000000
0000000000003FE03FE0000000000000
000000000000FFF07FF8000000000000
000000000001FFFFFFFC000000000000
000000000007FFFFFFFF000000000000
00000000000FFFFFFFFF800000000000
00000000000FFFFFFFFF800000000000
00000000001FFFFFFFFFC00000000000
00000000001FFFFFFFFFC00000000000
00000000000FF9FFFCFF800000000000
00000000000FF0FFF87F800000000000
000000000007C03FE01F000000000000
000000000000003FE000000000000000
000000000000003FE000000000000000
000000000000003FE000000000000000
000000000000003FE000000000000000
000000000000003FE000000000000000
000000000000003FE000000000000000
000000000000001FC000000000000000
000000000000001FC000000000000000
00000000000000070000000000000000
ENDCHAR
STARTCHAR 0023
ENCODING 35
SWIDTH 1000 0
DWIDTH 125 0
BBX 125 125 0 -8
BITMAP
00000000000001FFFC00000000000000
0000000000001FFFFFC0000000000000
000000000000FFFFFFF8000000000000
000000000003FFFFFFFE000000000000
00000000000FFFFFFFFF800000000000
00000000003FFFFFFFFFE00000000000
00000000007FFFFFFFFFF00000000000
0000000001FFFFFFFFFFFC0000000000
0000000003FFFFFFFFFFFE0000000000
0000000007FFFFFFFFFFFF0000000000
000000000FFFFFFFFFFFFF8000000000
000000001FFFFFFFFFFFFFC000000000
000000003FFFFFFFFFFFFFE000000000
000000007FFFFFFFFFFFFFF000000000
00000000FFFFFFFFFFFFFFF800000000
00000031FFFFFFFFFFFFFFFC60000000
00000FFFFFFFFFFFFFFFFFFFFF800000
00007FFFFFFFFFFFFFFFFFFFFFF00000
0001FFFFFFFFFFFFFFFFFFFFFFFC0000
0007FFFFFFFFFFFFFFFFFFFFFFFF0000
000FFFFFFFFFFFFFFFFFFFFFFFFF8000
003FFFFFFFFFFFFFFFFFFFFFFFFFE000
007FFFFFFFFFFFFFFFFFFFFFFFFFF000
00FFFFFFFFFFFFFFFFFFFFFFFFFFF800
01FFFFFFFFFFFFFFFFFFFFFFFFFFFC00
03FFFFFFFFFFFFFFFFFFFFFFFFFFFE00
07FFFFFFFFFFFFFFFFFFFFFFFFFFFF00
07FFFFFFFFFFFFFFFFFFFFFFFFFFFF00
0FFFFFFFFFFFFFFFFFFFFFFFFFFFFF80
1FFFFFFFFFFFFFFFFFFFFFFFFFFFFFC0
1FFFFFFFFFFFFFFFFFFFFFFFFFFFFFC0
3FFFFFFFFFFFFFFFFFFFFFFFFFFFFFE0
3FFFFFFFFFFFFFFFFFFFFFFFFFFFFFE0
3FFFFFFFFFFFFFFFFFFFFFFFFFFFFFE0
7FFFFFFFFFFFFFFFFFFFFFFFFFFFFFF0
7FFFFFFFFFFFFFFFFFFFFFFFFFFFFFF0
7FFFFFFFFFFFFFFFFFFFFFFFFFFFFFF0
FFFFFFFFFFFFFFFFFFFFFFFFFFFFFFF8
FFFFFFFFFFFFFFFFFFFFFFFFFFFFFFF8
FFFFFFFFFFFFFFFFFFFFFFFFFFFFFFF8
FFFFFFFFFFFFFFFFFFFFFFFFFFFFFFF8
FFFFFFFFFFFFFFFFFFFFFFFFFFFFFFF8
FFFFFFFFFFFFFFFFFFFFFFFFFFFFFFF8
FFFFFFFFFFFFFFFFFFFFFFFFFFFFFFF8
FFFFFFFFFFFFFFFFFFFFFFFFFFFFFFF8
FFFFFFFFFFFFFFFFFFFFFFFFFFFFFFF8
FFFFFFFFFFFFFFFFFFFFFFFFFFFFFFF8
FFFFFFFFFFFFFFFFFFFFFFFFFFFFFFF8
7FFFFFFFFFFFFFFFFFFFFFFFFFFFFFF0
7FFFFFFFFFFFFFFFFFFFFFFFFFFFFFF0
7FFFFFFFFFFFFFFFFFFFFFFFFFFFFFF0
7FFFFFFFFFFFFFFFFFFFFFFFFFFFFFF0
3FFFFFFFFFFFFFFFFFFFFFFFFFFFFFE0
3FFFFFFFFFFFFFFFFFFFFFFFFFFFFFE0
1FFFFFFFFFFFFFFFFFFFFFFFFFFFFFC0
1FFFFFFFFFFFFFFFFFFFFFFFFFFFFFC0
0FFFFFFFFFFFFFFFFFFFFFFFFFFFFF80
0FFFFFFFFFFFFFFFFFFFFFFFFFFFFF80
07FFFFFFFFFFFFFFFFFFFFFFFFFFFF00
03FFFFFFFFFFFFFFFFFFFFFFFFFFFE00
01FFFFFFFFFFFFFFFFFFFFFFFFFFFC00
01FFFFFFFFFFFFFFFFFFFFFFFFFFFC00
00FFFFFFFFFFFFFFFFFFFFFFFFFFF800
003FFFFFFFFFFFFFFFFFFFFFFFFFE000
001FFFFFFFFFFFFFFFFFFFFFFFFFC000
000FFFFFFFFFFFFFFFFFFFFFFFFF8000
0003FFFFFFFFFFFFFFFFFFFFFFFE0000
0001FFFFFFFFFFFFFFFFFFFFFFF80000
00003FFFFFFFFFFFFFFFFFFFFFE00000
000007FF83FFFFFFFFFFFE0FFF000000
0000000000FFFFFFFFFFF80000000000
00000000007FFFFFFFFFF00000000000
00000000001FFFFFFFFFC00000000000
00000000000FFFFFFFFF800000000000
000000000003FFFFFFFE000000000000
0000000000007FFFFFF0000000000000
0000070000000FFFFF80000000000000
00000F800000007FF000000000000000
00000F80000000000000000000000000
001E0F80000000000000000000000000
003F1F80000000000000000000000000
003FFF00000000000000000000000000
003FFF000000000F8000000000000000
001FFFCE0000001FC000000000000000
000FFFFF0000003FE000000007000000
0007FFFF0000003FE00000000F800000
000FC7FF0000003FE00000000F808000
000F83FF0000003FE00000000F83C000
003F83FC0000003FE00000000FC7E000
00FF83E00000003FE000000007FFE000
01FFC7E00003803FE00E00000FFFE000
01FFFFE0000FE07FF03F00039FFFC000
00FFFFE0000FF1FFFC7F8007FFFF8000
00E3FFF0001FFFFFFFFFC007FFFF0000
0001FFF8001FFFFFFFFFC007FF1F8000
0001FFFC001FFFFFFFFFC007FE0F8000
0001F0FC000FFFFFFFFF8000FC0FF000
0001F078000FFFFFFFFF80003E0FF800
0003F0200003FFFFFFFE00003F1FFC00
0001E0000001FFF07FFC00003FFFFC00
0001E00000007FE03FF000003FFFF800
0000000000003FC01FE000007FFE3000
0000000000003FC01FE00000FFFC0000
0000000000003FC01FE00001FFFC0000
0000000000003FC01FE00001F87C0000
0000000000003FE03FE00000F07C0000
000000000000FFF07FF80000007C0000
000000000001FFFFFFFC0000003E0000
000000000007FFFFFFFF000000380000
00000000000FFFFFFFFF800000000000
00000000000FFFFFFFFF800000000000
00000000001FFFFFFFFFC00000000000
00000000001FFFFFFFFFC00000000000
00000000000FF9FFFCFF800000000000
00000000000FF0FFF87F800000000000
000000000007C03FE01F000000000000
000000000000003FE000000000000000
000000000000003FE000000000000000
000000000000003FE000000000000000
000000000000003FE000000000000000
000000000000003FE000000000000000
000000000000003FE000000000000000
000000000000001FC000000000000000
000000000000001FC000000000000000
00000000000000070000000000000000
ENDCHAR
STARTCHAR 0024
ENCODING 36
SWIDTH 1000 0
DWIDTH 125 0
BBX 125 125 0 -8
BITMAP
00000000000001FFFC00000000000000
0000000000001FFFFFC0000000000000
000000000000FFFFFFF8000000000000
000000000003FFFFFFFE000000000000
00000000000FFFFFFFFF800000000000
00000000003FFFFFFFFFE00000000000
00000000007FFFFFFFFFF00000000000
0000000001FFFFFFFFFFFC0000000000
0000000003FFFFFFFFFFFE0000000000
0000000007FFFFFFFFFFFF0000000000
000000000FFFFFFFFFFFFF8000000000
000000001FFFFFFFFFFFFFC000000000
000000003FFFFFFFFFFFFFE000000000
000000007FFFFFFFFFFFFFF000000000
00000000FFFFFFFFFFFFFFF800000000
00000031FFFFFFFFFFFFFFFC60000000
00000FFFFFFFFFFFFFFFFFFFFF800000
00007FFFFFFFFFFFFFFFFFFFFFF00000
0001FFFFFFFFFFFFFFFFFFFFFFFC0000
0007FFFFFFFFFFFFFFFFFFFFFFFF0000
000FFFFFFFFFFFFFFFFFFFFFFFFF8000
003FFFFFFFFFFFFFFFFFFFFFFFFFE000
007FFFFFFFFFFFFFFFFFFFFFFFFFF000
00FFFFFFFFFFFFFFFFFFFFFFFFFFF800
01FFFFFFFFFFFFFFFFFFFFFFFFFFFC00
03FFFFFFFFFFFFFFFFFFFFFFFFFFFE00
07FFFFFFFFFFFFFFFFFFFFFFFFFFFF00
07FFFFFFFFFFFFFFFFFFFFFFFFFFFF00
0FFFFFFFFFFFFFFFFFFFFFFFFFFFFF80
1FFFFFFFFFFFFFFFFFFFFFFFFFFFFFC0
1FFFFFFFFFFFFFFFFFFFFFFFFFFFFFC0
3FFFFFFFFFFFFFFFFFFFFFFFFFFFFFE0
3FFFFFFFFFFFFFFFFFFFFFFFFFFFFFE0
3FFFFFFFFFFFFFFFFFFFFFFFFFFFFFE0
7FFFFFFFFFFFFFFFFFFFFFFFFFFFFFF0
7FFFFFFFFFFFFFFFFFFFFFFFFFFFFFF0
7FFFFFFFFFFFFFFFFFFFFFFFFFFFFFF0
FFFFFFFFFFFFFFFFFFFFFFFFFFFFFFF8
FFFFFFFFFFFFFFFFFFFFFFFFFFFFFFF8
FFFFFFFFFFFFFFFFFFFFFFFFFFFFFFF8
FFFFFFFFFFFFFFFFFFFFFFFFFFFFFFF8
FFFFFFFFFFFFFFFFFFFFFFFFFFFFFFF8
FFFFFFFFFFFFFFFFFFFFFFFFFFFFFFF8
FFFFFFFFFFFFFFFFFFFFFFFFFFFFFFF8
FFFFFFFFFFFFFFFFFFFFFFFFFFFFFFF8
FFFFFFFFFFFFFFFFFFFFFFFFFFFFFFF8
FFFFFFFFFFFFFFFFFFFFFFFFFFFFFFF8
FFFFFFFFFFFFFFFFFFFFFFFFFFFFFFF8
7FFFFFFFFFFFFFFFFFFFFFFFFFFFFFF0
7FFFFFFFFFFFFFFFFFFFFFFFFFFFFFF0
7FFFFFFFFFFFFFFFFFFFFFFFFFFFFFF0
7FFFFFFFFFFFFFFFFFFFFFFFFFFFFFF0
3FFFFFFFFFFFFFFFFFFFFFFFFFFFFFE0
3FFFFFFFFFFFFFFFFFFFFFFFFFFFFFE0
1FFFFFFFFFFFFFFFFFFFFFFFFFFFFFC0
1FFFFFFFFFFFFFFFFFFFFFFFFFFFFFC0
0FFFFFFFFFFFFFFFFFFFFFFFFFFFFF80
0FFFFFFFFFFFFFFFFFFFFFFFFFFFFF80
07FFFFFFFFFFFFFFFFFFFFFFFFFFFF00
03FFFFFFFFFFFFFFFFFFFFFFFFFFFE00
01FFFFFFFFFFFFFFFFFFFFFFFFFFFC00
01FFFFFFFFFFFFFFFFFFFFFFFFFFFC00
00FFFFFFFFFFFFFFFFFFFFFFFFFFF800
003FFFFFFFFFFFFFFFFFFFFFFFFFE000
001FFFFFFFFFFFFFFFFFFFFFFFFFC000
000FFFFFFFFFFFFFFFFFFFFFFFFF8000
0003FFFFFFFFFFFFFFFFFFFFFFFE0000
0001FFFFFFFFFFFFFFFFFFFFFFF80000
00003FFFFFFFFFFFFFFFFFFFFFE00000
000007FF83FFFFFFFFFFFE0FFF000000
0000000000FFFFFFFFFFF80000000000
00000000007FFFFFFFFFF00000000000
00000000001FFFFFFFFFC00000000000
00000000000FFFFFFFFF800000000000
000000000003FFFFFFFE000000000000
0000000000007FFFFFF0000000000000
0000000000000FFFFF80000000000000
000000000000007FF000000000000000
000007C000000000000000001F000000
00001FF000000000000000007FC00000
00003FF80000000000000000FFE00000
00007FFC0000000000000001FFF00000
0000FFFC0000000000000003FFF80000
0000FFFE0000000000000003FFF80000
0000FFFE0000000000000003FFF80000
0000FFFE0000000000000003FFF80000
0000FFFE0000001FC0000003FFF80000
0000FFFE0000003FE0000003FFF80000
0000FFFE0000007FF0000003FFF80000
00007FFC000000FFF8000001FFF00000
00007FFC000001FFFC000001FFF00000
00003FF8000001FFFC000000FFE00000
00000FE0000001FFFC0000003F800000
00000100000001FFFC00000004000000
00000000000001FFFC00000000000000
00000000000001FFFC00000000000000
00000000000001FFFC00000000000000
00000000000000FFF800000000000000
00000000000000FFF800000000000000
000000000000007FF000000000000000
000000000000001FC000000000000000
00000000000000000000000000000000
00000000000000000000000000000000
00000000000000000000000000000000
00000000000000000000000000000000
00000000000000000000000000000000
00000000000000000000000000000000
00000000000000000000000000000000
00000000000000000000000000000000
000000000780000000000F0000000000
000000001FE0000000003FC000000000
000000003FF000000000FFE000000000
000000007FF800000000FFF000000000
00000000FFFC00000001FFF800000000
00000000FFFC00000001FFF800000000
00000001FFFE00000003FFFC00000000
00000001FFFE00000003FFFC00000000
00000001FFFE00000003FFFC00000000
00000001FFFE00000003FFFC00000000
00000000FFFC00000001FFF800000000
00000000FFFC00000001FFF800000000
000000007FF800000000FFF000000000
000000003FF800000000FFE000000000
000000001FE0000000003FC000000000
000000000780000000000F0000000000
ENDCHAR
STARTCHAR 0025
ENCODING 37
SWIDTH 1000 0
DWIDTH 125 0
BBX 125 99 0 5
BITMAP
000000000000000001FFF80000000000
00000000000000000FFFFF8000000000
00000000000000007FFFFFE000000000
0000000000000000FFFFFFF800000000
0000000000000003FFFFFFFE00000000
0000000000000007FFFFFFFF00000000
000000000000001FFFFFFFFF80000000
000000000000003FFFFFFFFFE0000000
000000000000007FFFFFFFFFF0000000
00000000000000FFFFFFFFFFF8000000
00000000000001FFFFFFFFFFF8000000
000000000001FFFFFFFFFFFFFFF80000
000000000007FFFFFFFFFFFFFFFF0000
00000000001FFFFFFFFFFFFFFFFFC000
00000000007FFFFFFFFFFFFFFFFFF000
0000000000FFFFFFFFFFFFFFFFFFF800
0000000001FFFFFFFFFFFFFFFFFFFC00
0000000003FFFFFFFFFFFFFFFFFFFE00
0000000007FFFFFFFFFFFFFFFFFFFF00
000000000FFFFFFFFFFFFFFFFFFFFF80
000000001FFFFFFFFFFFFFFFFFFFFFC0
000000003FFFFFFFFFFFFFFFFFFFFFC0
000000003FFFFFFFFFFFFFFFFFFFFFE0
000000007FFFFFFFFFFFFFFFFFFFFFE0
000000007FFFFFFFFFFFFFFFFFFFFFF0
000000007FFFFFFFFFFFFFFFFFFFFFF0
00000000FFFFFFFFFFFFFFFFFFFFFFF0
00000000FFFFFFFFFFFFFFFFFFFFFFF8
00000000FFFFFFFFFFFFFFFFFFFFFFF8
00000000FFFFFFFFFFFFFFFFFFFFFFF8
00000000FFFFFFFFFFFFFFFFFFFFFFF8
00000001FFFFFFFFFFFFFFFFFFFFFFF8
00000001FFFFFFFFFFFFFFFFFFFFFFF8
00000000FFFFFFFFFFFFFFFFFFFFFFF8
00000000FFFFFFFFFFFFFFFFFFFFFFF8
00000000FFFFFFFFFFFFFFFFFFFFFFF8
00000078FFFFFFFFFFFFFFFFFFFFFFF8
00000FFFFFFFFFFFFFFFFFFFFFFFFFF8
00007FFFFFFFFFFFFFFFFFFFFFFFFFF0
0001FFFFFFFFFFFFFFFFFFFFFFFFFFF0
0007FFFFFFFFFFFFFFFFFFFFFFFFFFF0
000FFFFFFFFFFFFFFFFFFFFFFFFFFFE0
003FFFFFFFFFFFFFFFFFFFFFFFFFFFE0
007FFFFFFFFFFFFFFFFFFFFFFFFFFFC0
00FFFFFFFFFFFFFFFFFFFFFFFFFFFFC0
01FFFFFFFFFFFFFFFFFFFFFFFFFFFF80
03FFFFFFFFFFFFFFFFFFFFFFFFFFFF00
03FFFFFFFFFFFFFFFFFFFFFFFFFFFF00
07FFFFFFFFFFFFFFFFFFFFFFFFFFFF00
0FFFFFFFFFFFFFFFFFFFFFFFFFFFFF80
0FFFFFFFFFFFFFFFFFFFFFFFFFFFFFC0
1FFFFFFFFFFFFFFFFFFFFFFFFFFFFFC0
1FFFFFFFFFFFFFFFFFFFFFFFFFFFFFE0
3FFFFFFFFFFFFFFFFFFFFFFFFFFFFFE0
3FFFFFFFFFFFFFFFFFFFFFFFFFFFFFF0
7FFFFFFFFFFFFFFFFFFFFFFFFFFFFFF0
7FFFFFFFFFFFFFFFFFFFFFFFFFFFFFF0
7FFFFFFFFFFFFFFFFFFFFFFFFFFFFFF0
7FFFFFFFFFFFFFFFFFFFFFFFFFFFFFF8
7FFFFFFFFFFFFFFFFFFFFFFFFFFFFFF8
FFFFFFFFFFFFFFFFFFFFFFFFFFFFFFF8
FFFFFFFFFFFFFFFFFFFFFFFFFFFFFFF8
FFFFFFFFFFFFFFFFFFFFFFFFFFFFFFF8
FFFFFFFFFFFFFFFFFFFFFFFFFFFFFFF8
FFFFFFFFFFFFFFFFFFFFFFFFFFFFFFF8
FFFFFFFFFFFFFFFFFFFFFFFFFFFFFFF8
FFFFFFFFFFFFFFFFFFFFFFFFFFFFFFF8
FFFFFFFFFFFFFFFFFFFFFFFFFFFFFFF8
7FFFFFFFFFFFFFFFFFFFFFFFFFFFFFF8
7FFFFFFFFFFFFFFFFFFFFFFFFFFFFFF8
7FFFFFFFFFFFFFFFFFFFFFFFFFFFFFF0
7FFFFFFFFFFFFFFFFFFFFFFFFFFFFFF0
3FFFFFFFFFFFFFFFFFFFFFFFFFFFFFF0
3FFFFFFFFFFFFFFFFFFFFFFFFFFFFFF0
3FFFFFFFFFFFFFFFFFFFFFFFFFFFFFE0
1FFFFFFFFFFFFFFFFFFFFFFFFFFFFFE0
1FFFFFFFFFFFFFFFFFFFFFFFFFFFFFC0
0FFFFFFFFFFFFFFFFFFFFFFFFFFFFFC0
0FFFFFFFFFFFFFFFFFFFFFFFFFFFFF80
07FFFFFFFFFFFFFFFFFFFFFFFFFFFF00
03FFFFFFFFFFFFFFFFFFFFFFFFFFFF00
01FFFFFFFFFFFFFFFFFFFFFFFFFFFE00
00FFFFFFFFFFFFFFFFFFFFFFFFFFFC00
007FFFFFFFFFFFFFFFFFFFFFFFFFF800
003FFFFFFFFFFFFFFFFFFFFFFFFFF000
001FFFFFFFFFFFFFFFFFFFFFFFFFC000
000FFFFFFFFFFFFFFFFFFFFFFFFF8000
0003FFFFFFFFFFFFFFFFFFFFFFFF0000
0000FFFFFFFFFFFFFFFFFFFFFFFC0000
00003FFFFBFFFFFFFFFFFF7FFFE00000
000003FF81FFFFFFFFFFFE0FFF000000
0000000000FFFFFFFFFFF80000000000
00000000007FFFFFFFFFF00000000000
00000000001FFFFFFFFFC00000000000
000000000007FFFFFFFF800000000000
000000000001FFFFFFFE000000000000
0000000000007FFFFFF0000000000000
0000000000000FFFFF80000000000000
000000000000007FF000000000000000
ENDCHAR
STARTCHAR 0026
ENCODING 38
SWIDTH 1000 0
DWIDTH 125 0
BBX 125 125 0 -8
BITMAP
000000000000000000FFF00000000000
00000000000000000FFFFF0000000000
00000000000000003FFFFFC000000000
0000000000000000FFFFFFF000000000
0000000000000003FFFFFFFC00000000
0000000000000007FFFFFFFF00000000
000000000000001FFFFFFFFF80000000
000000000000003FFFFFFFFFC0000000
000000000000007FFFFFFFFFE0000000
00000000000000FFFFFFFFFFF0000000
00000000000001FFFFFFFFFFF8000000
0000000000003FFFFFFFFFFFFFC00000
000000000007FFFFFFFFFFFFFFFE0000
00000000001FFFFFFFFFFFFFFFFF8000
00000000007FFFFFFFFFFFFFFFFFE000
0000000000FFFFFFFFFFFFFFFFFFF000
0000000001FFFFFFFFFFFFFFFFFFF800
0000000003FFFFFFFFFFFFFFFFFFFE00
0000000007FFFFFFFFFFFFFFFFFFFE00
000000000FFFFFFFFFFFFFFFFFFFFF00
000000001FFFFFFFFFFFFFFFFFFFFF80
000000003FFFFFFFFFFFFFFFFFFFFFC0
000000003FFFFFFFFFFFFFFFFFFFFFC0
000000007FFFFFFFFFFFFFFFFFFFFFE0
000000007FFFFFFFFFFFFFFFFFFFFFE0
00000000FFFFFFFFFFFFFFFFFFFFFFF0
00000000FFFFFFFFFFFFFFFFFFFFFFF0
00000000FFFFFFFFFFFFFFFFFFFFFFF0
00000000FFFFFFFFFFFFFFFFFFFFFFF8
00000001FFFFFFFFFFFFFFFFFFFFFFF8
00000001FFFFFFFFFFFFFFFFFFFFFFF8
00000001FFFFFFFFFFFFFFFFFFFFFFF8
00000001FFFFFFFFFFFFFFFFFFFFFFF8
00000001FFFFFFFFFFFFFFFFFFFFFFF8
00000001FFFFFFFFFFFFFFFFFFFFFFF8
00000000FFFFFFFFFFFFFFFFFFFFFFF8
00000000FFFFFFFFFFFFFFFFFFFFFFF8
000007FFFFFFFFFFFFFFFFFFFFFFFFF8
00003FFFFFFFFFFFFFFFFFFFFFFFFFF0
0000FFFFFFFFFFFFFFFFFFFFFFFFFFF0
0003FFFFFFFFFFFFFFFFFFFFFFFFFFF0
000FFFFFFFFFFFFFFFFFFFFFFFFFFFE0
001FFFFFFFFFFFFFFFFFFFFFFFFFFFE0
003FFFFFFFFFFFFFFFFFFFFFFFFFFFC0
00FFFFFFFFFFFFFFFFFFFFFFFFFFFFC0
01FFFFFFFFFFFFFFFFFFFFFFFFFFFF80
01FFFFFFFFFFFFFFFFFFFFFFFFFFFF00
03FFFFFFFFFFFFFFFFFFFFFFFFFFFE00
07FFFFFFFFFFFFFFFFFFFFFFFFFFFF00
0FFFFFFFFFFFFFFFFFFFFFFFFFFFFF80
0FFFFFFFFFFFFFFFFFFFFFFFFFFFFF80
1FFFFFFFFFFFFFFFFFFFFFFFFFFFFFC0
1FFFFFFFFFFFFFFFFFFFFFFFFFFFFFC0
3FFFFFFFFFFFFFFFFFFFFFFFFFFFFFE0
3FFFFFFFFFFFFFFFFFFFFFFFFFFFFFE0
7FFFFFFFFFFFFFFFFFFFFFFFFFFFFFF0
7FFFFFFFFFFFFFFFFFFFFFFFFFFFFFF0
7FFFFFFFFFFFFFFFFFFFFFFFFFFFFFF0
7FFFFFFFFFFFFFFFFFFFFFFFFFFFFFF0
FFFFFFFFFFFFFFFFFFFFFFFFFFFFFFF8
FFFFFFFFFFFFFFFFFFFFFFFFFFFFFFF8
FFFFFFFFFFFFFFFFFFFFFFFFFFFFFFF8
FFFFFFFFFFFFFFFFFFFFFFFFFFFFFFF8
FFFFFFFFFFFFFFFFFFFFFFFFFFFFFFF8
FFFFFFFFFFFFFFFFFFFFFFFFFFFFFFF8
FFFFFFFFFFFFFFFFFFFFFFFFFFFFFFF8
FFFFFFFFFFFFFFFFFFFFFFFFFFFFFFF8
FFFFFFFFFFFFFFFFFFFFFFFFFFFFFFF8
FFFFFFFFFFFFFFFFFFFFFFFFFFFFFFF8
FFFFFFFFFFFFFFFFFFFFFFFFFFFFFFF8
7FFFFFFFFFFFFFFFFFFFFFFFFFFFFFF0
7FFFFFFFFFFFFFFFFFFFFFFFFFFFFFF0
7FFFFFFFFFFFFFFFFFFFFFFFFFFFFFF0
3FFFFFFFFFFFFFFFFFFFFFFFFFFFFFE0
3FFFFFFFFFFFFFFFFFFFFFFFFFFFFFE0
3FFFFFFFFFFFFFFFFFFFFFFFFFFFFFE0
1FFFFFFFFFFFFFFFFFFFFFFFFFFFFFC0
1FFFFFFFFFFFFFFFFFFFFFFFFFFFFFC0
0FFFFFFFFFFFFFFFFFFFFFFFFFFFFF80
07FFFFFFFFFFFFFFFFFFFFFFFFFFFF00
07FFFFFFFFFFFFFFFFFFFFFFFFFFFF00
03FFFFFFFFFFFFFFFFFFFFFFFFFFFE00
01FFFFFFFFFFFFFFFFFFFFFFFFFFFC00
00FFFFFFFFFFFFFFFFFFFFFFFFFFF800
007FFFFFFFFFFFFFFFFFFFFFFFFFF000
003FFFFFFFFFFFFFFFFFFFFFFFFFE000
001FFFFFFFFFFFFFFFFFFFFFFFFF8000
0007FFFFFFFFFFFFFFFFFFFFFFFF0000
0001FFFFFFFFFFFFFFFFFFFFFFFC0000
00007FFFFFFFFFFFFFFFFFFFFFF00000
00000FFFE3FFFFFFFFFFFE3FFF800000
0000003001FFFFFFFFFFFC0060000000
0000000000FFFFFFFFFFF80000000000
00000000003FFFFFFFFFE00000000000
00000000000FFFFFFFFF800000000000
000000000003FFFFFFFE000000000000
000000000000FFFFFFF8000000000000
0000000000001FFFFFC0000000000000
0000000000000FFFFC00000000000000
0000000000003FFF0000000000000000
000000000000FFFE0000000000000000
000000000001FFFE0000000000000000
000000000000FFFE0000000000000000
0000000000007FFF0000000000000000
0000000000003FFF8000000000000000
0000000000001FFFC000000000000000
0000000000000FFFE000000000000000
00000000000007FFF000000000000000
00000000000003FFF800000000000000
00000000000001FFFC00000000000000
00000000000003FFF800000000000000
00000000000003FFE000000000000000
00000000000007FFC000000000000000
00000000000007FF0000000000000000
0000000000000FFE0000000000000000
0000000000000FF80000000000000000
0000000000001FF00000000000000000
0000000000001FC00000000000000000
0000000000003F800000000000000000
0000000000003E000000000000000000
0000000000007C000000000000000000
00000000000070000000000000000000
000000000000E0000000000000000000
00000000000080000000000000000000
00000000000100000000000000000000
ENDCHAR
STARTCHAR 0027
ENCODING 39
SWIDTH 1000 0
DWIDTH 125 0
BBX 31 109 47 0
BITMAP
000FE000
001FF000
003FF800
007FFC00
00FFFE00
00FFFE00
00FFFE00
00FFFE00
00FFFE00
00FFFE00
00FFFE00
00FFFE00
00FFFE00
00FFFE00
00FFFE00
00FFFE00
00FFFE00
00FFFE00
00FFFE00
00FFFE00
00FFFE00
00FFFE00
00FFFE00
00FFFE00
00FFFE00
00FFFE00
00FFFE00
00FFFE00
00FFFE00
00FFFE00
00FFFE00
00FFFE00
00FFFE00
00FFFE00
00FFFE00
00FFFE00
00FFFE00
00FFFE00
00FFFE00
00FFFE00
00FFFE00
00FFFE00
00FFFE00
00FFFE00
00FFFE00
00FFFE00
00FFFE00
00FFFE00
00FFFE00
00FFFE00
00FFFE00
00FFFE00
00FFFE00
00FFFE00
00FFFE00
00FFFE00
00FFFE00
00FFFE00
00FFFE00
00FFFE00
00FFFE00
00FFFE00
00FFFE00
00FFFE00
00FFFE00
00FFFE00
00FFFE00
00FFFE00
00FFFE00
00FFFE00
00FFFE00
00FFFE00
00FFFE00
00FFFE00
00FFFE00
00FFFE00
00FFFE00
00FFFE00
00FFFE00
00FFFE00
01FFFF00
07FFFFC0
0FFFFFE0
1FFFFFF0
3FFFFFF0
3FFFFFF8
7FFFFFFC
7FFFFFFC
7FFFFFFC
FFFFFFFE
FFFFFFFE
FFFFFFFE
FFFFFFFE
FFFFFFFE
FFFFFFFE
FFFFFFFE
FFFFFFFE
FFFFFFFE
7FFFFFFC
7FFFFFFC
3FFFFFF8
3FFFFFF8
1FFFFFF0
0FFFFFE0
07FFFFC0
03FFFF80
01FFFF00
007FFC00
001FE000
ENDCHAR
STARTCHAR 0028
ENCODING 40
SWIDTH 1000 0
DWIDTH 125 0
BBX 125 125 0 -8
BITMAP
00000000000007FFFF00000000000000
000000000000FFFFFFF8000000000000
00000000000FFFFFFFFF800000000000
00000000007FFFFFFFFFF00000000000
0000000003FFFFFFFFFFFE0000000000
000000000FFFFFFFFFFFFF8000000000
000000003FFFFFFFFFFFFFE000000000
00000000FFFFFFFFFFFFFFF800000000
00000003FFFFFFFFFFFFFFFE00000000
00000007FFFFFFFFFFFFFFFF00000000
0000001FFFFFFFFFFFFFFFFFC0000000
0000003FFFFFFFFFFFFFFFFFE0000000
0000007FFFFFFFFFFFFFFFFFF0000000
000001FFFFFFFFFFFFFFFFFFFC000000
000003FFFFFFFFFFFFFFFFFFFE000000
000007FFFFFFFFF8FFFFFFFFFF000000
00000FFFFFFFF000007FFFFFFF800000
00001FFFFFFF00000007FFFFFFC00000
00003FFFFFFC00000001FFFFFFE00000
00007FFFFFE0000000003FFFFFF00000
0000FFFFFF80000000000FFFFFF80000
0001FFFFFE000000000003FFFFFC0000
0003FFFFFC000000000001FFFFFE0000
0007FFFFF00000000000007FFFFE0000
0007FFFFE00000000000003FFFFF0000
000FFFFFC00000000000001FFFFF8000
001FFFFF0000000000000007FFFFC000
003FFFFE0000000000000003FFFFC000
003FFFFC0000000000000001FFFFE000
007FFFF80000000000000000FFFFF000
007FFFF000000000000000007FFFF000
00FFFFE000000000000000003FFFF800
01FFFFC000000000000000001FFFFC00
01FFFFC000000000000000001FFFFC00
03FFFF8000000000000000000FFFFE00
03FFFF00000000000000000007FFFE00
07FFFE00000000000000000003FFFF00
07FFFE00000000000000000003FFFF00
0FFFFC00000000000000000001FFFF00
0FFFFC00000000000000040001FFFF80
0FFFF800000000000000180000FFFF80
1FFFF0000000000000007800007FFFC0
1FFFF000000000000001F000007FFFC0
1FFFE000000000000007F000003FFFC0
3FFFE00000000000001FE000003FFFE0
3FFFE00000000000007FE000003FFFE0
3FFFC0000000000001FFC000001FFFE0
3FFFC0000000000007FFC000001FFFE0
7FFFC000000000001FFF8000001FFFF0
7FFF8000000000007FFF8000000FFFF0
7FFF800000000001FFFF0000000FFFF0
7FFF800000000007FFFF0000000FFFF0
7FFF80000000001FFFFE0000000FFFF0
7FFF00000000007FFFFE00000007FFF0
FFFF0000000001FFFFFC00000007FFF8
FFFF0000000003FFFFFC00000007FFF8
FFFF0000000003FFFFF800000007FFF8
FFFF0000000007FFFFF800000007FFF8
FFFF0000000007FFFFF000000007FFF8
FFFF000000000FFFFFF000000007FFF8
FFFF000000000FFFFFE000000007FFF8
FFFF000000001FFFFFE000000007FFF8
FFFF000000001FFFFFC000000007FFF8
FFFF000000003FFFFFC000000007FFF8
FFFF000000003FFFFF8000000007FFF8
FFFF000000007FFFFF8000000007FFF8
FFFF000000007FFFFF0000000007FFF8
FFFF00000000FFFFFF0000000007FFF8
FFFF00000000FFFFFE0000000007FFF8
FFFF00000001FFFFFE0000000007FFF8
FFFF00000001FFFFFC0000000007FFF8
7FFF00000003FFFFF0000000000FFFF0
7FFF80000003FFFFC0000000000FFFF0
7FFF80000007FFFF00000000000FFFF0
7FFF80000007FFFC00000000000FFFF0
7FFF8000000FFFF000000000000FFFF0
7FFFC000000FFFC000000000001FFFE0
3FFFC000001FFF0000000000001FFFE0
3FFFC000001FFC0000000000001FFFE0
3FFFE000003FF00000000000003FFFE0
3FFFE000003FC00000000000003FFFC0
1FFFF000007F000000000000007FFFC0
1FFFF000007C000000000000007FFFC0
1FFFF80000F000000000000000FFFFC0
0FFFF80000C000000000000000FFFF80
0FFFFC00010000000000000001FFFF80
07FFFC00000000000000000001FFFF00
07FFFE00000000000000000003FFFF00
03FFFF00000000000000000007FFFE00
03FFFF00000000000000000007FFFE00
03FFFF8000000000000000000FFFFC00
01FFFFC000000000000000001FFFFC00
00FFFFE000000000000000003FFFF800
00FFFFF000000000000000007FFFF800
007FFFF80000000000000000FFFFF000
007FFFFC0000000000000001FFFFF000
003FFFFE0000000000000003FFFFE000
001FFFFF0000000000000007FFFFC000
001FFFFF800000000000000FFFFFC000
000FFFFFC00000000000001FFFFF8000
0007FFFFE00000000000003FFFFF0000
0003FFFFF8000000000000FFFFFE0000
0001FFFFFC000000000001FFFFFC0000
0001FFFFFF000000000007FFFFFC0000
0000FFFFFFC0000000001FFFFFF80000
00007FFFFFF0000000007FFFFFF00000
00003FFFFFFC00000001FFFFFFE00000
00001FFFFFFFC000001FFFFFFFC00000
00000FFFFFFFFC0001FFFFFFFF800000
000007FFFFFFFFFFFFFFFFFFFF000000
000001FFFFFFFFFFFFFFFFFFFC000000
000000FFFFFFFFFFFFFFFFFFF8000000
0000007FFFFFFFFFFFFFFFFFF0000000
0000003FFFFFFFFFFFFFFFFFE0000000
0000000FFFFFFFFFFFFFFFFF80000000
00000007FFFFFFFFFFFFFFFF00000000
00000001FFFFFFFFFFFFFFFC00000000
000000007FFFFFFFFFFFFFF000000000
000000001FFFFFFFFFFFFFC000000000
0000000007FFFFFFFFFFFF0000000000
0000000001FFFFFFFFFFFC0000000000
00000000003FFFFFFFFFE00000000000
000000000007FFFFFFFF000000000000
0000000000007FFFFFF0000000000000
00000000000000FFF800000000000000
ENDCHAR
STARTCHAR 0029
ENCODING 41
SWIDTH 1000 0
DWIDTH 125 0
BBX 99 48 13 31
BITMAP
00000000000007F00000000000
00000000000007E00000000000
FF00003FC0000FE0000FF00000
FF00003FC0000FC0001FF80000
FF80003FC0000FC0001FF80000
FFC0003FC0001FC0003FF80000
FFC0003FC0001F80003FFC0000
FFE0003FC0001F80003FFC0000
FFF0003FC0003F80007FFE0000
FFF0003FC0003F00007FFE0000
FFF8003FC0003F00007FFE0000
FFFC003FC0007F0000FFFF0000
FFFE003FC0007E0000FFFF0000
FFFE003FC0007E0000FEFF0000
FFFF003FC000FE0001FE7F8000
FFFF803FC000FC0001FE7F8000
FFFF803FC000FC0001FE7F8000
FFFFC03FC001FC0003FC3FC000
FF7FE03FC001F80003FC3FC000
FF7FE03FC001F80003FC3FC000
FF3FF03FC003F80007F81FE000
FF1FF83FC003F00007F81FE000
FF1FF83FC003F00007F81FE000
FF0FFC3FC007F0000FF01FF000
FF07FE3FC007E0000FF00FF000
FF03FE3FC007E0001FF00FF000
FF03FF3FC00FE0001FE00FF800
FF01FFBFC00FC0001FE007F800
FF00FFBFC00FC0003FE007F800
FF00FFFFC01FC0003FFFFFFC00
FF007FFFC01F80003FFFFFFC00
FF003FFFC01F80007FFFFFFE00
FF003FFFC03F80007FFFFFFE00
FF001FFFC03F00007FFFFFFE00
FF000FFFC03F0000FFFFFFFF00
FF000FFFC07F0000FFFFFFFF00
FF0007FFC07E0000FFFFFFFF00
FF0003FFC07E0001FF0000FF80
FF0003FFC0FE0001FF0000FF80
FF0001FFC0FC0001FF0000FF80
FF0000FFC0FC0003FE0000FFC0
FF0000FFC1FC0003FE00007FC0
FF00007FC1F80007FE00007FC0
FF00003FC1F80007FC00007FE0
FF00003FC3F80007FC00003FE0
0000000003F000080000000000
0000000003F000000000000000
0000000007F000000000000000
ENDCHAR
STARTCHAR 002A
ENCODING 42
SWIDTH 1000 0
DWIDTH 125 0
BBX 55 45 35 32
BITMAP
03F0000003FE00
0FFC00001FFFE0
1FFF00007FFFF8
3FFF8001FFFFFC
7FFF8003FFFFFE
FF1FC007FFFFFE
FC0FC00FFFFFFC
F807E00FFFFFF8
F807E01FFE03F8
F803E01FF80070
F807E03FF00020
FC07E03FF00000
FC0FC03FE00000
7FFFC03FE00000
7FFF803FC00000
3FFF803FC00000
1FFF003FC00000
07FC003FC00000
01E0003FC00000
0000003FC00000
0000003FC00000
0000003FC00000
0000003FC00000
0000003FC00000
0000003FC00000
0000003FC00000
0000003FC00000
0000003FC00000
0000003FC00000
0000003FC00000
0000003FC00000
0000003FE00000
0000003FE00000
0000003FE00000
0000003FF00010
0000001FF80070
0000001FFE03F8
0000000FFFFFF8
0000000FFFFFFC
00000007FFFFFE
00000003FFFFFE
00000001FFFFFC
000000007FFFF0
000000001FFFC0
0000000003FE00
ENDCHAR
STARTCHAR 002B
ENCODING 43
SWIDTH 1000 0
DWIDTH 125 0
BBX 57 44 34 33
BITMAP
0070000000000000
07FE001FFFFFFF80
0FFF001FFFFFFF80
1FFF801FFFFFFF80
3FFFC01FFFFFFF80
7FFFE01FFFFFFF80
7E07E01FFFFFFF80
7C03E01FFFFFFF80
FC03F01FFFFFFF80
FC03F01FE0000000
FC03F01FE0000000
7C03E01FE0000000
7E07E01FE0000000
7F8FE01FE0000000
3FFFC01FE0000000
1FFF801FE0000000
0FFF001FE0000000
07FE001FE0000000
01F8001FE0000000
0000001FFFFFF800
0000001FFFFFF800
0000001FFFFFF800
0000001FFFFFF800
0000001FFFFFF800
0000001FFFFFF800
0000001FFFFFF800
0000001FFFFFF800
0000001FE0000000
0000001FE0000000
0000001FE0000000
0000001FE0000000
0000001FE0000000
0000001FE0000000
0000001FE0000000
0000001FE0000000
0000001FE0000000
0000001FE0000000
0000001FE0000000
0000001FE0000000
0000001FE0000000
0000001FE0000000
0000001FE0000000
0000001FE0000000
0000001FE0000000
ENDCHAR
STARTCHAR 0030
ENCODING 48
SWIDTH 1000 0
DWIDTH 125 0
BBX 125 125 0 -8
BITMAP
000000000000000001FFF80000000000
00000000000000000FFFFF8000000000
00000000000000007FFFFFE000000000
0000000000000001FFFFFFF800000000
0000000000000003FFFFFFFE00000000
000000000000000FFFFFFFFF00000000
000000000000001FFFFFFFFF80000000
000000000000003FFFFFFFFFC0000000
000000000000007FFF000FFFE0000000
00000000000000FFF80001FFF0000000
00000000000001FFE000007FF8000000
000000000000FFFFC000003FFFF00000
000000000007FFFF0000000FFFFE0000
00000000001FFFFE00000007FFFFC000
00000000007FFFFC00000003FFFFE000
0000000000FFFFF800000001FFFFF800
0000000001FFFFF000000000FFFFFC00
0000000003FFFFF000000000FFFFFE00
0000000007FFFFE0000000007FFFFF00
000000000FFF806000000000301FFF80
000000001FFE0000000000000003FF80
000000003FF800FFF80000000001FFC0
000000003FF00FFFFF80000000007FE0
000000007FE07FFFFFF0000000003FE0
000000007FC1FFFFFFFE000000003FE0
00000000FF87FFFFFFFF800000001FF0
00000000FF9FFFFFFFFFC00000000FF0
00000000FF7FFFFFFFFFF00000000FF0
00000000FFFFFFFFFFFFF80000000FF8
00000001FFFFFF800FFFFE00000007F8
00000001FFFFF80000FFFF00000007F8
00000001FFFFC000001FFF80000007F8
00000001FFFF00000007FFC0000007F8
00000001FFFE00000003FFE0000007F8
00000001FFF800000000FFF0000007F8
00000001FFF0000000007FF8000007F8
00000000FFE0000000003FF8000007F8
000003FFFFC0000000000FFFFE000FF0
00003FFFFF800000000007FFFFE00FF0
0000FFFFFF000000000003FFFFF80FF0
0003FFFFFE000000000003FFFFFE1FF0
000FFFFFFC000000000001FFFFFFBFE0
001FFFFFF8000000000000FFFFFFFFE0
003FFFFFF80000000000007FFFFFFFC0
007FFFFFF00000000000007FFFFFFF80
01FFFE00E00000000000003803FFFF80
01FFF0000000000000000000007FFF00
03FFC0000000000000000000001FFE00
07FF000000000000000000000007FF00
0FFE000000000000000000000003FF80
0FFC000000000000000000000001FF80
1FF8000000000000000000000000FFC0
1FF00000000000000000000000007FC0
3FE00000000000000000000000003FE0
3FC00000000000000000000000003FE0
7FC00000000000000000000000001FF0
7F800000000000000000000000000FF0
7F800000000000000000000000000FF0
7F800000000000000000000000000FF0
FF0000000000000000000000000007F8
FF0000000000000000000000000007F8
FF0000000000000000000000000007F8
FF0000000000000000000000000007F8
FF0000000000000000000000000007F8
FF0000000000000000000000000007F8
FF0000000000000000000000000007F8
FF0000000000000000000000000007F8
FF0000000000000000000000000007F8
FF0000000000000000000000000007F8
7F800000000000000000000000000FF0
7F800000000000000000000000000FF0
7F800000000000000000000000000FF0
7FC00000000000000000000000001FF0
3FC00000000000000000000000001FE0
3FE00000000000000000000000003FE0
1FF00000000000000000000000007FC0
1FF8000000000000000000000000FFC0
0FFC000000000000000000000001FF80
0FFE000000000000040000000003FF80
07FF0000020000000C0002000007FF00
03FFC0000700000018000700001FFE00
01FFF0001F80000078000FC0007FFC00
01FFFE00FFC00000F0001FF803FFF800
00FFFFFFFFE00003F0003FFFFFFFF000
003FFFFFFFF00007E0007FFFFFFFE000
001FFFFFFFF8001FE000FFFFFFFFC000
000FFFFFFFE0003FC003FFFFFFFF8000
0003FFFFFF8000FFC00FFFFFFFFE0000
0000FFFFFF0001FF803FFFFFFFF80000
00003FFFF40007FF807FFE7FFFE00000
000003FF80000FFF007FFC07FE000000
0000000000003FFF00FFF80000000000
0000000000007FFE007FE00000000000
000000000001FFFE003FC00000000000
000000000000FFFE001F000000000000
0000000000007FFF000C000000000000
0000000000003FFF8000000000000000
0000000000001FFFC000000000000000
0000000000000FFFE000000000000000
00000000000007FFF000000000000000
00000000000003FFF800000000000000
00000000000001FFFC00000000000000
00000000000003FFF800000000000000
00000000000003FFF000000000000000
00000000000003FFE000000000000000
00000000000007FFC000000000000000
00000000000007FF8000000000000000
00000000000007FF0000000000000000
0000000000000FFE0000000000000000
0000000000000FFC0000000000000000
0000000000000FF80000000000000000
0000000000001FF00000000000000000
0000000000001FE00000000000000000
0000000000001FC00000000000000000
0000000000003F800000000000000000
0000000000003F000000000000000000
0000000000003E000000000000000000
0000000000007C000000000000000000
00000000000078000000000000000000
00000000000070000000000000000000
000000000000E0000000000000000000
000000000000C0000000000000000000
00000000000080000000000000000000
00000000000100000000000000000000
00000000000200000000000000000000
ENDCHAR
STARTCHAR 0031
ENCODING 49
SWIDTH 1000 0
DWIDTH 125 0
BBX 101 101 12 4
BITMAP
000000000000F8000000000000
000000000001FC000000000000
000000000001FC000000000000
000000000001FC000000000000
000000000001FC000000000000
000000000001FC000000000000
000000000001FC000000000000
000000000001FC000000000000
000000000001FC000000000000
000000000001FC000000000000
000000000001FC000000000000
000000000001FC000000000000
000000000001FC000000000000
0000E0000001FC000000380000
0001F0000000F80000007C0000
0003F800000000000000FE0000
0007FC00000000000001FF0000
0007FE00000000000003FF0000
0003FF00000000000007FE0000
0003FF8000000000000FFE0000
0001FFC000000000001FFC0000
0000FFE000000000003FF80000
00007FE000000000003FF00000
00003FE00007FF00003FE00000
00001FC0007FFFF0003FC00000
00000FC001FFFFFC001F800000
0000030007FFFFFF0006000000
000000001FFFFFFFC000000000
000000003FFFFFFFE000000000
000000007FFFFFFFF000000000
00000000FFFFFFFFF800000000
00000001FFFFFFFFFC00000000
00000003FFFFFFFFFE00000000
00000007FFFFFFFFFF00000000
0000000FFFFFFFFFFF80000000
0000001FFFFFFFFFFF80000000
0000001FFFFFFFFFFFC0000000
0000003FFFFFFFFFFFE0000000
0000003FFFFFFFFFFFE0000000
0000007FFFFFFFFFFFF0000000
0000007FFFFFFFFFFFF0000000
0000007FFFFFFFFFFFF0000000
000000FFFFFFFFFFFFF8000000
000000FFFFFFFFFFFFF8000000
000000FFFFFFFFFFFFF8000000
000000FFFFFFFFFFFFF8000000
3FF801FFFFFFFFFFFFFC00FFE0
FFFE01FFFFFFFFFFFFFC03FFF0
FFFE01FFFFFFFFFFFFFC03FFF8
FFFE01FFFFFFFFFFFFFC03FFF8
FFFE01FFFFFFFFFFFFFC03FFF8
FFFE01FFFFFFFFFFFFFC03FFF8
FFFE01FFFFFFFFFFFFFC03FFF0
3FF801FFFFFFFFFFFFFC00FFE0
000001FFFFFFFFFFFFFC000000
000000FFFFFFFFFFFFF8000000
000000FFFFFFFFFFFFF8000000
000000FFFFFFFFFFFFF8000000
000000FFFFFFFFFFFFF8000000
0000007FFFFFFFFFFFF0000000
0000007FFFFFFFFFFFF0000000
0000007FFFFFFFFFFFE0000000
0000003FFFFFFFFFFFE0000000
0000003FFFFFFFFFFFC0000000
0000001FFFFFFFFFFFC0000000
0000000FFFFFFFFFFF80000000
0000000FFFFFFFFFFF80000000
00000007FFFFFFFFFF00000000
00000003FFFFFFFFFE00000000
00000001FFFFFFFFFC00000000
00000000FFFFFFFFF800000000
000000007FFFFFFFF000000000
000000001FFFFFFFC000000000
000000000FFFFFFF8000000000
0000078003FFFFFE000F000000
00000FC000FFFFF8001F800000
00001FE0003FFFE0003FC00000
00003FE00000F800003FE00000
00007FE000000000003FF00000
0000FFC000000000003FF80000
0001FFC000000000001FFC0000
0003FF8000000000000FFE0000
0007FF00000000000007FF0000
0007FE00000000000003FF0000
0007FC00000000000001FF0000
0003F800000020000000FE0000
0001F0000000F80000007C0000
000040000001FC000000100000
000000000001FC000000000000
000000000001FC000000000000
000000000001FC000000000000
000000000001FC000000000000
000000000001FC000000000000
000000000001FC000000000000
000000000001FC000000000000
000000000001FC000000000000
000000000001FC000000000000
000000000001FC000000000000
000000000001FC000000000000
000000000001FC000000000000
000000000000F8000000000000
ENDCHAR
STARTCHAR 0032
ENCODING 50
SWIDTH 1000 0
DWIDTH 125 0
BBX 53 53 36 28
BITMAP
00004000000000
0001C000000000
00078000000000
001F8000000000
003F8000000000
007F8000000000
00FF8000000000
01FF8000000000
03FF8000000000
07FF8000000000
0FFF8000000000
0FFF8000000000
1FFF8000000000
1FFF8000000000
3FFF8000000000
3FFF8000000000
7FFFC000000000
7FFFC000000000
7FFFC000000000
7FFFE000000000
FFFFE000000000
FFFFE000000000
FFFFF000000000
FFFFF800000000
FFFFF800000000
FFFFFC00000000
FFFFFE00000000
FFFFFE00000000
FFFFFF00000000
FFFFFF80000000
FFFFFFE0000000
FFFFFFF0000000
7FFFFFF8000000
7FFFFFFE000000
7FFFFFFF800000
3FFFFFFFF00018
3FFFFFFFFFC3F0
3FFFFFFFFFFFF0
1FFFFFFFFFFFF0
1FFFFFFFFFFFE0
0FFFFFFFFFFFC0
07FFFFFFFFFFC0
03FFFFFFFFFF80
03FFFFFFFFFF00
01FFFFFFFFFE00
00FFFFFFFFFC00
007FFFFFFFF800
001FFFFFFFF000
000FFFFFFFE000
0007FFFFFF8000
0001FFFFFE0000
00003FFFF80000
000007FFC00000
ENDCHAR
STARTCHAR 0033
ENCODING 51
SWIDTH 1000 0
DWIDTH 125 0
BBX 125 125 0 -8
BITMAP
000000000000F8000000000000000000
000000000001FC000000000000000000
000000000001FE000000000000000000
000000000001FE000000000000000000
000000000001FE000000000000000000
000000000001FE000000000000000000
000000000001FE000000000000000000
000000000001FE000000000000000000
000000000001FE000000000000000000
000000000001FE000000000000000000
000000000001FE000000000000000000
000000000001FE000000000000000000
000000000001FE000000000000000000
000040000001FC000000100000000000
0001F0000000F80000007C0000000000
0003F800000000000000FE0000000000
0003FC00000000000001FF0000000000
0003FE00000000000003FF0000000000
0003FF00000000000007FF0000000000
0003FF8000000000000FFE0000000000
0001FFC000000000001FFC0000000000
0000FFE000000000001FF80000000000
00007FE000000000003FF00000000000
00003FE00007FF00003FE00000000000
00001FE0003FFFF0001FC00000000000
00000FC001FFFFFC001F800000000000
0000038007FFFFFF0007000000000000
000000000FFFFFFFC000000000000000
000000003FFFFFFFE000000000000000
000000007FFFFFFFF000000000000000
00000000FFFFFFFFFC00000000000000
00000001FFFC01FFFE00000000000000
00000003FFE0003FFE00000000000000
00000007FF80000FFF00000000000000
00000007FF000003FF80000000000000
0000000FFC000001FFC0000000000000
0000001FF8000000FFC0000000000000
0000001FF00000007FE0000000000000
0000003FF00000003FE0000000000000
0000003FE00000001FF0000000000000
0000007FC00000001FF0000000000000
0000007FC00000000FF8000000000000
0000007F800000000FF8000000000000
000000FF8000000007F8000000000000
000000FF0000000007FC000000000000
000000FF0000000007FC000000000000
000000FF0000000003FC000000000000
3FFC00FF000000FFF3FC00FFF0000000
7FFE01FE00001FFFFFFC01FFF8000000
FFFE01FE0000FFFFFFFC03FFF8000000
FFFF01FE0003FFFFFFFE03FFFC000000
FFFF01FE000FFFFFFFFF83FFFC000000
FFFE01FE003FFFFFFFFFE3FFF8000000
7FFE00FE007FFFFFFFFFF9FFF8000000
3FFC00FF01FFFFFFFFFFFCFFF0000000
000000FF03FFFFFFFFFFFE0000000000
000000FF07FFFFFFFFFFFF0000000000
000000FF0FFFFFFFFFFFFF8000000000
0000007F9FFFFFFFFFFFFFC000000000
0000007FBFFFFFFFFFFFFFE000000000
0000003FFFFFFFFFFFFFFFF000000000
0000003FFFFFFFFFFFFFFFF800000000
000001FFFFFFFFFFFFFFFFFFFC000000
00001FFFFFFFFFFFFFFFFFFFFFC00000
0000FFFFFFFFFFFFFFFFFFFFFFF80000
0003FFFFFFFFFFFFFFFFFFFFFFFE0000
0007FFFFFFFFFFFFFFFFFFFFFFFF0000
001FFFFFFFFFFFFFFFFFFFFFFFFFC000
003FFFFFFFFFFFFFFFFFFFFFFFFFE000
007FFFFFFFFFFFFFFFFFFFFFFFFFF000
00FFFFFFFFFFFFFFFFFFFFFFFFFFF800
01FFFFFFFFFFFFFFFFFFFFFFFFFFFC00
03FFFFFFFFFFFFFFFFFFFFFFFFFFFE00
07FFFFFFFFFFFFFFFFFFFFFFFFFFFF00
07FFFFFFFFFFFFFFFFFFFFFFFFFFFF00
0FFFFFFFFFFFFFFFFFFFFFFFFFFFFF80
1FFFFFFFFFFFFFFFFFFFFFFFFFFFFFC0
1FFFFFFFFFFFFFFFFFFFFFFFFFFFFFC0
3FFFFFFFFFFFFFFFFFFFFFFFFFFFFFE0
3FFFFFFFFFFFFFFFFFFFFFFFFFFFFFE0
7FFFFFFFFFFFFFFFFFFFFFFFFFFFFFE0
7FFFFFFFFFFFFFFFFFFFFFFFFFFFFFF0
7FFFFFFFFFFFFFFFFFFFFFFFFFFFFFF0
7FFFFFFFFFFFFFFFFFFFFFFFFFFFFFF0
FFFFFFFFFFFFFFFFFFFFFFFFFFFFFFF8
FFFFFFFFFFFFFFFFFFFFFFFFFFFFFFF8
FFFFFFFFFFFFFFFFFFFFFFFFFFFFFFF8
FFFFFFFFFFFFFFFFFFFFFFFFFFFFFFF8
FFFFFFFFFFFFFFFFFFFFFFFFFFFFFFF8
FFFFFFFFFFFFFFFFFFFFFFFFFFFFFFF8
FFFFFFFFFFFFFFFFFFFFFFFFFFFFFFF8
FFFFFFFFFFFFFFFFFFFFFFFFFFFFFFF8
FFFFFFFFFFFFFFFFFFFFFFFFFFFFFFF8
FFFFFFFFFFFFFFFFFFFFFFFFFFFFFFF8
FFFFFFFFFFFFFFFFFFFFFFFFFFFFFFF8
7FFFFFFFFFFFFFFFFFFFFFFFFFFFFFF0
7FFFFFFFFFFFFFFFFFFFFFFFFFFFFFF0
7FFFFFFFFFFFFFFFFFFFFFFFFFFFFFF0
7FFFFFFFFFFFFFFFFFFFFFFFFFFFFFF0
3FFFFFFFFFFFFFFFFFFFFFFFFFFFFFE0
3FFFFFFFFFFFFFFFFFFFFFFFFFFFFFE0
1FFFFFFFFFFFFFFFFFFFFFFFFFFFFFC0
1FFFFFFFFFFFFFFFFFFFFFFFFFFFFFC0
0FFFFFFFFFFFFFFFFFFFFFFFFFFFFF80
0FFFFFFFFFFFFFFFFFFFFFFFFFFFFF80
07FFFFFFFFFFFFFFFFFFFFFFFFFFFF00
03FFFFFFFFFFFFFFFFFFFFFFFFFFFE00
01FFFFFFFFFFFFFFFFFFFFFFFFFFFC00
00FFFFFFFFFFFFFFFFFFFFFFFFFFF800
007FFFFFFFFFFFFFFFFFFFFFFFFFF000
003FFFFFFFFFFFFFFFFFFFFFFFFFE000
001FFFFFFFFFFFFFFFFFFFFFFFFFC000
000FFFFFFFFFFFFFFFFFFFFFFFFF8000
0003FFFFFFFFFFFFFFFFFFFFFFFE0000
0000FFFFFFFFFFFFFFFFFFFFFFF80000
00003FFFFFFFFFFFFFFFFFFFFFE00000
000003FF81FFFFFFFFFFFC0FFE000000
0000000000FFFFFFFFFFF80000000000
00000000007FFFFFFFFFF00000000000
00000000001FFFFFFFFFC00000000000
000000000007FFFFFFFF000000000000
000000000001FFFFFFFC000000000000
0000000000007FFFFFF0000000000000
0000000000000FFFFF80000000000000
000000000000003FE000000000000000
ENDCHAR
STARTCHAR 0034
ENCODING 52
SWIDTH 1000 0
DWIDTH 125 0
BBX 125 116 0 -8
BITMAP
00000000000000000007000000000000
0000000000000000001F800000000000
0000000000000000007FC00000000000
000000000000000001FFC00000000000
000000000000000003FFC00000000000
00000000000000000FFFC00000000000
00000000000000001FFFC00000000000
00000000000000003FFFC00000000000
00000000000000007FFF800000000000
0000000000000000FFFF800000000000
0000000000000001FFFF800000000000
0000000000000003FFFF800000000000
0000000000000003FF7F800000000000
0000000000000007FE7F800000000000
000000000000000FFC7F800000000000
000000000000000FF87F800000000000
000000000000001FF07F800000000000
000000000000001FF07F800000000000
000000000000001FE07F800000000000
000000000000003FE07FC00000000000
000000000000003FC03FC00000000000
000000000000003FC03FC00000000000
000000000000007F803FE00000000000
000000000000007F803FE00000000000
000000000000007F801FF00000000000
000000000000007F801FF00000000000
000000000000007F000FF80000000000
000000000000007F000FF80000000000
00000000000000FF0007FC0000000000
00000000000000FF0007FE0000000000
00000000000000FF0003FF0000000000
000000000000007F0001FF8000000000
000000000000007F0001FFE000000000
000000000000007F0000FFF000000000
000000000000007F80007FFC00000000
000000000000007F80003FFF0001E000
000000000000007F80001FFFF01FF000
000000000000007F80000FFFFFFFF800
00000000000003FFFC0003FFFFFFF800
0000000000003FFFFFC001FFFFFFF800
000000000000FFFFFFF8007FFFFFF800
000000000007FFFFFFFE003FFFFFF800
00000000001FFFFFFFFF8007FFFFF000
00000000003FFFFFFFFFE000FFFFF000
0000000000FFFFFFFFFFF80003FFE000
0000000001FFFFFFFFFFFC00007FE000
0000000003FFFFFFFFFFFE0000FFC000
0000000007FFFFFFFFFFFF0001FF8000
000000000FFFFFFFFFFFFF8003FF8000
000000001FFFFFFFFFFFFFC00FFF0000
000000003FFFFFFFFFFFFFE01FFE0000
000000007FFFFFFFFFFFFFF0FFFC0000
00000000FFFFFFFFFFFFFFFFFFF80000
000000FDFFFFFFFFFFFFFFFFFFF00000
00001FFFFFFFFFFFFFFFFFFFFFE00000
00007FFFFFFFFFFFFFFFFFFFFFF00000
0003FFFFFFFFFFFFFFFFFFFFFFFC0000
0007FFFFFFFFFFFFFFFFFFFFFFFF0000
001FFFFFFFFFFFFFFFFFFFFFFFFFC000
003FFFFFFFFFFFFFFFFFFFFFFFFFE000
007FFFFFFFFFFFFFFFFFFFFFFFFFF000
00FFFFFFFFFFFFFFFFFFFFFFFFFFF800
01FFFFFFFFFFFFFFFFFFFFFFFFFFFC00
03FFFFFFFFFFFFFFFFFFFFFFFFFFFE00
07FFFFFFFFFFFFFFFFFFFFFFFFFFFF00
07FFFFFFFFFFFFFFFFFFFFFFFFFFFF00
0FFFFFFFFFFFFFFFFFFFFFFFFFFFFF80
1FFFFFFFFFFFFFFFFFFFFFFFFFFFFFC0
1FFFFFFFFFFFFFFFFFFFFFFFFFFFFFC0
3FFFFFFFFFFFFFFFFFFFFFFFFFFFFFE0
3FFFFFFFFFFFFFFFFFFFFFFFFFFFFFE0
3FFFFFFFFFFFFFFFFFFFFFFFFFFFFFE0
7FFFFFFFFFFFFFFFFFFFFFFFFFFFFFF0
7FFFFFFFFFFFFFFFFFFFFFFFFFFFFFF0
7FFFFFFFFFFFFFFFFFFFFFFFFFFFFFF0
FFFFFFFFFFFFFFFFFFFFFFFFFFFFFFF0
FFFFFFFFFFFFFFFFFFFFFFFFFFFFFFF8
FFFFFFFFFFFFFFFFFFFFFFFFFFFFFFF8
FFFFFFFFFFFFFFFFFFFFFFFFFFFFFFF8
FFFFFFFFFFFFFFFFFFFFFFFFFFFFFFF8
FFFFFFFFFFFFFFFFFFFFFFFFFFFFFFF8
FFFFFFFFFFFFFFFFFFFFFFFFFFFFFFF8
FFFFFFFFFFFFFFFFFFFFFFFFFFFFFFF8
FFFFFFFFFFFFFFFFFFFFFFFFFFFFFFF8
FFFFFFFFFFFFFFFFFFFFFFFFFFFFFFF8
FFFFFFFFFFFFFFFFFFFFFFFFFFFFFFF8
7FFFFFFFFFFFFFFFFFFFFFFFFFFFFFF0
7FFFFFFFFFFFFFFFFFFFFFFFFFFFFFF0
7FFFFFFFFFFFFFFFFFFFFFFFFFFFFFF0
7FFFFFFFFFFFFFFFFFFFFFFFFFFFFFF0
3FFFFFFFFFFFFFFFFFFFFFFFFFFFFFE0
3FFFFFFFFFFFFFFFFFFFFFFFFFFFFFE0
1FFFFFFFFFFFFFFFFFFFFFFFFFFFFFC0
1FFFFFFFFFFFFFFFFFFFFFFFFFFFFFC0
0FFFFFFFFFFFFFFFFFFFFFFFFFFFFF80
0FFFFFFFFFFFFFFFFFFFFFFFFFFFFF80
07FFFFFFFFFFFFFFFFFFFFFFFFFFFF00
03FFFFFFFFFFFFFFFFFFFFFFFFFFFE00
01FFFFFFFFFFFFFFFFFFFFFFFFFFFC00
00FFFFFFFFFFFFFFFFFFFFFFFFFFF800
007FFFFFFFFFFFFFFFFFFFFFFFFFF000
003FFFFFFFFFFFFFFFFFFFFFFFFFE000
001FFFFFFFFFFFFFFFFFFFFFFFFFC000
000FFFFFFFFFFFFFFFFFFFFFFFFF8000
0003FFFFFFFFFFFFFFFFFFFFFFFE0000
0000FFFFFFFFFFFFFFFFFFFFFFF80000
00003FFFFFFFFFFFFFFFFFFFFFE00000
000003FF81FFFFFFFFFFFC0FFE000000
0000000000FFFFFFFFFFF80000000000
00000000007FFFFFFFFFF00000000000
00000000001FFFFFFFFFC00000000000
000000000007FFFFFFFF000000000000
000000000001FFFFFFFC000000000000
0000000000007FFFFFF0000000000000
0000000000000FFFFF80000000000000
000000000000003FE000000000000000
ENDCHAR
STARTCHAR 0035
ENCODING 53
SWIDTH 1000 0
DWIDTH 125 0
BBX 125 78 0 16
BITMAP
000000000000003FE000000000000000
00000000000007FFFF00000000000000
0000000000007FFFFFF0000000000000
000000000001FFFFFFFC000000000000
000000000007FFFFFFFF000000000000
00000000001FFFFFFFFFC00000000000
00000000007FFFFFFFFFF00000000000
0000000000FFFFFFFFFFF80000000000
0000000003FFFFFFFFFFFC0000000000
0000000007FFFFFFFFFFFF0000000000
000000000FFFFFFFFFFFFF8000000000
000000001FFFFFFFFFFFFFC000000000
000000003FFFFFFFFFFFFFE000000000
000000007FFFFFFFFFFFFFF000000000
00000000FFFFFFFFFFFFFFF800000000
00000000FFFFFFFFFFFFFFF800000000
000007FFFFFFFFFFFFFFFFFFFF000000
00003FFFFFFFFFFFFFFFFFFFFFE00000
0000FFFFFFFFFFFFFFFFFFFFFFF80000
0003FFFFFFFFFFFFFFFFFFFFFFFE0000
000FFFFFFFFFFFFFFFFFFFFFFFFF8000
001FFFFFFFFFFFFFFFFFFFFFFFFFC000
003FFFFFFFFFFFFFFFFFFFFFFFFFE000
00FFFFFFFFFFFFFFFFFFFFFFFFFFF000
01FFFFFFFFFFFFFFFFFFFFFFFFFFF800
01FFFFFFFFFFFFFFFFFFFFFFFFFFFC00
03FFFFFFFFFFFFFFFFFFFFFFFFFFFE00
07FFFFFFFFFFFFFFFFFFFFFFFFFFFF00
0FFFFFFFFFFFFFFFFFFFFFFFFFFFFF80
0FFFFFFFFFFFFFFFFFFFFFFFFFFFFF80
1FFFFFFFFFFFFFFFFFFFFFFFFFFFFFC0
1FFFFFFFFFFFFFFFFFFFFFFFFFFFFFC0
3FFFFFFFFFFFFFFFFFFFFFFFFFFFFFE0
3FFFFFFFFFFFFFFFFFFFFFFFFFFFFFE0
7FFFFFFFFFFFFFFFFFFFFFFFFFFFFFF0
7FFFFFFFFFFFFFFFFFFFFFFFFFFFFFF0
7FFFFFFFFFFFFFFFFFFFFFFFFFFFFFF0
7FFFFFFFFFFFFFFFFFFFFFFFFFFFFFF0
FFFFFFFFFFFFFFFFFFFFFFFFFFFFFFF8
FFFFFFFFFFFFFFFFFFFFFFFFFFFFFFF8
FFFFFFFFFFFFFFFFFFFFFFFFFFFFFFF8
FFFFFFFFFFFFFFFFFFFFFFFFFFFFFFF8
FFFFFFFFFFFFFFFFFFFFFFFFFFFFFFF8
FFFFFFFFFFFFFFFFFFFFFFFFFFFFFFF8
FFFFFFFFFFFFFFFFFFFFFFFFFFFFFFF8
FFFFFFFFFFFFFFFFFFFFFFFFFFFFFFF8
FFFFFFFFFFFFFFFFFFFFFFFFFFFFFFF8
FFFFFFFFFFFFFFFFFFFFFFFFFFFFFFF8
FFFFFFFFFFFFFFFFFFFFFFFFFFFFFFF8
7FFFFFFFFFFFFFFFFFFFFFFFFFFFFFF0
7FFFFFFFFFFFFFFFFFFFFFFFFFFFFFF0
7FFFFFFFFFFFFFFFFFFFFFFFFFFFFFF0
3FFFFFFFFFFFFFFFFFFFFFFFFFFFFFE0
3FFFFFFFFFFFFFFFFFFFFFFFFFFFFFE0
3FFFFFFFFFFFFFFFFFFFFFFFFFFFFFE0
1FFFFFFFFFFFFFFFFFFFFFFFFFFFFFC0
1FFFFFFFFFFFFFFFFFFFFFFFFFFFFFC0
0FFFFFFFFFFFFFFFFFFFFFFFFFFFFF80
07FFFFFFFFFFFFFFFFFFFFFFFFFFFF00
07FFFFFFFFFFFFFFFFFFFFFFFFFFFF00
03FFFFFFFFFFFFFFFFFFFFFFFFFFFE00
01FFFFFFFFFFFFFFFFFFFFFFFFFFFC00
00FFFFFFFFFFFFFFFFFFFFFFFFFFF800
007FFFFFFFFFFFFFFFFFFFFFFFFFF000
003FFFFFFFFFFFFFFFFFFFFFFFFFE000
001FFFFFFFFFFFFFFFFFFFFFFFFF8000
0007FFFFFFFFFFFFFFFFFFFFFFFF0000
0001FFFFFFFFFFFFFFFFFFFFFFFC0000
00007FFFFFFFFFFFFFFFFFFFFFF00000
00000FFFE3FFFFFFFFFFFE3FFF800000
0000003001FFFFFFFFFFFC0060000000
0000000000FFFFFFFFFFF80000000000
00000000003FFFFFFFFFE00000000000
00000000000FFFFFFFFF800000000000
000000000007FFFFFFFF000000000000
000000000000FFFFFFF8000000000000
0000000000003FFFFFE0000000000000
00000000000003FFFE00000000000000
ENDCHAR
STARTCHAR 0036
ENCODING 54
SWIDTH 1000 0
DWIDTH 125 0
BBX 125 117 0 0
BITMAP
00000000000001FFFC00000000000000
0000000000001FFFFFC0000000000000
000000000000FFFFFFF8000000000000
000000000003FFFFFFFE000000000000
00000000000FFFFFFFFF800000000000
00000000003FFFFFFFFFE00000000000
00000000007FFFFFFFFFF00000000000
0000000001FFFFFFFFFFFC0000000000
0000000003FFFFFFFFFFFE0000000000
0000000007FFFFFFFFFFFF0000000000
000000000FFFFFFFFFFFFF8000000000
000000001FFFFFFFFFFFFFC000000000
000000003FFFFFFFFFFFFFE000000000
000000007FFFFFFFFFFFFFF000000000
00000000FFFFFFFFFFFFFFF800000000
00000031FFFFFFFFFFFFFFFC60000000
00000FFFFFFFFFFFFFFFFFFFFF800000
00007FFFFFFFFFFFFFFFFFFFFFF00000
0001FFFFFFFFFFFFFFFFFFFFFFFC0000
0007FFFFFFFFFFFFFFFFFFFFFFFF0000
000FFFFFFFFFFFFFFFFFFFFFFFFF8000
003FFFFFFFFFFFFFFFFFFFFFFFFFE000
007FFFFFFFFFFFFFFFFFFFFFFFFFF000
00FFFFFFFFFFFFFFFFFFFFFFFFFFF800
01FFFFFFFFFFFFFFFFFFFFFFFFFFFC00
03FFFFFFFFFFFFFFFFFFFFFFFFFFFE00
07FFFFFFFFFFFFFFFFFFFFFFFFFFFF00
07FFFFFFFFFFFFFFFFFFFFFFFFFFFF00
0FFFFFFFFFFFFFFFFFFFFFFFFFFFFF80
1FFFFFFFFFFFFFFFFFFFFFFFFFFFFFC0
1FFFFFFFFFFFFFFFFFFFFFFFFFFFFFC0
3FFFFFFFFFFFFFFFFFFFFFFFFFFFFFE0
3FFFFFFFFFFFFFFFFFFFFFFFFFFFFFE0
3FFFFFFFFFFFFFFFFFFFFFFFFFFFFFE0
7FFFFFFFFFFFFFFFFFFFFFFFFFFFFFF0
7FFFFFFFFFFFFFFFFFFFFFFFFFFFFFF0
7FFFFFFFFFFFFFFFFFFFFFFFFFFFFFF0
FFFFFFFFFFFFFFFFFFFFFFFFFFFFFFF8
FFFFFFFFFFFFFFFFFFFFFFFFFFFFFFF8
FFFFFFFFFFFFFFFFFFFFFFFFFFFFFFF8
FFFFFFFFFFFFFFFFFFFFFFFFFFFFFFF8
FFFFFFFFFFFFFFFFFFFFFFFFFFFFFFF8
FFFFFFFFFFFFFFFFFFFFFFFFFFFFFFF8
FFFFFFFFFFFFFFFFFFFFFFFFFFFFFFF8
FFFFFFFFFFFFFFFFFFFFFFFFFFFFFFF8
FFFFFFFFFFFFFFFFFFFFFFFFFFFFFFF8
FFFFFFFFFFFFFFFFFFFFFFFFFFFFFFF8
FFFFFFFFFFFFFFFFFFFFFFFFFFFFFFF8
7FFFFFFFFFFFFFFFFFFFFFFFFFFFFFF0
7FFFFFFFFFFFFFFFFFFFFFFFFFFFFFF0
7FFFFFFFFFFFFFFFFFFFFFFFFFFFFFF0
7FFFFFFFFFFFFFFFFFFFFFFFFFFFFFF0
3FFFFFFFFFFFFFFFFFFFFFFFFFFFFFE0
3FFFFFFFFFFFFFFFFFFFFFFFFFFFFFE0
1FFFFFFFFFFFFFFFFFFFFFFFFFFFFFC0
1FFFFFFFFFFFFFFFFFFFFFFFFFFFFFC0
0FFFFFFFFFFFFFFFFFFFFFFFFFFFFF80
0FFFFFFFFFFFFFFFFFFFFFFFFFFFFF80
07FFFFFFFFFFFFFFFFFFFFFFFFFFFF00
03FFFFFFFFFFFFFFFFFFFFFFFFFFFE00
01FFFFFFFFFFFFFFFFFFFFFFFFFFFC00
01FFFFFFFFFFFFFFFFFFFFFFFFFFFC00
00FFFFFFFFFFFFFFFFFFFFFFFFFFF800
003FFFFFFFFFFFFFFFFFFFFFFFFFE000
001FFFFFFFFFFFFFFFFFFFFFFFFFC000
000FFFFFFFFFFFFFFFFFFFFFFFFF8000
0003FFFFFFFFFFFFFFFFFFFFFFFE0000
0001FFFFFFFFFFFFFFFFFFFFFFF80000
00003FFFFFFFFFFFFFFFFFFFFFE00000
000007FF83FFFFFFFFFFFE0FFF000000
0000000000FFFFFFFFFFF80000000000
00000000007FFFFFFFFFF00000000000
00000000001FFFFFFFFFC00000000000
00000000000FFFFFFFFF000000000000
000000000001FFFFFFFC000000000000
0000000000007FFFFFF0000000000000
0000000000000FFFFF80000000000000
00000000000001FFE000000000000000
00000000000003FF8000000000000000
00000000000007FF8000000000000000
0000000000000FFF0000000000000000
0000000000001FFF0000000000000000
0000000000003FFF0000000000000000
0000000000007FFE0000000000000000
000000000000FFFE0000000000000000
000000000001FFFE0000000000000000
000000000000FFFE0000000000000000
0000000000007FFF0000000000000000
0000000000003FFF8000000000000000
0000000000001FFFC000000000000000
0000000000000FFFE000000000000000
00000000000007FFF000000000000000
00000000000003FFF800000000000000
00000000000001FFFC00000000000000
00000000000003FFF800000000000000
00000000000003FFF000000000000000
00000000000003FFE000000000000000
00000000000007FFC000000000000000
00000000000007FF8000000000000000
00000000000007FF0000000000000000
0000000000000FFE0000000000000000
0000000000000FFC0000000000000000
0000000000000FF80000000000000000
0000000000001FF00000000000000000
0000000000001FE00000000000000000
0000000000001FC00000000000000000
0000000000003F800000000000000000
0000000000003F000000000000000000
0000000000003E000000000000000000
0000000000007C000000000000000000
00000000000078000000000000000000
00000000000070000000000000000000
000000000000E0000000000000000000
000000000000C0000000000000000000
00000000000080000000000000000000
00000000000100000000000000000000
00000000000200000000000000000000
ENDCHAR
STARTCHAR 0037
ENCODING 55
SWIDTH 1000 0
DWIDTH 125 0
BBX 125 109 0 0
BITMAP
00000000000003FFFE00000000000000
0000000000003FFFFFC0000000000000
000000000000FFFFFFF8000000000000
000000000003FFFFFFFE000000000000
00000000000FFFFFFFFF800000000000
00000000003FFFFFFFFFE00000000000
0000000000FFFFFFFFFFF80000000000
0000000001FFFFFFFFFFFC0000000000
0000000003FFFFFFFFFFFE0000000000
0000000007FFFFFFFFFFFF0000000000
000000001FFFFFFFFFFFFF8000000000
000000003FFFFFFFFFFFFFC000000000
000000003FFFFFFFFFFFFFE000000000
000000007FFFFFFFFFFFFFF000000000
00000000FFFFFFFFFFFFFFF800000000
000000FFFFFFFFFFFFFFFFFFF8000000
00001FFFFFFFFFFFFFFFFFFFFFC00000
0000FFFFFFFFFFFFFFFFFFFFFFF80000
0003FFFFFFFFFFFFFFFFFFFFFFFE0000
0007FFFFFFFFFFFFFFFFFFFFFFFF0000
001FFFFFFFFFFFFFFFFFFFFFFFFFC000
003FFFFFFFFFFFFFFFFFFFFFFFFFE000
007FFFFFFFFFFFFFFFFFFFFFFFFFF000
00FFFFFFFFFFFFFFFFFFFFFFFFFFF800
01FFFFFFFFFFFFFFFFFFFFFFFFFFFC00
03FFFFFFFFFFFFFFFFFFFFFFFFFFFE00
07FFFFFFFFFFFFFFFFFFFFFFFFFFFF00
07FFFFFFFFFFFFFFFFFFFFFFFFFFFF00
0FFFFFFFFFFFFFFFFFFFFFFFFFFFFF80
1FFFFFFFFFFFFFFFFFFFFFFFFFFFFFC0
1FFFFFFFFFFFFFFFFFFFFFFFFFFFFFC0
3FFFFFFFFFFFFFFFFFFFFFFFFFFFFFE0
3FFFFFFFFFFFFFFFFFFFFFFFFFFFFFE0
7FFFFFFFFFFFFFFFFFFFFFFFFFFFFFE0
7FFFFFFFFFFFFFFFFFFFFFFFFFFFFFF0
7FFFFFFFFFFFFFFFFFFFFFFFFFFFFFF0
7FFFFFFFFFFFFFFFFFFFFFFFFFFFFFF0
FFFFFFFFFFFFFFFFFFFFFFFFFFFFFFF8
FFFFFFFFFFFFFFFFFFFFFFFFFFFFFFF8
FFFFFFFFFFFFFFFFFFFFFFFFFFFFFFF8
FFFFFFFFFFFFFFFFFFFFFFFFFFFFFFF8
FFFFFFFFFFFFFFFFFFFFFFFFFFFFFFF8
FFFFFFFFFFFFFFFFFFFFFFFFFFFFFFF8
FFFFFFFFFFFFFFFFFFFFFFFFFFFFFFF8
FFFFFFFFFFFFFFFFFFFFFFFFFFFFFFF8
FFFFFFFFFFFFFFFFFFFFFFFFFFFFFFF8
FFFFFFFFFFFFFFFFFFFFFFFFFFFFFFF8
FFFFFFFFFFFFFFFFFFFFFFFFFFFFFFF8
7FFFFFFFFFFFFFFFFFFFFFFFFFFFFFF0
7FFFFFFFFFFFFFFFFFFFFFFFFFFFFFF0
7FFFFFFFFFFFFFFFFFFFFFFFFFFFFFF0
7FFFFFFFFFFFFFFFFFFFFFFFFFFFFFF0
3FFFFFFFFFFFFFFFFFFFFFFFFFFFFFE0
3FFFFFFFFFFFFFFFFFFFFFFFFFFFFFE0
1FFFFFFFFFFFFFFFFFFFFFFFFFFFFFC0
1FFFFFFFFFFFFFFFFFFFFFFFFFFFFFC0
0FFFFFFFFFFFFFFFFFFFFFFFFFFFFF80
0FFFFFFFFFFFFFFFFFFFFFFFFFFFFF80
07FFFFFFFFFFFFFFFFFFFFFFFFFFFF00
03FFFFFFFFFFFFFFFFFFFFFFFFFFFE00
01FFFFFFFFFFFFFFFFFFFFFFFFFFFC00
00FFFFFFFFFFFFFFFFFFFFFFFFFFF800
007FFFFFFFFFFFFFFFFFFFFFFFFFF000
003FFFFFFFFFFFFFFFFFFFFFFFFFE000
001FFFFFFFFFFFFFFFFFFFFFFFFFC000
000FFFFFFFFFFFFFFFFFFFFFFFFF8000
0003FFFFFFFFFFFFFFFFFFFFFFFE0000
0000FFFFFFFFFFFFFFFFFFFFFFF80000
00003FFFF7FFFFFFFFFFFF7FFFE00000
000003FF01FFFFFFFFFFFC07FE000000
0000000000FFFFFFFFFFF80000000000
00000000007FFFFFFFFFF00000000000
00000000001FFFFFFFFFC00000000000
000000000007FFFFFFFF000000000000
000000000001FFFFFFFC000000000000
0000000000007FFFFFF0000000000000
0000000000000FFFFF80000000000000
000000000000003FE000000000000000
00000000000000000000000000000000
00000000000000000000000000000000
00000000000000000000000000000000
00000000000000000000000000000000
00000000000000000000000000000000
00000000000000000000000000000000
00000000000000000000000000000000
00000000000000000000000000000000
00000000000000020000000000000000
00000000000000070000000000000000
00000000000000070000000000000000
000000000000000F8000000000000000
000000000000001FC000000000000000
000000000000001FC000000000000000
000000000000003FE000000000000000
000000000000007FE000000000000000
000000000000007FF000000000000000
00000000000000FFF000000000000000
00000000000000FFF800000000000000
00000000000000FFF800000000000000
00000000000001FFFC00000000000000
00000000000001FFFC00000000000000
00000000000001FFFC00000000000000
00000000000001FFFC00000000000000
00000000000001FFFC00000000000000
00000000000001FFFC00000000000000
00000000000001FFFC00000000000000
00000000000000FFF800000000000000
000000000000007FF000000000000000
000000000000003FE000000000000000
000000000000000F8000000000000000
ENDCHAR
STARTCHAR 0038
ENCODING 56
SWIDTH 1000 0
DWIDTH 125 0
BBX 125 125 0 -8
BITMAP
00000000000001FFFC00000000000000
0000000000001FFFFFC0000000000000
000000000000FFFFFFF8000000000000
000000000003FFFFFFFE000000000000
00000000000FFFFFFFFF800000000000
00000000003FFFFFFFFFE00000000000
00000000007FFFFFFFFFF00000000000
0000000001FFFFFFFFFFFC0000000000
0000000003FFFFFFFFFFFE0000000000
0000000007FFFFFFFFFFFF0000000000
000000000FFFFFFFFFFFFF8000000000
000000001FFFFFFFFFFFFFC000000000
000000003FFFFFFFFFFFFFE000000000
000000007FFFFFFFFFFFFFF000000000
00000000FFFFFFFFFFFFFFF800000000
00000031FFFFFFFFFFFFFFFC60000000
00000FFFFFFFFFFFFFFFFFFFFF800000
00007FFFFFFFFFFFFFFFFFFFFFF00000
0001FFFFFFFFFFFFFFFFFFFFFFFC0000
0007FFFFFFFFFFFFFFFFFFFFFFFF0000
000FFFFFFFFFFFFFFFFFFFFFFFFF8000
003FFFFFFFFFFFFFFFFFFFFFFFFFE000
007FFFFFFFFFFFFFFFFFFFFFFFFFF000
00FFFFFFFFFFFFFFFFFFFFFFFFFFF800
01FFFFFFFFFFFFFFFFFFFFFFFFFFFC00
03FFFFFFFFFFFFFFFFFFFFFFFFFFFE00
07FFFFFFFFFFFFFFFFFFFFFFFFFFFF00
07FFFFFFFFFFFFFFFFFFFFFFFFFFFF00
0FFFFFFFFFFFFFFFFFFFFFFFFFFFFF80
1FFFFFFFFFFFFFFFFFFFFFFFFFFFFFC0
1FFFFFFFFFFFFFFFFFFFFFFFFFFFFFC0
3FFFFFFFFFFFFFFFFFFFFFFFFFFFFFE0
3FFFFFFFFFFFFFFFFFFFFFFFFFFFFFE0
3FFFFFFFFFFFFFFFFFFFFFFFFFFFFFE0
7FFFFFFFFFFFFFFFFFFFFFFFFFFFFFF0
7FFFFFFFFFFFFFFFFFFFFFFFFFFFFFF0
7FFFFFFFFFFFFFFFFFFFFFFFFFFFFFF0
FFFFFFFFFFFFFFFFFFFFFFFFFFFFFFF8
FFFFFFFFFFFFFFFFFFFFFFFFFFFFFFF8
FFFFFFFFFFFFFFFFFFFFFFFFFFFFFFF8
FFFFFFFFFFFFFFFFFFFFFFFFFFFFFFF8
FFFFFFFFFFFFFFFFFFFFFFFFFFFFFFF8
FFFFFFFFFFFFFFFFFFFFFFFFFFFFFFF8
FFFFFFFFFFFFFFFFFFFFFFFFFFFFFFF8
FFFFFFFFFFFFFFFFFFFFFFFFFFFFFFF8
FFFFFFFFFFFFFFFFFFFFFFFFFFFFFFF8
FFFFFFFFFFFFFFFFFFFFFFFFFFFFFFF8
FFFFFFFFFFFFFFFFFFFFFFFFFFFFFFF8
7FFFFFFFFFFFFFFFFFFFFFFFFFFFFFF0
7FFFFFFFFFFFFFFFFFFFFFFFFFFFFFF0
7FFFFFFFFFFFFFFFFFFFFFFFFFFFFFF0
7FFFFFFFFFFFFFFFFFFFFFFFFFFFFFF0
3FFFFFFFFFFFFFFFFFFFFFFFFFFFFFE0
3FFFFFFFFFFFFFFFFFFFFFFFFFFFFFE0
1FFFFFFFFFFFFFFFFFFFFFFFFFFFFFC0
1FFFFFFFFFFFFFFFFFFFFFFFFFFFFFC0
0FFFFFFFFFFFFFFFFFFFFFFFFFFFFF80
0FFFFFFFFFFFFFFFFFFFFFFFFFFFFF80
07FFFFFFFFFFFFFFFFFFFFFFFFFFFF00
03FFFFFFFFFFFFFFFFFFFFFFFFFFFE00
01FFFFFFFFFFFFFFFFFFFFFFFFFFFC00
01FFFFFFFFFFFFFFFFFFFFFFFFFFFC00
00FFFFFFFFFFFFFFFFFFFFFFFFFFF800
003FFFFFFFFFFFFFFFFFFFFFFFFFE000
001FFFFFFFFFFFFFFFFFFFFFFFFFC000
000FFFFFFFFFFFFFFFFFFFFFFFFF8000
0003FFFFFFFFFFFFFFFFFFFFFFFE0000
0001FFFFFFFFFFFFFFFFFFFFFFF80000
00003FFFFFFFFFFFFFFFFFFFFFE00000
000007FF83FFFFFFFFFFFE0FFF000000
0000000000FFFFFFFFFFF80000000000
00000000007FFFFFFFFFF00000000000
00000000001FFFFFFFFFC00000000000
00000000000FFFFFFFFF800000000000
000000000003FFFFFFFE000000000000
0000000000007FFFFFF0000000000000
0000000000000FFFFF80000000000000
000000000000007FF000000000000000
00000001000000000000000000000000
00000003000000000000000000000000
00000007800000000000000000000000
00000007C00000000000000000000000
0000000FC00000000000000000000000
0000000FE00000000000000000000000
0000001FE00000000000000000000000
0000003FF00000000000000000000000
0000003FF00000000000000000000000
0000007FF80000000000000000000000
0000007FF80000000000000000000000
000000FFFC0000000000000000000000
000000FFFC0000000000000000000000
000000FFFE0000000000000000000000
000000FFFE0000000000000000000000
000001FFFE0000000000000000000000
000001FFFE0000000000000400000000
000000FFFE0000000000000E00000000
000000FFFC0000000000000F00000000
000000FFFC0000000000001F00000000
0000007FF80000000000003F80000000
0000003FF00000000000003FC0000000
0000000FE00000000000007FC0000000
00000000000000020000007FE0000000
0000000000000002000000FFE0000000
0000000000000007000000FFF0000000
0000000000000007800001FFF0000000
000000000000000F800001FFF8000000
000000000000001FC00003FFF8000000
000000000000001FE00003FFF8000000
000000000000003FE00003FFFC000000
000000000000003FF00003FFFC000000
000000000000007FF00003FFF8000000
000000000000007FF80003FFF8000000
00000000000000FFF80001FFF8000000
00000000000000FFFC0001FFF0000000
00000000000001FFFC0000FFE0000000
00000000000001FFFC00007FC0000000
00000000000001FFFE00001F00000000
00000000000001FFFE00000000000000
00000000000001FFFC00000000000000
00000000000001FFFC00000000000000
00000000000000FFFC00000000000000
00000000000000FFF800000000000000
000000000000007FF000000000000000
000000000000003FE000000000000000
00000000000000078000000000000000
ENDCHAR
STARTCHAR 0039
ENCODING 57
SWIDTH 1000 0
DWIDTH 125 0
BBX 125 63 0 23
BITMAP
0000000000000000007FFC0000000000
000000000000000007FFFFC000000000
00000000000000001FFFFFF000000000
00000000000000007FFFFFFC00000000
0000000000000001FFFFFFFF00000000
0000000000000003FFFFFFFF80000000
000000000000000FFFFFFFFFE0000000
000000000000001FFFFFFFFFF0000000
000000000000003FFFFFFFFFF8000000
00000000000000FFFFFFFFFFFE000000
0000000000001FFFFFFFFFFFFFF00000
000000000000FFFFFFFFFFFFFFFE0000
000000000003FFFFFFFFFFFFFFFF8000
000000000007FFFFFFFFFFFFFFFFC000
00000000001FFFFFFFFFFFFFFFFFF000
00000000003FFFFFFFFFFFFFFFFFF800
00000000007FFFFFFFFFFFFFFFFFFC00
0000000000FFFFFFFFFFFFFFFFFFFE00
0000000001FFFFFFFFFFFFFFFFFFFF00
0000000003FFFFFFFFFFFFFFFFFFFF00
0000000003FFFFFFFFFFFFFFFFFFFF80
0000000007FFFFFFFFFFFFFFFFFFFFC0
0000000007FFFFFFFFFFFFFFFFFFFFC0
003FFFF80FFFFFFFFFFFFFFFFFFFFFE0
007FFFFC0FFFFFFFFFFFFFFFFFFFFFE0
00FFFFFE1FFFFFFFFFFFFFFFFFFFFFF0
00FFFFFE1FFFFFFFFFFFFFFFFFFFFFF0
00FFFFFE1FFFFFFFFFFFFFFFFFFFFFF0
00FFFFFE3FFFFFFFFFFFFFFFFFFFFFF0
007FFFFC3FFFFFFFFFFFFFFFFFFFFFF8
003FFFF83FFFFFFFFFFFFFFFFFFFFFF8
000000003FFFFFFFFFFFFFFFFFFFFFF8
000000003FFFFFFFFFFFFFFFFFFFFFF8
000000003FFFFFFFFFFFFFFFFFFFFFF8
000000003FFFFFFFFFFFFFFFFFFFFFF8
000000003FFFFFFFFFFFFFFFFFFFFFF8
000000003FFFFFFFFFFFFFFFFFFFFFF8
000000003FFFFFFFFFFFFFFFFFFFFFF8
000000003FFFFFFFFFFFFFFFFFFFFFF8
3FFFF8001FFFFFFFFFFFFFFFFFFFFFF0
7FFFFE001FFFFFFFFFFFFFFFFFFFFFF0
FFFFFE001FFFFFFFFFFFFFFFFFFFFFF0
FFFFFE001FFFFFFFFFFFFFFFFFFFFFE0
FFFFFE000FFFFFFFFFFFFFFFFFFFFFE0
FFFFFE000FFFFFFFFFFFFFFFFFFFFFE0
7FFFFE0007FFFFFFFFFFFFFFFFFFFFC0
3FFFFC0007FFFFFFFFFFFFFFFFFFFF80
0000000003FFFFFFFFFFFFFFFFFFFF80
0000000001FFFFFFFFFFFFFFFFFFFF00
0000000000FFFFFFFFFFFFFFFFFFFE00
00000000007FFFFFFFFFFFFFFFFFFC00
00000000003FFFFFFFFFFFFFFFFFF800
00000000001FFFFFFFFFFFFFFFFFF000
00000000000FFFFFFFFFFFFFFFFFE000
000000000003FFFFFFFFFFFFFFFF8000
3FFFFFFFF801FFFFFFFFFFFFFFFF0000
7FFFFFFFFC003FFFFFFFFFFFFFF80000
FFFFFFFFFE0007FFFFFFFFFFFF800000
FFFFFFFFFE000000FFFFFFFE00000000
FFFFFFFFFE0000003FFFFFF800000000
FFFFFFFFFE0000000FFFFFE000000000
7FFFFFFFFC00000001FFFF0000000000
3FFFFFFFF8000000001FF00000000000
ENDCHAR
STARTCHAR 0041
ENCODING 65
SWIDTH 1000 0
DWIDTH 125 0
BBX 75 78 25 16
BITMAP
000000000E0000000000
000000001F0000000000
000000003F8000000000
000000003F8000000000
000000003F8000000000
000000003F8000000000
000000003F8000000000
000000003F8000000000
000000003F8000000000
000000003F8000000000
000000003F8000000000
000000003F8000000000
000000003F8000000000
000000003F8000000000
3C0000003F8000000780
7F0000000E0000001FC0
7F800000000000003FC0
FF800000000000007FE0
FFC00000000000007FE0
7FE0000000000000FFC0
7FF0000000000001FFC0
3FF8000000000003FF80
1FFC000000000007FF00
0FFC000000000007FE00
03FC0001FFF00007F800
01F8000FFFFE0003F000
00F0007FFFFFC001E000
000000FFFFFFE0000000
000003FFFFFFF8000000
000007FFFFFFFC000000
00000FFFFFFFFE000000
00003FFFFFFFFF000000
00003FFE000FFF800000
00007FF80003FFC00000
0000FFE00000FFE00000
0001FFC000007FF00000
0003FF0000001FF00000
0003FE0000000FF80000
0007FC00000007FC0000
0007FC00000007FC0000
000FF800000003FE0000
000FF000000001FE0000
000FF000000001FE0000
001FE000000000FF0000
001FE000000000FF0000
001FE000000000FF0000
001FE000000000FF0000
00000000000000000000
00000000000000000000
00000000000000000000
00000000000000000000
00000000000000000000
00000000000000000000
00000000000000000000
00000000000000000000
000FFFFFFFFFFFFE0000
001FFFFFFFFFFFFF0000
003FFFFFFFFFFFFF8000
003FFFFFFFFFFFFF8000
003FFFFFFFFFFFFF8000
003FFFFFFFFFFFFF8000
001FFFFFFFFFFFFF0000
000FFFFFFFFFFFFE0000
00000000000000000000
00000000000000000000
00000000000000000000
00000000000000000000
00000000000000000000
00000000000000000000
00000000000000000000
00000FFFFFFFFE000000
00001FFFFFFFFF000000
00003FFFFFFFFF800000
00003FFFFFFFFF800000
00003FFFFFFFFF800000
00003FFFFFFFFF800000
00001FFFFFFFFF000000
00000FFFFFFFFE000000
ENDCHAR
STARTCHAR 0042
ENCODING 66
SWIDTH 1000 0
DWIDTH 125 0
BBX 101 101 12 4
BITMAP
000000000000F8000000000000
000000000001FC000000000000
000000000001FC000000000000
000000000001FC000000000000
000000000001FC000000000000
000000000001FC000000000000
000000000001FC000000000000
000000000001FC000000000000
000000000001FC000000000000
000000000001FC000000000000
000000000001FC000000000000
000000000001FC000000000000
000000000001FC000000000000
0000E0000001FC000000380000
0001F0000000F80000007C0000
0003F800000000000000FE0000
0007FC00000000000001FF0000
0007FE00000000000003FF0000
0003FF00000000000007FE0000
0003FF8000000000000FFE0000
0001FFC000000000001FFC0000
0000FFE000000000003FF80000
00007FE000000000003FF00000
00003FE00007FF00003FE00000
00001FC0007FFFF0001FC00000
00000FC001FFFFFC001F800000
0000030007FFFFFF0006000000
000000001FFFFFFFC000000000
000000003FFFFFFFE000000000
000000007FFFFFFFF000000000
00000000FFFFFFFFF800000000
00000001FFF800FFFC00000000
00000003FFC0001FFE00000000
00000007FF80000FFF00000000
0000000FFE000003FF80000000
0000001FFC000001FF80000000
0000001FF8000000FFC0000000
0000003FF00000007FE0000000
0000003FE00000003FE0000000
0000007FC00000001FF0000000
0000007FC00000001FF0000000
0000007F800000000FF0000000
000000FF800000000FF8000000
000000FF0000000007F8000000
000000FF0000000007F8000000
000000FF0000000007F8000000
3FF801FE0000000003FC00FFE0
FFFE01FE0000000003FC03FFF0
FFFE01FE0000000003FC03FFF8
FFFE01FE0000000003FC03FFF8
FFFE01FE0000000003FC03FFF8
FFFE01FE0000000003FC03FFF8
FFFE01FE0000000003FC03FFF0
3FF801FE0000000003FC00FFE0
000001FE0000000003FC000000
000000FF0000000007F8000000
000000FF0000000007F8000000
000000FF0000000007F8000000
000000FF800000000FF8000000
0000007F800000000FF0000000
0000007FC00000001FF0000000
0000007FC00000003FE0000000
0000003FE00000003FE0000000
0000003FF00000007FC0000000
0000001FF8000000FFC0000000
0000000FFC000001FF80000000
0000000FFF000007FF80000000
00000007FF80000FFF00000000
00000003FFE0003FFE00000000
00000001FFFE03FFFC00000000
00000000FFFFFFFFF800000000
000000007FFFFFFFF000000000
000000001FFFFFFFC000000000
000000000FFFFFFF8000000000
0000078003FFFFFE000F000000
00000FC000FFFFF8001F800000
00001FE0003FFFE0003FC00000
00003FE00000F800003FE00000
00007FE000000000003FF00000
0000FFC000000000001FF80000
0001FFC000000000001FFC0000
0003FF8000000000000FFE0000
0007FF00000000000007FF0000
0007FE00000000000003FF0000
0007FC00000000000001FF0000
0003F800000020000000FE0000
0001F0000000F80000007C0000
000040000001FC000000100000
000000000001FC000000000000
000000000001FC000000000000
000000000001FC000000000000
000000000001FC000000000000
000000000001FC000000000000
000000000001FC000000000000
000000000001FC000000000000
000000000001FC000000000000
000000000001FC000000000000
000000000001FC000000000000
000000000001FC000000000000
000000000001FC000000000000
000000000000F8000000000000
ENDCHAR
STARTCHAR 0043
ENCODING 67
SWIDTH 1000 0
DWIDTH 125 0
BBX 61 61 32 25
BITMAP
00000F0000000000
00003F8000000000
0000FFC000000000
0003FFC000000000
0007FFC000000000
001FFFC000000000
003FFF8000000000
007FFF8000000000
00FFFF8000000000
01FFFF8000000000
03FFFF8000000000
03FF7F8000000000
07FE7F8000000000
0FFC7F8000000000
0FF87F8000000000
1FF07F8000000000
1FF07F8000000000
3FE07F8000000000
3FC07F8000000000
3FC07F8000000000
7FC07FC000000000
7F803FC000000000
7F803FE000000000
7F803FE000000000
FF001FF000000000
FF001FF000000000
FF000FF800000000
FF000FFC00000000
FF0007FC00000000
FF0007FE00000000
FF0003FF00000000
FF0001FFC0000000
FF0001FFE0000000
FF0000FFF8000000
FF00007FFE000000
FF00003FFFC003E0
7F80001FFFFFFFF0
7F80000FFFFFFFF8
7FC00003FFFFFFF8
7FC00001FFFFFFF8
3FC000007FFFFFF8
3FE000001FFFFFF0
1FF0000007FFFFF0
1FF00000007FFFE0
0FF8000000007FE0
0FFC00000000FFC0
07FE00000001FFC0
03FF00000003FF80
03FF80000007FF00
01FFE000000FFE00
00FFF000003FFC00
007FFE0000FFFC00
003FFFC00FFFF000
001FFFFFFFFFE000
000FFFFFFFFFC000
0003FFFFFFFF8000
0001FFFFFFFE0000
00007FFFFFF80000
00001FFFFFE00000
000003FFFF800000
0000001FF0000000
ENDCHAR
STARTCHAR 0044
ENCODING 68
SWIDTH 1000 0
DWIDTH 125 0
BBX 94 102 15 0
BITMAP
000000000000380000000000
000000000000FC0000000000
000000000000FE0000000000
000000000001FE0000000000
000000000001FE0000000000
000000000001FE0000000000
000000000001FE0000000000
000000000001FE0000000000
000000000001FE0000000000
000000000001FE0000000000
000000000001FE0000000000
000000000001FE0000000000
000000000001FE0000000000
000000000000FE0000000000
0000F0000000FC0000000000
0001F8000000380000000000
0003FC000000000000000000
0003FE000000000000000000
0003FF000000000000000000
0003FF800000000000000000
0001FFC00000000000000000
0000FFE00000000000000000
00007FE00000000000000000
00003FF00000000000000000
00001FE0000FFFCFFFC00000
00000FE0007FFFFFFFF80000
000007C001FFFFFFFFFE0000
0000000007FFFFFFFFFF8000
000000000FFFFFFFFFFFC000
000000003FFFFFFFFFFFF000
000000007FFFFFFFFFFFF800
00000000FFFFFFFFFFFFFC00
00000001FFF9FFFFFFFFFE00
00000003FFC3FFFFFFFFFF00
00000007FF87FFFFFFFFFF00
00000007FE0FFFFFFFFFFF80
0000000FFC0FFFFFFFFFFFC0
0000001FF81FFFFFFFFFFFE0
0000001FF03FFFFFFFFFFFE0
0000003FE03FFFFFFFFFFFF0
0000003FE07FFFFFFFFFFFF0
0000007FC07FFFFFFFFFFFF0
0000007FC07FFFFFFFFFFFF8
0000007F80FFFFFFFFFFFFF8
0000007F80FFFFFFFFFFFFF8
000000FF00FFFFFFFFFFFFFC
000000FF00FFFFFFFFFFFFFC
3FFC00FF00FFFFFFFFFFFFFC
7FFE00FF00FFFFFFFFFFFFFC
7FFF00FF01FFFFFFFFFFFFFC
FFFF00FF01FFFFFFFFFFFFFC
FFFF00FF01FFFFFFFFFFFFFC
7FFF00FF01FFFFFFFFFFFFFC
7FFE00FF00FFFFFFFFFFFFFC
3FFC00FF00FFFFFFFFFFFFFC
000000FF00FFFFFFFFFFFFFC
000000FF00FFFFFFFFFFFFFC
0000007F80FFFFFFFFFFFFF8
0000007F80FFFFFFFFFFFFF8
0000007FC07FFFFFFFFFFFF8
0000007FC07FFFFFFFFFFFF0
0000003FE07FFFFFFFFFFFF0
0000003FE03FFFFFFFFFFFF0
0000001FF03FFFFFFFFFFFE0
0000001FF81FFFFFFFFFFFE0
0000000FFC0FFFFFFFFFFFC0
00000007FE0FFFFFFFFFFF80
00000007FF87FFFFFFFFFF80
00000003FFE3FFFFFFFFFF00
00000001FFF9FFFFFFFFFE00
00000000FFFFFFFFFFFFFC00
000000007FFFFFFFFFFFF800
000000003FFFFFFFFFFFF000
000000000FFFFFFFFFFFC000
0000010007FFFFFFFFFF8000
000007C001FFFFFFFFFE0000
00000FE0007FFFFFFFF80000
00001FE0000FFF8FFFC00000
00003FF00000000000000000
00007FE00000000000000000
0000FFE00000000000000000
0001FFC00000000000000000
0003FF800000000000000000
0003FF000000000000000000
0003FE000000000000000000
0003FC000000000000000000
0001F8000000780000000000
0000F0000000FC0000000000
000000000001FE0000000000
000000000001FE0000000000
000000000001FE0000000000
000000000001FE0000000000
000000000001FE0000000000
000000000001FE0000000000
000000000001FE0000000000
000000000001FE0000000000
000000000001FE0000000000
000000000001FE0000000000
000000000001FE0000000000
000000000000FE0000000000
000000000000FC0000000000
000000000000380000000000
ENDCHAR
STARTCHAR 0045
ENCODING 69
SWIDTH 1000 0
DWIDTH 125 0
BBX 117 71 8 23
BITMAP
0000000000000FFF00000000000000
000000000000FFFFF0000000000000
000000000007FFFFFE000000000000
00000000001FFFFFFFC00000000000
00000000007FFFFFFFE00000000000
0000000000FFFFFFFFF80000000000
0000000003FFFFFFFFFC0000000000
0000000007FFFFFFFFFF0000000000
000000000FFFF801FFFF8000000000
000000003FFF80001FFFC000000000
000000007FFE000003FFE000000000
00000000FFF8000000FFF000000000
00000000FFE00000007FF800000000
00000001FFC00000001FFC00000000
00000003FF800000000FFC00000000
00000007FF0000000007FE00000000
7FFFFFFFFFFFFFF00003FF00000000
FFFFFFFFFFFFFFF80001FF00000000
FFFFFFFFFFFFFFFC0000FF80000000
FFFFFFFFFFFFFFFC0000FF80000000
FFFFFFFFFFFFFFFC00007FC0000000
FFFFFFFFFFFFFFFC00003FC0000000
FFFFFFFFFFFFFFF800003FE0000000
7FFFFFFFFFFFFFF000001FE0000000
0000007F8000000000001FE0000000
0000007F8000000000000FF0000000
000000FF0000000000000FF0000000
000000FF0000000000000FF0000000
000000FF00000000000007F0000000
000000FF00000000000007F8000000
000000FE00000000000007F8000000
007FFFFFFFFFFFFFFFFFFFFFFFFFE0
00FFFFFFFFFFFFFFFFFFFFFFFFFFF0
00FFFFFFFFFFFFFFFFFFFFFFFFFFF0
01FFFFFFFFFFFFFFFFFFFFFFFFFFF8
01FFFFFFFFFFFFFFFFFFFFFFFFFFF8
00FFFFFFFFFFFFFFFFFFFFFFFFFFF8
00FFFFFFFFFFFFFFFFFFFFFFFFFFF0
007FFFFFFFFFFFFFFFFFFFFFFFFFE0
000000FE00000000000007F8000000
000000FE00000000000007F8000000
000000FF00000000000007F0000000
000000FF0000000000000FF0000000
000000FF0000000000000FF0000000
000000FF0000000000000FF0000000
0000007F8000000000001FF0000000
0000007F8000000000001FE0000000
3FFFFFFFFFFFFFFFFFFFFFFFE00000
7FFFFFFFFFFFFFFFFFFFFFFFF00000
FFFFFFFFFFFFFFFFFFFFFFFFF80000
FFFFFFFFFFFFFFFFFFFFFFFFF80000
FFFFFFFFFFFFFFFFFFFFFFFFF80000
FFFFFFFFFFFFFFFFFFFFFFFFF80000
7FFFFFFFFFFFFFFFFFFFFFFFF00000
3FFFFFFFFFFFFFFFFFFFFFFFE00000
00000007FF0000000007FE00000000
00000003FF800000000FFC00000000
00000001FFC00000003FFC00000000
00000000FFE00000007FF800000000
00000000FFF8000001FFF000000000
000000007FFE000007FFE000000000
000000001FFFC0001FFFC000000000
000000000FFFFE03FFFF8000000000
0000000007FFFFFFFFFE0000000000
0000000003FFFFFFFFFC0000000000
0000000000FFFFFFFFF00000000000
00000000003FFFFFFFE00000000000
00000000000FFFFFFF800000000000
000000000003FFFFFC000000000000
0000000000007FFFE0000000000000
00000000000000F000000000000000
ENDCHAR
STARTCHAR 0046
ENCODING 70
SWIDTH 1000 0
DWIDTH 125 0
BBX 102 71 15 15
BITMAP
00000000000030000000000000
000000000003FF000000000000
00000000000FFFC00000000000
00000000001FFFE00000000000
00000000003FFFF00000000000
00000000007FFFF80000000000
00000000007FFFF80000000000
0000000000FFFFFC0000000000
0000000000FFFFFC0000000000
0000000000FFFFFE0000000000
0000000001FFFFFE0000000000
0000000001FFFFFE0000000000
0000000001FFFFFE0000000000
0000000000FFFFFE0000000000
0000000000FFFFFE0000000000
0000000000FFFFFC0000007000
3FFFFFFFFFFFFFFC000007FE00
7FFFFFFFFFFFFFFC00001FFF80
7FFFFFFFFFFFFFF800003FFFC0
FFFFFFFFFFFFFFF000007FFFE0
FFFFFFFFFFFFFFE00000FFFFF0
7FFFFFFFFFFFFFC00000FFFFF8
7FFFFFFFFFFFFF800001FFFFF8
3FFFFFFFFFFFFE000001FFFFF8
00000000000000000001FFFFFC
00000000000000000001FFFFFC
00000000000000000003FFFFFC
00000000000000000003FFFFFC
00000000000000000001FFFFFC
00000000000000000001FFFFFC
00000000000000000001FFFFF8
3FFFFFFFFFFFFFFFFFFFFFFFF8
7FFFFFFFFFFFFFFFFFFFFFFFF8
7FFFFFFFFFFFFFFFFFFFFFFFF0
FFFFFFFFFFFFFFFFFFFFFFFFE0
FFFFFFFFFFFFFFFFFFFFFFFFE0
7FFFFFFFFFFFFFFFFFFFFFFF80
7FFFFFFFFFFFFFFFFFFFFFFF00
3FFFFFFFFFFFFFFFFFFFFFFC00
00000000000000000000000000
00000000000000000000000000
00000000000000000000000000
00000000000000000000000000
00000000000000000000000000
00000000000000000000000000
00000000000000000000000000
00000000000000000000000000
1FFFFFFFFFFFFFFFFC00000000
7FFFFFFFFFFFFFFFFF80000000
7FFFFFFFFFFFFFFFFFC0000000
FFFFFFFFFFFFFFFFFFE0000000
FFFFFFFFFFFFFFFFFFF0000000
7FFFFFFFFFFFFFFFFFF8000000
7FFFFFFFFFFFFFFFFFF8000000
1FFFFFFFFFFFFFFFFFFC000000
00000000000000FFFFFC000000
00000000000001FFFFFC000000
00000000000001FFFFFC000000
00000000000001FFFFFC000000
00000000000001FFFFFE000000
00000000000001FFFFFC000000
00000000000001FFFFFC000000
00000000000000FFFFFC000000
00000000000000FFFFFC000000
00000000000000FFFFF8000000
000000000000007FFFF8000000
000000000000003FFFF0000000
000000000000001FFFE0000000
000000000000000FFFC0000000
0000000000000003FF00000000
00000000000000007000000000
ENDCHAR
STARTCHAR 0047
ENCODING 71
SWIDTH 1000 0
DWIDTH 125 0
BBX 69 78 28 16
BITMAP
000000007000000000
00000003FE00000000
00000007FF00000000
0000000FFF80000000
0000000FFF80000000
0000001FFFC0000000
0000001FFFC0000000
0000001FFFC0000000
0000001FFFC0000000
0000001FFFC0000000
0000001FFFC0000000
0000001FFFC0000000
0000001FFFC0000000
0000001FFFC0000000
0000001FFFC0000000
0000001FFFC0000000
0FE0001FFFC0003F00
1FF0003FFFE0007FC0
7FFC00FFFFF801FFE0
7FFF03FFFFFE07FFF0
FFFFC7FFFFFF1FFFF8
FFFFFFFFFFFFFFFFF8
FFFFFFFFFFFFFFFFF8
FFFFFFFFFFFFFFFFF8
FFFFFFFFFFFFFFFFF8
FFFFFFFFFFFFFFFFF8
FFFFFFFFFFFFFFFFF8
7FFFFFFFFFFFFFFFF0
7FFFFFFFFFFFFFFFF0
3FFFFFFFFFFFFFFFE0
1FFFFFFFFFFFFFFFC0
07FFFFFFFFFFFFFF00
01FFFFFE03FFFFFC00
007FFFF800FFFFF000
001FFFF0007FFFE000
001FFFF0007FFF8000
001FFFE0003FFFC000
001FFFE0003FFFC000
001FFFE0003FFFC000
001FFFE0003FFFC000
001FFFE0003FFFC000
001FFFE0003FFFC000
001FFFE0003FFFC000
001FFFF0007FFFC000
003FFFF800FFFFE000
00FFFFFC01FFFFF800
03FFFFFE03FFFFFE00
07FFFFFFFFFFFFFF00
1FFFFFFFFFFFFFFFC0
3FFFFFFFFFFFFFFFE0
7FFFFFFFFFFFFFFFF0
FFFFFFFFFFFFFFFFF0
FFFFFFFFFFFFFFFFF8
FFFFFFFFFFFFFFFFF8
FFFFFFFFFFFFFFFFF8
FFFFFFFFFFFFFFFFF8
FFFFFFFFFFFFFFFFF8
FFFFEFFFFFFFBFFFF8
FFFF87FFFFFF0FFFF8
7FFE01FFFFFC03FFF0
3FFC007FFFF001FFE0
1FF0001FFFC0007FC0
0380001FFFC0000E00
0000001FFFC0000000
0000001FFFC0000000
0000001FFFC0000000
0000001FFFC0000000
0000001FFFC0000000
0000001FFFC0000000
0000001FFFC0000000
0000001FFFC0000000
0000001FFFC0000000
0000001FFFC0000000
0000001FFFC0000000
0000000FFF80000000
0000000FFF80000000
00000007FF00000000
00000001FC00000000
ENDCHAR
STARTCHAR 0048
ENCODING 72
SWIDTH 1000 0
DWIDTH 125 0
BBX 125 125 0 -8
BITMAP
000000000000F8000000000000000000
000000000001FC000000000000000000
000000000001FE000000000000000000
000000000001FE000000000000000000
000000000001FE000000000000000000
000000000001FE000000000000000000
000000000001FE000000000000000000
000000000001FE000000000000000000
000000000001FE000000000000000000
000000000001FE000000000000000000
000000000001FE000000000000000000
000000000001FE000000000000000000
000000000001FE000000000000000000
000040000001FC000000100000000000
0001F0000000F80000007C0000000000
0003F800000000000000FE0000000000
0003FC00000000000001FF0000000000
0003FE00000000000003FF0000000000
0003FF00000000000007FF0000000000
0003FF8000000000000FFE0000000000
0001FFC000000000001FFC0000000000
0000FFE000000000001FF80000000000
00007FE000000000003FF00000000000
00003FE00007FF00003FE00000000000
00001FE0003FFFF0001FC00000000000
00000FC001FFFFFC001F800000000000
0000038007FFFFFF0007000000000000
000000000FFFFFFFC000000000000000
000000003FFFFFFFE000000000000000
000000007FFFFFFFF800000000000000
00000000FFFFFFFFFC00000000000000
00000001FFFC01FFFE00000000000000
00000003FFE0003FFF00000000000000
00000007FF80000FFF00000000000000
0000000FFF000003FF80000000000000
0000000FFC000001FFC0000000000000
0000001FF8000000FFC0000000000000
0000001FF00000007FE0000000000000
0000003FF00000003FF0000000000000
0000003FE00000001FF0000000000000
0000007FC00000001FF0000000000000
0000007FC00000000FF8000000000000
0000007F800000000FF8000000000000
000000FF8000000007F8000000000000
000000FF0000000007FC000000000000
000000FF0000000007FC000000000000
000000FF0000000003FC000000000000
3FFC00FF000000FFF3FC00FFF0000000
7FFE01FE00001FFFFFFC01FFF8000000
FFFE01FE0000FFFFFFFC03FFF8000000
FFFF01FE0003FFFFFFFF03FFFC000000
FFFF01FE000FFFFFFFFFC3FFFC000000
FFFE00FE003FFFFFFFFFE3FFF8000000
7FFE00FE007FFFFFFFFFF9FFF8000000
3FFC00FF01FFFFFFFFFFFCFFF0000000
000000FF03FFFF800FFFFF0000000000
000000FF07FFF00000FFFF8000000000
000000FF0FFFC000001FFFC000000000
0000007F9FFF00000007FFE000000000
0000007FBFFC00000001FFF000000000
0000003FFFF000000000FFF800000000
0000003FFFE0000000003FF800000000
000003FFFFC0000000001FFFFE000000
00003FFFFF80000000000FFFFFE00000
0000FFFFFF000000000007FFFFF80000
0003FFFFFE000000000003FFFFFE0000
000FFFFFFC000000000001FFFFFF8000
001FFFFFF8000000000000FFFFFFC000
003FFFFFF0000000000000FFFFFFE000
007FFFFFF00000000000007FFFFFF000
00FFFE01E00000000000003803FFF800
01FFF0000000000000000000007FFC00
03FFC0000000000000000000001FFE00
07FF000000000000000000000007FF00
0FFE000000000000000000000003FF80
0FFC000000000000000000000001FF80
1FF8000000000000000000000000FFC0
1FF00000000000000000000000007FC0
3FE00000000000000000000000003FE0
3FE00000000000000000000000003FE0
7FC00000000000000000000000001FF0
7F800000000000000000000000001FF0
7F800000000000000000000000000FF0
7F800000000000000000000000000FF0
FF0000000000000000000000000007F8
FF0000000000000000000000000007F8
FF0000000000000000000000000007F8
FF0000000000000000000000000007F8
FF0000000000000000000000000007F8
FF0000000000000000000000000007F8
FF0000000000000000000000000007F8
FF0000000000000000000000000007F8
FF0000000000000000000000000007F8
FF0000000000000000000000000007F8
FF0000000000000000000000000007F8
7F800000000000000000000000000FF0
7F800000000000000000000000000FF0
7F800000000000000000000000001FF0
7FC00000000000000000000000001FF0
3FE00000000000000000000000003FE0
3FE00000000000000000000000003FE0
1FF00000000000000000000000007FC0
1FF8000000000000000000000000FFC0
0FFC000000000000000000000001FF80
0FFE000000000000000000000003FF80
07FF000002000000000002000007FF00
03FFC0000700000000000700001FFE00
01FFF0001F00000000000FC0007FFC00
00FFFE00FF80000000001FF803FFF800
007FFFFFFFE0000000003FFFFFFFF000
003FFFFFFFF0000000007FFFFFFFE000
001FFFFFFFF800000000FFFFFFFFC000
000FFFFFFFFE00000003FFFFFFFF8000
0003FFFFFFFF00000007FFFFFFFE0000
0000FFFFFFFFC000003FFFFFFFF80000
00003FFFFFFFF80000FFFFFFFFE00000
000003FF81FFFFC01FFFFC0FFE000000
0000000000FFFFFFFFFFF80000000000
00000000007FFFFFFFFFF00000000000
00000000001FFFFFFFFFC00000000000
000000000007FFFFFFFF000000000000
000000000001FFFFFFFC000000000000
0000000000007FFFFFF0000000000000
0000000000000FFFFF80000000000000
000000000000003FE000000000000000
ENDCHAR
STARTCHAR 0049
ENCODING 73
SWIDTH 1000 0
DWIDTH 125 0
BBX 125 116 0 -8
BITMAP
00000000000000000003000000000000
0000000000000000001FC00000000000
0000000000000000007FC00000000000
000000000000000001FFE00000000000
000000000000000003FFE00000000000
00000000000000000FFFE00000000000
00000000000000001FFFC00000000000
00000000000000003FFFC00000000000
00000000000000007FFFC00000000000
0000000000000000FFFF800000000000
0000000000000001FFFF800000000000
0000000000000001FFFF800000000000
0000000000000003FF7F800000000000
0000000000000007FE7F800000000000
0000000000000007FC7F800000000000
000000000000000FF87F800000000000
000000000000000FF87F800000000000
000000000000001FF07F800000000000
000000000000001FE07FC00000000000
000000000000003FE03FC00000000000
000000000000003FC03FC00000000000
000000000000003FC03FC00000000000
000000000000003FC03FE00000000000
000000000000007F801FE00000000000
000000000000007F801FF00000000000
000000000000007F801FF00000000000
000000000000007F800FF80000000000
000000000000007F800FFC0000000000
000000000000007F0007FC0000000000
000000000000007F0007FE0000000000
000000000000007F0003FF0000000000
000000000000007F0001FF8000000000
000000000000007F8001FFE000000000
000000000000007F8000FFF000000000
000000000000007F80007FFC00000000
000000000000007F80003FFF0000E000
000000000000007F80001FFFF00FF800
000000000000003FC0000FFFFFFFF800
00000000000001FFFC0007FFFFFFF800
0000000000001FFFFFC001FFFFFFFC00
000000000000FFFFFFF800FFFFFFF800
000000000003FFFFFFFE003FFFFFF800
00000000000FFFFFFFFF800FFFFFF000
00000000003FFFFFFFFFE003FFFFF000
0000000000FFFFFFFFFFF0003FFFE000
0000000001FFFFF8FFFFFC00003FE000
0000000003FFFE0001FFFE00007FC000
000000000FFFE000003FFF0000FFC000
000000001FFF8000000FFF8001FF8000
000000003FFE00000003FFC007FF0000
000000003FFC00000000FFE00FFE0000
000000007FF0000000007FF03FFC0000
00000000FFE0000000001FF9FFF80000
000003FFFFC0000000000FFFFFF00000
00001FFFFF800000000007FFFFC00000
0000FFFFFF000000000003FFFFF80000
0003FFFFFE000000000003FFFFFE0000
0007FFFFFC000000000001FFFFFF8000
001FFFFFF8000000000000FFFFFFC000
003FFFFFF80000000000007FFFFFE000
007FFFFFF00000000000007FFFFFF800
00FFFE00E00000000000003C03FFFC00
01FFF0000000000000000000007FFE00
03FFC0000000000000000000001FFE00
07FF000000000000000000000007FF00
07FE000000000000000000000003FF80
0FFC000000000000000000000001FF80
1FF8000000000000000000000000FFC0
1FF00000000000000000000000007FE0
3FE00000000000000000000000003FE0
3FE00000000000000000000000001FE0
3FC00000000000000000000000001FF0
7FC00000000000000000000000000FF0
7F800000000000000000000000000FF0
7F8000000000000000000000000007F8
7F8000000000000000000000000007F8
7F0000000000000000000000000007F8
FF0000000000000000000000000007F8
FF0000000000000000000000000007F8
FF0000000000000000000000000007F8
FF0000000000000000000000000007F8
FF0000000000000000000000000007F8
FF0000000000000000000000000007F8
FF0000000000000000000000000007F8
7F0000000000000000000000000007F8
7F8000000000000000000000000007F8
7F8000000000000000000000000007F8
7F800000000000000000000000000FF0
7FC00000000000000000000000000FF0
3FC00000000000000000000000001FF0
3FE00000000000000000000000001FE0
3FE00000000000000000000000003FE0
1FF00000000000000000000000007FE0
1FF8000000000000000000000000FFC0
0FFC000000000000000000000001FF80
07FE000000000000000000000003FF80
07FF000002000000000002000007FF00
03FFC0000700000000000300000FFE00
01FFF0001F800000000007C0003FFE00
00FFFE00FFC0000000000FF803FFFC00
007FFFFFFFE0000000001FFFFFFFF800
003FFFFFFFF0000000007FFFFFFFE000
001FFFFFFFF800000000FFFFFFFFC000
0007FFFFFFFE00000001FFFFFFFF8000
0003FFFFFFFF80000007FFFFFFFE0000
0000FFFFFFFFE000001FFFFFFFF80000
00003FFFFBFFF80000FFFF7FFFE00000
000003FF81FFFFC01FFFFE0FFE000000
0000000000FFFFFFFFFFF80000000000
00000000007FFFFFFFFFF00000000000
00000000001FFFFFFFFFC00000000000
000000000007FFFFFFFF800000000000
000000000001FFFFFFFE000000000000
0000000000007FFFFFF0000000000000
0000000000000FFFFF80000000000000
000000000000003FF000000000000000
ENDCHAR
STARTCHAR 004A
ENCODING 74
SWIDTH 1000 0
DWIDTH 125 0
BBX 101 102 12 8
BITMAP
00000000000020000000000000
000000000000F8000000000000
000000000001FC000000000000
000000000001FC000000000000
000000000001FC000000000000
000000000001FC000000000000
000000000001FC000000000000
000000000001FC000000000000
000000000001FC000000000000
000000000001FC000000000000
000000000001FC000000000000
000000000001FC000000000000
000000000001FC000000000000
000000000001FC000000000000
0000E0000001FC000000380000
0003F0000000F80000007E0000
0003F800000000000000FE0000
0007FC00000000000001FF0000
0007FE00000000000003FF0000
0003FF00000000000007FE0000
0003FF8000000000000FFE0000
0001FFC000000000001FFC0000
0000FFE000000000003FF80000
00007FE000000000003FF00000
00003FE0000FFF80003FE00000
00001FC0007FFFF0001FC00000
00000F8003FFFFFC000F800000
0000020007FFFFFF0002000000
000000001FFFFFFFC000000000
000000003FFFFFFFE000000000
000000007FFFFFFFF000000000
00000000FFFFFFFFF800000000
00000001FFF0007FFC00000000
00000003FFC0001FFE00000000
00000007FF000007FF00000000
0000000FFE000003FF80000000
0000001FFC000001FFC0000000
0000001FF8000000FFC0000000
0000003FF00000007FE0000000
0000003FE00000003FE0000000
0000007FC00000001FF0000000
0000007F800000001FF0000000
000000FF800000000FF0000000
000000FF0000000007F8000000
000000FF0000000007F8000000
000000FF0000000007F8000000
000001FE0000000007F8000000
3FF801FE0000000003FC00FFE0
FFFE01FE0000000003FC03FFF0
FFFE01FE0000000003FC03FFF8
FFFE01FE0000000003FC03FFF8
FFFE01FE0000000003FC03FFF8
FFFE01FE0000000003FC03FFF8
FFFE01FE0000000003FC03FFF0
3FF800FE0000000003F800FFE0
00000000000000000000000000
00000000000000000000000000
00000000000000000000000000
00000000000000000000000000
00000000000000000000000000
00000000000000000000000000
00000000000000000000000000
00000000000000000000000000
3FFFFFFFFFFFFFFFFFFFFFFFE0
FFFFFFFFFFFFFFFFFFFFFFFFF0
FFFFFFFFFFFFFFFFFFFFFFFFF8
FFFFFFFFFFFFFFFFFFFFFFFFF8
FFFFFFFFFFFFFFFFFFFFFFFFF8
FFFFFFFFFFFFFFFFFFFFFFFFF8
FFFFFFFFFFFFFFFFFFFFFFFFF0
3FFFFFFFFFFFFFFFFFFFFFFFE0
00000000000000000000000000
00000000000000000000000000
00000000000000000000000000
00000000000000000000000000
00000000000000000000000000
00000000000000000000000000
00000000000000000000000000
3FFFFFFFFFFFFFFFFFFFFFFFE0
FFFFFFFFFFFFFFFFFFFFFFFFF0
FFFFFFFFFFFFFFFFFFFFFFFFF8
FFFFFFFFFFFFFFFFFFFFFFFFF8
FFFFFFFFFFFFFFFFFFFFFFFFF8
FFFFFFFFFFFFFFFFFFFFFFFFF8
FFFFFFFFFFFFFFFFFFFFFFFFF0
3FFFFFFFFFFFFFFFFFFFFFFFE0
00000000000000000000000000
00000000000000000000000000
00000000000000000000000000
00000000000000000000000000
00000000000000000000000000
00000000000000000000000000
00000000000000000000000000
00000000000000000000000000
3FFFFFFFFFFFFFFFFFFFFFFFE0
FFFFFFFFFFFFFFFFFFFFFFFFF0
FFFFFFFFFFFFFFFFFFFFFFFFF8
FFFFFFFFFFFFFFFFFFFFFFFFF8
FFFFFFFFFFFFFFFFFFFFFFFFF8
FFFFFFFFFFFFFFFFFFFFFFFFF8
FFFFFFFFFFFFFFFFFFFFFFFFF0
3FFFFFFFFFFFFFFFFFFFFFFFE0
ENDCHAR
STARTCHAR 004B
ENCODING 75
SWIDTH 1000 0
DWIDTH 125 0
BBX 101 93 12 9
BITMAP
00000000003F00000000000000
0000000000FF80000000000000
0000000003FF80000000000000
0000000007FF80000000000000
000000001FFF80000000000000
000000003FFF80000000000000
000000007FFF00000000000000
00000000FFFF00000000000000
00000001FFFF00000000000000
00000003FFFF00000000000000
00000007FFFF00000000000000
00000007FEFF00000000000000
0000000FFCFF00000000000000
0000001FF8FF00000000000000
0000001FF0FF00000000000000
0000003FE0FF00000000000000
0000003FE0FF00000000000000
0000007FC0FF00000000000000
0000007FC0FF00000000000000
0000007F80FF00000000000000
000000FF807F80000000000000
000000FF007F80000000000000
000000FF007FC0000000000000
000000FF007FC0000000000000
000001FE003FE0000000000000
000001FE003FE0000000000000
000001FE001FF0000000000000
000001FE001FF8000000000000
000001FE000FFC000000000000
000001FE000FFE000000000000
000001FE0007FF000000000000
000001FE0003FF800000000000
000001FE0001FFC00000000000
000001FE0001FFF00000000000
000001FE0000FFFC0001800000
000000FF00007FFFC00FE00000
000000FF00003FFFFFFFE00000
000000FF00000FFFFFFFF00000
000000FF800007FFFFFFF00000
0000007F800003FFFFFFF00000
0000007FC00000FFFFFFE00000
0000003FC000003FFFFFE00000
0000003FE000000FFFFFE00000
0000001FF0000000FFFFC00000
0000001FF000000000FFC00000
0000000FF800000001FF800000
00000000040000000000000000
00000000000000000000000000
00000000000000000000000000
00000000000000000000000000
00000000000000000000000000
00000000000000000000000000
00000000000000000000000000
00000000000000000000000000
3FFFFFFFFFFFFFFFFFFFFFFFE0
FFFFFFFFFFFFFFFFFFFFFFFFF8
FFFFFFFFFFFFFFFFFFFFFFFFF8
FFFFFFFFFFFFFFFFFFFFFFFFF8
FFFFFFFFFFFFFFFFFFFFFFFFF8
FFFFFFFFFFFFFFFFFFFFFFFFF8
FFFFFFFFFFFFFFFFFFFFFFFFE0
3FFFFFFFFFFFE0000000000000
00000000000000000000000000
00000000000000000000000000
00000000000000000000000000
00000000000000000000000000
00000000000000000000000000
00000000000000000000000000
00000000000000000000000000
3FFFFFFFFFFFFFFFFFFFFFFFE0
FFFFFFFFFFFFFFFFFFFFFFFFF0
FFFFFFFFFFFFFFFFFFFFFFFFF8
FFFFFFFFFFFFFFFFFFFFFFFFF8
FFFFFFFFFFFFFFFFFFFFFFFFF8
FFFFFFFFFFFFFFFFFFFFFFFFF8
FFFFFFFFFFFFFFFFFFFFFFFFF0
3FFFFFFFFFFFFFFFFFFFFFFFE0
00000000000000000000000000
00000000000000000000000000
00000000000000000000000000
00000000000000000000000000
00000000000000000000000000
00000000000000000000000000
00000000000000000000000000
00000000000000000000000000
3FFFFFFFFFFFFFFFFFFFFFFFE0
FFFFFFFFFFFFFFFFFFFFFFFFF0
FFFFFFFFFFFFFFFFFFFFFFFFF8
FFFFFFFFFFFFFFFFFFFFFFFFF8
FFFFFFFFFFFFFFFFFFFFFFFFF8
FFFFFFFFFFFFFFFFFFFFFFFFF8
FFFFFFFFFFFFFFFFFFFFFFFFF0
3FFFFFFFFFFFFFFFFFFFFFFFE0
ENDCHAR
STARTCHAR 004C
ENCODING 76
SWIDTH 1000 0
DWIDTH 125 0
BBX 125 94 0 8
BITMAP
000000000000007FF000000000000000
0000000000000FFFFF80000000000000
0000000000007FFFFFF0000000000000
000000000001FFFFFFFC000000000000
00000000000FFFFFFFFF000000000000
00000000001FFFFFFFFFC00000000000
00000000007FFFFFFFFFF00000000000
0000000000FFFFFFFFFFF80000000000
0000000003FFFFF8FFFFFE0000000000
0000000007FFFC0001FFFF0000000000
000000000FFFE000003FFF8000000000
000000001FFF8000000FFFC000000000
000000003FFE00000003FFE000000000
000000007FF800000000FFF000000000
00000000FFF0000000007FF800000000
00000000FFE0000000003FF800000000
000003FFFFC0000000001FFFFE000000
00003FFFFF80000000000FFFFFE00000
0000FFFFFF000000000007FFFFF80000
0003FFFFFE000000000003FFFFFE0000
000FFFFFFC000000000001FFFFFF8000
001FFFFFF8000000000000FFFFFFC000
003FFFFFF00000000000007FFFFFE000
007FFFFFF00000000000007FFFFFF000
00FFFE00E00000000000003803FFF800
01FFF0000000000000000000007FFC00
03FFC0000000000000000000001FFE00
07FF000000000000000000000007FF00
0FFE000000000000000000000003FF00
0FFC000000000000000000000001FF80
1FF8000000000000000000000000FFC0
1FF00000000000000000000000007FC0
3FE00000000000000000000000003FE0
3FE00000000000000000000000003FE0
7FC00000000000000000000000001FF0
7F800000000000000000000000001FF0
7F800000000000000000000000000FF0
7F800000000000000000000000000FF0
FF0000000000000000000000000007F8
FF0000000000000000000000000007F8
FF0000000000000000000000000007F8
FF0000000000000000000000000007F8
FF0000000000000000000000000007F8
FF0000000000000000000000000007F8
FF0000000000000000000000000007F8
FF0000000000000000000000000007F8
FF0000000000000000000000000007F8
00000000000000000000000000000000
00000000000000000000000000000000
00000000000000000000000000000000
00000000000000000000000000000000
00000000000000000000000000000000
00000000000000000000000000000000
00000000000000000000000000000000
00000000000000000000000000000000
3FFFFFFFFFFFFFFFFFFFFFFFFFFFFFE0
7FFFFFFFFFFFFFFFFFFFFFFFFFFFFFF0
FFFFFFFFFFFFFFFFFFFFFFFFFFFFFFF8
FFFFFFFFFFFFFFFFFFFFFFFFFFFFFFF8
FFFFFFFFFFFFFFFFFFFFFFFFFFFFFFF8
FFFFFFFFFFFFFFFFFFFFFFFFFFFFFFF8
7FFFFFFFFFFFFFFFFFFFFFFFFFFFFFF0
3FFFFFFFFFFFFFFFFFFFFFFFFFFFFFE0
00000000000000000000000000000000
00000000000000000000000000000000
00000000000000000000000000000000
00000000000000000000000000000000
00000000000000000000000000000000
00000000000000000000000000000000
00000000000000000000000000000000
00000000000000000000000000000000
3FFFFFFFFFFFFFFFFFFFFFFFFFFFFFE0
7FFFFFFFFFFFFFFFFFFFFFFFFFFFFFF0
FFFFFFFFFFFFFFFFFFFFFFFFFFFFFFF8
FFFFFFFFFFFFFFFFFFFFFFFFFFFFFFF8
FFFFFFFFFFFFFFFFFFFFFFFFFFFFFFF8
FFFFFFFFFFFFFFFFFFFFFFFFFFFFFFF8
7FFFFFFFFFFFFFFFFFFFFFFFFFFFFFF0
3FFFFFFFFFFFFFFFFFFFFFFFFFFFFFE0
00000000000000000000000000000000
00000000000000000000000000000000
00000000000000000000000000000000
00000000000000000000000000000000
00000000000000000000000000000000
00000000000000000000000000000000
00000000000000000000000000000000
3FFFFFFFFFFFFFFFFFFFFFFFFFFFFFE0
7FFFFFFFFFFFFFFFFFFFFFFFFFFFFFF0
FFFFFFFFFFFFFFFFFFFFFFFFFFFFFFF8
FFFFFFFFFFFFFFFFFFFFFFFFFFFFFFF8
FFFFFFFFFFFFFFFFFFFFFFFFFFFFFFF8
FFFFFFFFFFFFFFFFFFFFFFFFFFFFFFF8
7FFFFFFFFFFFFFFFFFFFFFFFFFFFFFF0
3FFFFFFFFFFFFFFFFFFFFFFFFFFFFFE0
ENDCHAR
STARTCHAR 004D
ENCODING 77
SWIDTH 1000 0
DWIDTH 125 0
BBX 79 55 23 31
BITMAP
3FFFFFFFFFFFFFFFFFF8
7FFFFFFFFFFFFFFFFFFC
7FFFFFFFFFFFFFFFFFFC
FFFFFFFFFFFFFFFFFFFE
FFFFFFFFFFFFFFFFFFFE
7FFFFFFFFFFFFFFFFFFC
7FFFFFFFFFFFFFFFFFFC
3FFFFFFFFFFFFFFFFFF8
00000000000000000000
00000000000000000000
00000000000000000000
00000000000000000000
00000000000000000000
00000000000000000000
00000000000000000000
00000000000000000000
3FFFFFFFFFFFFFFFFFF8
7FFFFFFFFFFFFFFFFFFC
7FFFFFFFFFFFFFFFFFFC
FFFFFFFFFFFFFFFFFFFE
FFFFFFFFFFFFFFFFFFFE
7FFFFFFFFFFFFFFFFFFC
7FFFFFFFFFFFFFFFFFFC
3FFFFFFFFFFFFFFFFFF8
00000000000000000000
00000000000000000000
00000000000000000000
00000000000000000000
00000000000000000000
00000000000000000000
00000000000000000000
3FFFFFFFFFFFFFFFFFF8
7FFFFFFFFFFFFFFFFFFC
7FFFFFFFFFFFFFFFFFFC
FFFFFFFFFFFFFFFFFFFE
FFFFFFFFFFFFFFFFFFFE
7FFFFFFFFFFFFFFFFFFC
7FFFFFFFFFFFFFFFFFFC
3FFFFFFFFFFFFFFFFFF8
00000000000000000000
00000000000000000000
00000000000000000000
00000000000000000000
00000000000000000000
00000000000000000000
00000000000000000000
00000000000000000000
3FFFFFFFFFFFFFFFFFF8
7FFFFFFFFFFFFFFFFFFC
7FFFFFFFFFFFFFFFFFFC
FFFFFFFFFFFFFFFFFFFE
FFFFFFFFFFFFFFFFFFFE
7FFFFFFFFFFFFFFFFFFC
7FFFFFFFFFFFFFFFFFFC
3FFFFFFFFFFFFFFFFFF8
ENDCHAR
STARTCHAR 004E
ENCODING 78
SWIDTH 1000 0
DWIDTH 125 0
BBX 125 79 0 15
BITMAP
000000000000007FF000000000000000
0000000000000FFFFF80000000000000
0000000000007FFFFFF0000000000000
000000000001FFFFFFFC000000000000
00000000000FFFFFFFFF000000000000
00000000001FFFFFFFFFC00000000000
00000000007FFFFFFFFFF00000000000
0000000000FFFFFFFFFFF80000000000
0000000003FFFFF8FFFFFE0000000000
0000000007FFFC0001FFFF0000000000
000000000FFFE000003FFF8000000000
000000001FFF8000000FFFC000000000
000000003FFE00000003FFE000000000
000000007FF800000000FFF000000000
00000000FFF0000000007FF800000000
00000000FFE0000000003FF800000000
000003FFFFC0000000001FFFFE000000
00003FFFFF80000000000FFFFFE00000
0000FFFFFF000000000007FFFFF80000
0003FFFFFE000000000003FFFFFE0000
000FFFFFFC000000000001FFFFFF8000
001FFFFFF8000000000000FFFFFFC000
003FFFFFF00000000000007FFFFFE000
007FFFFFF00000000000007FFFFFF000
00FFFE00E00000000000003803FFF800
01FFF0000000000000000000007FFC00
03FFC0000000000000000000001FFE00
07FF000000000000000000000007FF00
0FFE000000000000000000000003FF80
0FFC000000000000000000000001FF80
1FF8000000000000000000000000FFC0
1FF00000000000000000000000007FC0
3FE00000000000000000000000003FE0
3FE00000000000000000000000003FE0
7FC00000000000000000000000001FF0
7F800000000000000000000000001FF0
7F800000000000000000000000000FF0
7F800000000000000000000000000FF0
FF0000000000000000000000000007F8
FF0000000000000000000000000007F8
FF0000000000000000000000000007F8
FF0000000000000000000000000007F8
FF0000000000000000000000000007F8
FF0000000000000000000000000007F8
FF0000000000000000000000000007F8
FF0000000000000000000000000007F8
FF0000000000000000000000000007F8
FF0000000000000000000000000007F8
FF0000000000000000000000000007F8
7F800000000000000000000000000FF0
7F800000000000000000000000000FF0
7F800000000000000000000000001FF0
7FC00000000000000000000000001FF0
3FE00000000000000000000000003FE0
3FE00000000000000000000000003FE0
1FF00000000000000000000000007FC0
1FF8000000000000000000000000FFC0
0FFC000000000000000000000001FF80
0FFE000000000000000000000003FF80
07FF000002000000000002000007FF00
03FFC0000700000000000700001FFE00
01FFF0001F00000000000FC0007FFC00
00FFFE00FF80000000001FF803FFF800
007FFFFFFFE0000000003FFFFFFFF000
003FFFFFFFF0000000007FFFFFFFE000
001FFFFFFFF800000000FFFFFFFFC000
000FFFFFFFFE00000003FFFFFFFF8000
0003FFFFFFFF00000007FFFFFFFE0000
0000FFFFFFFFC000003FFFFFFFF80000
00003FFFFFFFF80000FFFFFFFFE00000
000003FF81FFFFC01FFFFC0FFE000000
0000000000FFFFFFFFFFF80000000000
00000000007FFFFFFFFFF00000000000
00000000001FFFFFFFFFC00000000000
000000000007FFFFFFFF000000000000
000000000001FFFFFFFC000000000000
0000000000007FFFFFF0000000000000
0000000000000FFFFF80000000000000
000000000000003FE000000000000000
ENDCHAR
STARTCHAR 004F
ENCODING 79
SWIDTH 1000 0
DWIDTH 125 0
BBX 125 118 0 0
BITMAP
000000000000007FF000000000000000
0000000000000FFFFF80000000000000
0000000000007FFFFFF0000000000000
000000000001FFFFFFFC000000000000
00000000000FFFFFFFFF000000000000
00000000001FFFFFFFFFC00000000000
00000000007FFFFFFFFFF00000000000
0000000000FFFFFFFFFFF80000000000
0000000003FFFFF8FFFFFE0000000000
0000000007FFFC0001FFFF0000000000
000000000FFFE000003FFF8000000000
000000001FFF8000000FFFC000000000
000000003FFE00000003FFE000000000
000000007FF800000000FFF000000000
00000000FFF0000000007FF800000000
00000000FFE0000000003FF800000000
000003FFFFC0000000001FFFFE000000
00003FFFFF80000000000FFFFFE00000
0000FFFFFF000000000007FFFFF80000
0003FFFFFE000000000003FFFFFE0000
000FFFFFFC000000000001FFFFFF8000
001FFFFFF8000000000000FFFFFFC000
003FFFFFF00000000000007FFFFFE000
007FFFFFF00000000000007FFFFFF000
00FFFE00E00000000000003803FFF800
01FFF0000000000000000000007FFC00
03FFC0000000000000000000001FFE00
07FF000000000000000000000007FF00
0FFE000000000000000000000003FF80
0FFC000000000000000000000001FF80
1FF8000000000000000000000000FFC0
1FF00000000000000000000000007FC0
3FE00000000000000000000000003FE0
3FE00000000000000000000000003FE0
7FC00000000000000000000000001FF0
7F800000000000000000000000001FF0
7F800000000000000000000000000FF0
7F800000000000000000000000000FF0
FF0000000000000000000000000007F8
FF0000000000000000000000000007F8
FF0000000000000000000000000007F8
FF0000000000000000000000000007F8
FF0000000000000000000000000007F8
FF0000000000000000000000000007F8
FF0000000000000000000000000007F8
FF0000000000000000000000000007F8
FF0000000000000000000000000007F8
FF0000000000000000000000000007F8
FF0000000000000000000000000007F8
7F800000000000000000000000000FF0
7F800000000000000000000000000FF0
7F800000000000000000000000001FF0
7FC00000000000000000000000001FF0
3FE00000000000000000000000003FE0
3FE00000000000000000000000003FE0
1FF00000000000000000000000007FC0
1FF8000000000000000000000000FFC0
0FFC000000000000000000000001FF80
0FFE000000000000000000000003FF80
07FF000002000000000002000007FF00
03FFC0000700000000000700001FFE00
01FFF0001F00000000000FC0007FFC00
00FFFE00FF80000000001FF803FFF800
007FFFFFFFC0000000003FFFFFFFF000
003FFFFFFFF0000000007FFFFFFFE000
001FFFFFFFF800000000FFFFFFFFC000
000FFFFFFFFC00000003FFFFFFFF8000
0003FFFFFFFF0000000FFFFFFFFE0000
0000FFFFFFFFC000003FFFFFFFF80000
00003FFFFFFFF80001FFFFFFFFE00000
000003FF81FFFF803FFFFC0FFE000000
0000000000FFFFFFFFFFF80000000000
00000000007FFFFFFFFFF00000000000
00000000001FFFFFFFFFC00000000000
000000000007FFFFFFFF000000000000
000000000001FFFFFFFC000000000000
0000000000007FFFFFF0000000000000
00000000000007FFFF00000000000000
00000000000001FFC000000000000000
00000000000003FF8000000000000000
00000000000007FF8000000000000000
0000000000000FFF0000000000000000
0000000000001FFF0000000000000000
0000000000003FFF0000000000000000
0000000000007FFE0000000000000000
000000000000FFFE0000000000000000
000000000001FFFE0000000000000000
000000000000FFFE0000000000000000
0000000000007FFF0000000000000000
0000000000003FFF8000000000000000
0000000000001FFFC000000000000000
0000000000000FFFE000000000000000
00000000000007FFF000000000000000
00000000000003FFF800000000000000
00000000000001FFFC00000000000000
00000000000003FFF800000000000000
00000000000003FFF000000000000000
00000000000003FFE000000000000000
00000000000007FFC000000000000000
00000000000007FF8000000000000000
00000000000007FF0000000000000000
0000000000000FFE0000000000000000
0000000000000FFC0000000000000000
0000000000000FF80000000000000000
0000000000001FF00000000000000000
0000000000001FE00000000000000000
0000000000001FC00000000000000000
0000000000003F800000000000000000
0000000000003F000000000000000000
0000000000003E000000000000000000
0000000000007C000000000000000000
00000000000078000000000000000000
00000000000070000000000000000000
000000000000E0000000000000000000
000000000000C0000000000000000000
00000000000080000000000000000000
00000000000100000000000000000000
00000000000200000000000000000000
ENDCHAR
STARTCHAR 0050
ENCODING 80
SWIDTH 1000 0
DWIDTH 125 0
BBX 125 118 0 0
BITMAP
000000000000007FF000000000000000
0000000000000FFFFF80000000000000
0000000000007FFFFFF0000000000000
000000000001FFFFFFFC000000000000
00000000000FFFFFFFFF000000000000
00000000001FFFFFFFFFC00000000000
00000000007FFFFFFFFFF00000000000
0000000000FFFFFFFFFFF80000000000
0000000003FFFFF8FFFFFE0000000000
0000000007FFFC0001FFFF0000000000
000000000FFFE000003FFF8000000000
000000001FFF8000000FFFC000000000
000000003FFE00000003FFE000000000
000000007FF800000000FFF000000000
00000000FFF0000000007FF800000000
00000000FFE0000000003FF800000000
000003FFFFC0000000001FFFFE000000
00003FFFFF80000000000FFFFFE00000
0000FFFFFF000000000007FFFFF80000
0003FFFFFE000000000003FFFFFE0000
000FFFFFFC000000000001FFFFFF8000
001FFFFFF8000000000000FFFFFFC000
003FFFFFF00000000000007FFFFFE000
007FFFFFF00000000000007FFFFFF000
00FFFE00E00000000000003803FFF800
01FFF0000000000000000000007FFC00
03FFC0000000000000000000001FFE00
07FF000000000000000000000007FF00
0FFE000000000000000000000003FF80
0FFC000000000000000000000001FF80
1FF8000000000000000000000000FFC0
1FF00000000000000000000000007FC0
3FE00000000000000000000000003FE0
3FE00000000000000000000000003FE0
7FC00000000000000000000000001FF0
7F800000000000000000000000001FF0
7F800000000000000000000000000FF0
7F800000000000000000000000000FF0
FF0000000000000000000000000007F8
FF0000000000000000000000000007F8
FF0000000000000000000000000007F8
FF0000000000000000000000000007F8
FF0000000000000000000000000007F8
FF0000000000000000000000000007F8
FF0000000000000000000000000007F8
FF0000000000000000000000000007F8
FF0000000000000000000000000007F8
FF0000000000000000000000000007F8
FF0000000000000000000000000007F8
7F800000000000000000000000000FF0
7F800000000000000000000000000FF0
7F800000000000000000000000001FF0
7FC00000000000000000000000001FF0
3FE00000000000000000000000003FE0
3FE00000000000000000000000003FE0
1FF00000000000000000000000007FC0
1FF8000000000000000000000000FFC0
0FFC000000000000000000000001FF80
0FFE000000000000000000000003FF80
07FF000002000000000002000007FF00
03FFC0000700000000000700001FFE00
01FFF0001F00000000000FC0007FFC00
00FFFE00FFC0000000001FF803FFF800
007FFFFFFFE0000004003FFFFFFFF000
003FFFFFFFF0000004007FFFFFFFE000
001FFFFFFFF800000C00FFFFFFFFC000
000FFFFFFFFE00001803FFFFFFFF8000
0003FFFFFFFF80003807FFFFFFFE0000
0000FFFFFFFFE0007807FFFFFFF80000
00003FFFF7FFF800F00FFF7FFFE00000
000003FF81FFF001F00FFC0FFE000000
0000000000FFE003F00FF80000000000
00000000007FC007E01FF00000000000
00000000001F800FE01FC00000000000
000000000007001FE01F000000000000
000000000000003FC03C000000000000
000000000000007FC020000000000000
00000000000000FFC000000000000000
00000000000001FF8000000000000000
00000000000003FF8000000000000000
00000000000007FF8000000000000000
0000000000000FFF0000000000000000
0000000000001FFF0000000000000000
0000000000003FFF0000000000000000
0000000000007FFE0000000000000000
000000000000FFFE0000000000000000
000000000001FFFE0000000000000000
000000000000FFFE0000000000000000
0000000000007FFF0000000000000000
0000000000003FFF8000000000000000
0000000000001FFFC000000000000000
0000000000000FFFE000000000000000
00000000000007FFF000000000000000
00000000000003FFF800000000000000
00000000000001FFFC00000000000000
00000000000003FFF800000000000000
00000000000003FFF000000000000000
00000000000003FFE000000000000000
00000000000007FFC000000000000000
00000000000007FF8000000000000000
00000000000007FF0000000000000000
0000000000000FFE0000000000000000
0000000000000FFC0000000000000000
0000000000000FF80000000000000000
0000000000001FF00000000000000000
0000000000001FE00000000000000000
0000000000001FC00000000000000000
0000000000003F800000000000000000
0000000000003F000000000000000000
0000000000003E000000000000000000
0000000000007C000000000000000000
00000000000078000000000000000000
00000000000070000000000000000000
000000000000E0000000000000000000
000000000000C0000000000000000000
00000000000080000000000000000000
00000000000100000000000000000000
00000000000200000000000000000000
ENDCHAR
STARTCHAR 0051
ENCODING 81
SWIDTH 1000 0
DWIDTH 125 0
BBX 125 110 0 0
BITMAP
000000000000007FF000000000000000
0000000000000FFFFF80000000000000
0000000000007FFFFFF0000000000000
000000000001FFFFFFFC000000000000
00000000000FFFFFFFFF000000000000
00000000001FFFFFFFFFC00000000000
00000000007FFFFFFFFFF00000000000
0000000000FFFFFFFFFFF80000000000
0000000003FFFFF8FFFFFE0000000000
0000000007FFFC0001FFFF0000000000
000000000FFFE000003FFF8000000000
000000001FFF8000000FFFC000000000
000000003FFE00000003FFE000000000
000000007FF800000000FFF000000000
00000000FFF0000000007FF800000000
00000000FFE0000000003FF800000000
000003FFFFC0000000001FFFFE000000
00003FFFFF80000000000FFFFFE00000
0000FFFFFF000000000007FFFFF80000
0003FFFFFE000000000003FFFFFE0000
000FFFFFFC000000000001FFFFFF8000
001FFFFFF8000000000000FFFFFFC000
003FFFFFF00000000000007FFFFFE000
007FFFFFF00000000000007FFFFFF000
00FFFE00E00000000000003803FFF800
01FFF0000000000000000000007FFC00
03FFC0000000000000000000001FFE00
07FF000000000000000000000007FF00
0FFE000000000000000000000003FF80
0FFC000000000000000000000001FF80
1FF8000000000000000000000000FFC0
1FF00000000000000000000000007FC0
3FE00000000000000000000000003FE0
3FE00000000000000000000000003FE0
7FC00000000000000000000000001FF0
7F800000000000000000000000001FF0
7F800000000000000000000000000FF0
7F800000000000000000000000000FF0
FF0000000000000000000000000007F8
FF0000000000000000000000000007F8
FF0000000000000000000000000007F8
FF0000000000000000000000000007F8
FF0000000000000000000000000007F8
FF0000000000000000000000000007F8
FF0000000000000000000000000007F8
FF0000000000000000000000000007F8
FF0000000000000000000000000007F8
FF0000000000000000000000000007F8
FF0000000000000000000000000007F8
7F800000000000000000000000000FF0
7F800000000000000000000000000FF0
7F800000000000000000000000001FF0
7FC00000000000000000000000001FF0
3FE00000000000000000000000003FE0
3FE00000000000000000000000003FE0
1FF00000000000000000000000007FC0
1FF8000000000000000000000000FFC0
0FFC000000000000000000000001FF80
0FFE000000000000000000000003FF80
07FF000002000000000002000007FF00
03FFC0000700000000000700001FFE00
01FFF0001F00000000000FC0007FFC00
00FFFE00FF80000000001FF803FFF800
007FFFFFFFE0000000003FFFFFFFF000
003FFFFFFFF0000000007FFFFFFFE000
001FFFFFFFF800000000FFFFFFFFC000
000FFFFFFFFE00000003FFFFFFFF8000
0003FFFFFFFF00000007FFFFFFFE0000
0000FFFFFFFFC000003FFFFFFFF80000
00003FFFFFFFF80000FFFFFFFFE00000
000003FF81FFFFC01FFFFC0FFE000000
0000000000FFFFFFFFFFF80000000000
00000000007FFFFFFFFFF00000000000
00000000001FFFFFFFFFC00000000000
000000000007FFFFFFFF000000000000
000000000001FFFFFFFC000000000000
0000000000007FFFFFF0000000000000
0000000000000FFFFF80000000000000
000000000000003FE000000000000000
00000000000000000000000000000000
00000000000000000000000000000000
00000000000000000000000000000000
00000000000000000000000000000000
00000000000000000000000000000000
00000000000000000000000000000000
00000000000000000000000000000000
00000000000000000000000000000000
00000000000000020000000000000000
00000000000000070000000000000000
00000000000000070000000000000000
000000000000000F8000000000000000
000000000000001FC000000000000000
000000000000001FC000000000000000
000000000000003FE000000000000000
000000000000007FE000000000000000
000000000000007FF000000000000000
00000000000000FFF000000000000000
00000000000000FFF800000000000000
00000000000000FFF800000000000000
00000000000001FFFC00000000000000
00000000000001FFFC00000000000000
00000000000001FFFC00000000000000
00000000000001FFFC00000000000000
00000000000001FFFC00000000000000
00000000000001FFFC00000000000000
00000000000001FFFC00000000000000
00000000000000FFF800000000000000
000000000000007FF000000000000000
000000000000003FE000000000000000
000000000000000F8000000000000000
ENDCHAR
STARTCHAR 0052
ENCODING 82
SWIDTH 1000 0
DWIDTH 125 0
BBX 125 126 0 -8
BITMAP
000000000000007FF000000000000000
0000000000000FFFFF80000000000000
0000000000007FFFFFF0000000000000
000000000001FFFFFFFC000000000000
00000000000FFFFFFFFF000000000000
00000000001FFFFFFFFFC00000000000
00000000007FFFFFFFFFF00000000000
0000000000FFFFFFFFFFF80000000000
0000000003FFFFF8FFFFFE0000000000
0000000007FFFC0001FFFF0000000000
000000000FFFE000003FFF8000000000
000000001FFF8000000FFFC000000000
000000003FFE00000003FFE000000000
000000007FF800000000FFF000000000
00000000FFF0000000007FF800000000
00000000FFE0000000003FF800000000
000003FFFFC0000000001FFFFE000000
00003FFFFF80000000000FFFFFE00000
0000FFFFFF000000000007FFFFF80000
0003FFFFFE000000000003FFFFFE0000
000FFFFFFC000000000001FFFFFF8000
001FFFFFF8000000000000FFFFFFC000
003FFFFFF00000000000007FFFFFE000
007FFFFFF00000000000007FFFFFF000
00FFFE00E00000000000003803FFF800
01FFF0000000000000000000007FFC00
03FFC0000000000000000000001FFE00
07FF000000000000000000000007FF00
0FFE000000000000000000000003FF80
0FFC000000000000000000000001FF80
1FF8000000000000000000000000FFC0
1FF00000000000000000000000007FC0
3FE00000000000000000000000003FE0
3FE00000000000000000000000003FE0
7FC00000000000000000000000001FF0
7F800000000000000000000000001FF0
7F800000000000000000000000000FF0
7F800000000000000000000000000FF0
FF0000000000000000000000000007F8
FF0000000000000000000000000007F8
FF0000000000000000000000000007F8
FF0000000000000000000000000007F8
FF0000000000000000000000000007F8
FF0000000000000000000000000007F8
FF0000000000000000000000000007F8
FF0000000000000000000000000007F8
FF0000000000000000000000000007F8
FF0000000000000000000000000007F8
FF0000000000000000000000000007F8
7F800000000000000000000000000FF0
7F800000000000000000000000000FF0
7F800000000000000000000000001FF0
7FC00000000000000000000000001FF0
3FE00000000000000000000000003FE0
3FE00000000000000000000000003FE0
1FF00000000000000000000000007FC0
1FF8000000000000000000000000FFC0
0FFC000000000000000000000001FF80
0FFE000000000000000000000003FF80
07FF000002000000000002000007FF00
03FFC0000700000000000700001FFE00
01FFF0001F00000000000FC0007FFC00
00FFFE00FF80000000001FF803FFF800
007FFFFFFFE0000000003FFFFFFFF000
003FFFFFFFF0000000007FFFFFFFE000
001FFFFFFFF800000000FFFFFFFFC000
000FFFFFFFFE00000003FFFFFFFF8000
0003FFFFFFFF00000007FFFFFFFE0000
0000FFFFFFFFC000003FFFFFFFF80000
00003FFFFFFFF80000FFFFFFFFE00000
000003FF81FFFFC01FFFFC0FFE000000
0000000000FFFFFFFFFFF80000000000
00000000007FFFFFFFFFF00000000000
00000000001FFFFFFFFFC00000000000
000000000007FFFFFFFF000000000000
000000000001FFFFFFFC000000000000
0000000000007FFFFFF0000000000000
0000000000000FFFFF80000000000000
000000000000003FE000000000000000
00000001000000000000000000000000
00000003000000000000000000000000
00000003800000000000000000000000
00000007C00000000000000000000000
0000000FC00000000000000000000000
0000000FE00000000000000000000000
0000001FE00000000000000000000000
0000003FF00000000000000000000000
0000003FF00000000000000000000000
0000007FF80000000000000000000000
0000007FF80000000000000000000000
000000FFFC0000000000000000000000
000000FFFC0000000000000000000000
000000FFFE0000000000000000000000
000000FFFE0000000000000000000000
000001FFFE0000000000000000000000
000001FFFE0000000000000400000000
000000FFFE0000000000000E00000000
000000FFFE0000000000000F00000000
000000FFFC0000000000001F00000000
0000007FF80000000000003F80000000
0000003FF00000000000003FC0000000
0000000FE00000000000007FC0000000
00000000000000020000007FE0000000
0000000000000002000000FFE0000000
0000000000000007000000FFF0000000
0000000000000007800001FFF0000000
000000000000000F800001FFF8000000
000000000000001FC00003FFF8000000
000000000000001FE00003FFF8000000
000000000000003FE00003FFFC000000
000000000000003FF00003FFFC000000
000000000000007FF00003FFF8000000
000000000000007FF80003FFF8000000
00000000000000FFF80001FFF8000000
00000000000000FFFC0001FFF0000000
00000000000001FFFC0000FFE0000000
00000000000001FFFC00007FC0000000
00000000000001FFFE00001F00000000
00000000000001FFFE00000000000000
00000000000001FFFC00000000000000
00000000000001FFFC00000000000000
00000000000000FFFC00000000000000
00000000000000FFF800000000000000
000000000000007FF000000000000000
000000000000003FE000000000000000
00000000000000078000000000000000
ENDCHAR
STARTCHAR 0053
ENCODING 83
SWIDTH 1000 0
DWIDTH 125 0
BBX 125 64 0 23
BITMAP
00000000000000000001000000000000
000000000000000001FFFF0000000000
00000000000000000FFFFFE000000000
00000000000000003FFFFFF800000000
0000000000000000FFFFFFFE00000000
0000000000000003FFFFFFFF00000000
0000000000000007FFFFFFFFC0000000
000000000000000FFFFFFFFFE0000000
000000000000001FFFFEFFFFF0000000
000000000000003FFF0001FFF8000000
00000000000007FFFC00007FFFC00000
0000000000003FFFF000001FFFF80000
000000000001FFFFC0000007FFFE0000
000000000003FFFF80000003FFFF8000
00000000000FFFFF00000001FFFFE000
00000000001FFFFE00000000FFFFF000
00000000003FFFFC000000007FFFF800
00000000007FFFF8000000003FFFFC00
0000000000FFFC0000000000007FFE00
0000000001FFE00000000000001FFF00
0000000003FF8000000000000007FF80
0000000003FF0000000000000001FF80
0000000007FE0000000000000000FFC0
000000000FFC00000000000000007FC0
003FFFF80FF800000000000000003FE0
007FFFFC0FF000000000000000003FE0
00FFFFFE1FF000000000000000001FF0
00FFFFFE1FE000000000000000000FF0
00FFFFFE1FE000000000000000000FF0
00FFFFFE3FE000000000000000000FF0
007FFFFC3FC0000000000000000007F8
003FFFF83FC0000000000000000007F8
000000003FC0000000000000000007F8
000000003FC0000000000000000007F8
000000003FC0000000000000000007F8
000000003FC0000000000000000007F8
000000003FC0000000000000000007F8
000000003FC0000000000000000007F8
000000003FC0000000000000000007F8
000000003FC000000000000000000FF8
3FFFF8001FE000000000000000000FF0
7FFFFE001FE000000000000000000FF0
FFFFFE001FF000000000000000001FF0
FFFFFE001FF000000000000000001FE0
FFFFFE000FF800000000000000003FE0
FFFFFE000FFC00000000000000007FE0
7FFFFE0007FE0000000000000000FFC0
3FFFFC0007FF0000000000000001FF80
0000000003FF8000000000000007FF80
0000000001FFE00000000000000FFF00
0000000000FFFC0300000003007FFE00
00000000007FFFFFC0000007FFFFFC00
00000000003FFFFFE000001FFFFFF800
00000000001FFFFFF800003FFFFFF000
00000000000FFFFFFE0001FFFFFFE000
000000000007FFFFFFE00FFFFFFF8000
3FFFFFFFF801FFFFFFFFFFFFFFFF0000
7FFFFFFFFC007FFFFFFFFFFFFFF80000
FFFFFFFFFE0007FFFFFFFFFFFFC00000
FFFFFFFFFE000001FFFFFFFF00000000
FFFFFFFFFE0000007FFFFFFC00000000
FFFFFFFFFE0000001FFFFFF000000000
7FFFFFFFFC00000007FFFF8000000000
3FFFFFFFF8000000007FFC0000000000
ENDCHAR
STARTCHAR 0054
ENCODING 84
SWIDTH 1000 0
DWIDTH 125 0
BBX 125 110 0 0
BITMAP
00000000000000000001000000000000
000000000000000001FFFE0000000000
00000000000000000FFFFFE000000000
00000000000000003FFFFFF800000000
0000000000000000FFFFFFFE00000000
0000000000000003FFFFFFFF00000000
0000000000000007FFFFFFFFC0000000
000000000000000FFFFFFFFFE0000000
000000000000001FFFFEFFFFF0000000
000000000000003FFF0001FFF8000000
00000000000007FFFC00007FFFC00000
0000000000003FFFF000001FFFF80000
000000000001FFFFC0000007FFFF0000
000000000003FFFF80000003FFFF8000
00000000000FFFFF00000001FFFFE000
00000000001FFFFE00000000FFFFF000
00000000003FFFFC000000007FFFF800
00000000007FFFF8000000003FFFFC00
0000000000FFFC0000000000007FFE00
0000000001FFE00000000000000FFF00
0000000003FF8000000000000007FF80
0000000007FF0000000000000001FF80
0000000007FE0000000000000000FFC0
000000000FFC00000000000000007FE0
003FFFF80FF800000000000000003FE0
007FFFFC1FF000000000000000001FE0
00FFFFFE1FF000000000000000001FF0
00FFFFFE1FE000000000000000000FF0
00FFFFFE1FE000000000000000000FF0
00FFFFFE3FC000000000000000000FF8
007FFFFC3FC0000000000000000007F8
003FFFF83FC0000000000000000007F8
000000003FC0000000000000000007F8
000000003FC0000000000000000007F8
000000003FC0000000000000000007F8
000000003FC0000000000000000007F8
000000003FC0000000000000000007F8
000000003FC0000000000000000007F8
000000003FC0000000000000000007F8
000000003FC000000000000000000FF8
3FFFF8001FE000000000000000000FF0
7FFFFE001FE000000000000000000FF0
FFFFFE001FF000000000000000001FF0
FFFFFE000FF000000000000000003FE0
FFFFFE000FF800000000000000003FE0
FFFFFE000FFC00000000000000007FE0
7FFFFE0007FE0000000000000000FFC0
3FFFF80007FF0000000000000001FF80
0000000003FF8000000000000007FF80
0000000001FFE00000000000000FFF00
0000000000FFFC0380000003007FFE00
00000000007FFFFFC0000007FFFFFC00
00000000003FFFFFF000001FFFFFF800
00000000001FFFFFF800007FFFFFF000
00000000000FFFFFFF0001FFFFFFE000
3FFFFFFFF807FFFFFFFC7FFFFFFF8000
7FFFFFFFFC01FFFFFFFFFFFFFFFF0000
FFFFFFFFFE007FFFFFFFFFFFFFF80000
FFFFFFFFFE0007FFFFFFFFFFFFC00000
FFFFFFFFFE000001FFFFFFFF00000000
FFFFFFFFFE0000007FFFFFFC00000000
7FFFFFFFFC0000001FFFFFF000000000
3FFFFFFFF800000003FFFF8000000000
0000000000000000003FF80000000000
00000000000000000000000000000000
00000000000000000000000000000000
00000000000000000000000000000000
00000000000000000000000000000000
00000000000000000000000000000000
00000000000000000000000000000000
00000000000000000000000000000000
00000000000000020000000000000000
00000000000000070000000000000000
00000000000000070000000000000000
000000000000000F8000000000000000
000000000000001F8000000000000000
000000000000001FC000000000000000
000000000000003FE000000000000000
000000000000003FE000000000000000
000000000000007FF000000000000000
000000000000007FF000000000000000
00000000000000FFF800000000000000
00000000000000FFF800000000000000
00000000000001FFFC00000000000000
00000000000001FFFC00000000000000
00000000000001FFFC00000000000000
00000000000001FFFC00000000000000
00000000000001FFFC00000400000000
00000000000001FFFC00000E00000000
00000000000001FFFC00000F00000000
00000000000000FFF800001F00000000
00000000000000FFF800003F80000000
000000000000007FF000003FC0000000
000000000000001FC000007FC0000000
00000000000000000000007FE0000000
0000000000000000000000FFE0000000
0000000000000000000000FFF0000000
0000000000000000000001FFF0000000
0000000000000000000001FFF8000000
0000000000000000000003FFF8000000
0000000000000000000003FFF8000000
0000000000000000000003FFFC000000
0000000000000000000003FFFC000000
0000000000000000000003FFF8000000
0000000000000000000003FFF8000000
0000000000000000000001FFF8000000
0000000000000000000001FFF0000000
0000000000000000000000FFE0000000
00000000000000000000007FC0000000
00000000000000000000001F00000000
ENDCHAR
STARTCHAR 0055
ENCODING 85
SWIDTH 1000 0
DWIDTH 125 0
BBX 125 126 0 -8
BITMAP
000000000000007FF000000000000000
0000000000000FFFFF80000000000000
0000000000007FFFFFF0000000000000
000000000001FFFFFFFC000000000000
00000000000FFFFFFFFF000000000000
00000000001FFFFFFFFFC00000000000
00000000007FFFFFFFFFF00000000000
0000000000FFFFFFFFFFF80000000000
0000000003FFFFF8FFFFFE0000000000
0000000007FFFC0001FFFF0000000000
000000000FFFE000003FFF8000000000
000000001FFF8000000FFFC000000000
000000003FFE00000003FFE000000000
000000007FF800000000FFF000000000
00000000FFF0000000007FF800000000
00000000FFE0000000003FF800000000
000003FFFFC0000000001FFFFE000000
00003FFFFF80000000000FFFFFE00000
0000FFFFFF000000000007FFFFF80000
0003FFFFFE000000000003FFFFFE0000
000FFFFFFC000000000001FFFFFF8000
001FFFFFF8000000000000FFFFFFC000
003FFFFFF00000000000007FFFFFE000
007FFFFFF00000000000007FFFFFF000
00FFFE00E00000000000003803FFF800
01FFF0000000000000000000007FFC00
03FFC0000000000000000000001FFE00
07FF000000000000000000000007FF00
0FFE000000000000000000000003FF80
0FFC000000000000000000000001FF80
1FF8000000000000000000000000FFC0
1FF00000000000000000000000007FC0
3FE00000000000000000000000003FE0
3FE00000000000000000000000003FE0
7FC00000000000000000000000001FF0
7F800000000000000000000000001FF0
7F800000000000000000000000000FF0
7F800000000000000000000000000FF0
FF0000000000000000000000000007F8
FF0000000000000000000000000007F8
FF0000000000000000000000000007F8
FF0000000000000000000000000007F8
FF0000000000000000000000000007F8
FF0000000000000000000000000007F8
FF0000000000000000000000000007F8
FF0000000000000000000000000007F8
FF0000000000000000000000000007F8
FF0000000000000000000000000007F8
FF0000000000000000000000000007F8
7F800000000000000000000000000FF0
7F800000000000000000000000000FF0
7F800000000000000000000000001FF0
7FC00000000000000000000000001FF0
3FE00000000000000000000000003FE0
3FE00000000000000000000000003FE0
1FF00000000000000000000000007FC0
1FF8000000000000000000000000FFC0
0FFC000000000000000000000001FF80
0FFE000000000000000000000003FF80
07FF000002000000000002000007FF00
03FFC0000700000000000700001FFE00
01FFF0001F00000000000FC0007FFC00
00FFFE00FF80000000001FF803FFF800
007FFFFFFFE0000000003FFFFFFFF000
003FFFFFFFF0000000007FFFFFFFE000
001FFFFFFFF800000000FFFFFFFFC000
000FFFFFFFFE00000003FFFFFFFF8000
0003FFFFFFFF00000007FFFFFFFE0000
0000FFFFFFFFC000003FFFFFFFF80000
00003FFFFFFFF80000FFFFFFFFE00000
000003FF81FFFFC01FFFFC0FFE000000
0000000000FFFFFFFFFFF80000000000
00000000007FFFFFFFFFF00000000000
00000000001FFFFFFFFFC00000000000
000000000007FFFFFFFF000000000000
000000000001FFFFFFFC000000000000
0000000000007FFFFFF0000000000000
0000000000000FFFFF80000000000000
000000000000003FE000000000000000
00000000000000000000000000000000
00000000000000000000000000000000
00000000000000000000000000000000
00000000000000000000000000000000
000000000000000F8000000000000000
000000000000001FC000000000000000
000000000000003FE000000000000000
000000000000003FE000000000000000
000000000000003FE000000000000000
000000000000003FE000000000000000
000000000000003FE000000000000000
000000000000003FE000000000000000
000000000003803FE00E000000000000
00000000000FE07FF03F000000000000
00000000000FF1FFFC7F800000000000
00000000001FFFFFFFFFC00000000000
00000000001FFFFFFFFFC00000000000
00000000001FFFFFFFFFC00000000000
00000000000FFFFFFFFF800000000000
00000000000FFFFFFFFF800000000000
000000000003FFFFFFFE000000000000
000000000001FFF07FFC000000000000
0000000000007FE03FF0000000000000
0000000000003FC01FE0000000000000
0000000000003FC01FE0000000000000
0000000000003FC01FE0000000000000
0000000000003FC01FE0000000000000
0000000000003FE03FE0000000000000
000000000000FFF07FF8000000000000
000000000001FFFFFFFC000000000000
000000000007FFFFFFFF000000000000
00000000000FFFFFFFFF800000000000
00000000000FFFFFFFFF800000000000
00000000001FFFFFFFFFC00000000000
00000000001FFFFFFFFFC00000000000
00000000000FF9FFFCFF800000000000
00000000000FF0FFF87F800000000000
000000000007C03FE01F000000000000
000000000000003FE000000000000000
000000000000003FE000000000000000
000000000000003FE000000000000000
000000000000003FE000000000000000
000000000000003FE000000000000000
000000000000003FE000000000000000
000000000000001FC000000000000000
000000000000001FC000000000000000
00000000000000070000000000000000
ENDCHAR
STARTCHAR 0056
ENCODING 86
SWIDTH 1000 0
DWIDTH 125 0
BBX 125 102 0 16
BITMAP
000000000000007FF000000000000000
0000000000000FFFFF80000000000000
0000000000007FFFFFF0000000000000
000000000001FFFFFFFC000000000000
00000000000FFFFFFFFF000000000000
00000000001FFFFFFFFFC00000000000
00000000007FFFFFFFFFF00000000000
0000000000FFFFFFFFFFF80000000000
0000000003FFFFF8FFFFFE0000000000
0000000007FFFC0001FFFF0000000000
000000000FFFE000003FFF8000000000
000000001FFF8000000FFFC000000000
000000003FFE00000003FFE000000000
000000007FF800000000FFF000000000
00000000FFF0000000007FF800000000
00000000FFE0000000003FF800000000
000003FFFFC0000000001FFFFE000000
00003FFFFF80000000000FFFFFE00000
0000FFFFFF000000000007FFFFF80000
0003FFFFFE000000000003FFFFFE0000
000FFFFFFC000000000001FFFFFF8000
001FFFFFF8000000000000FFFFFFC000
003FFFFFF00000000000007FFFFFE000
007FFFFFF00000000000007FFFFFF000
00FFFE00E00000000000003803FFF800
01FFF0000000000000000000007FFC00
03FFC0000000000000000000001FFE00
07FF000000000000000000000007FF00
0FFE000000000000000000000003FF80
0FFC000000000000000000000001FF80
1FF8000000000000000000000000FFC0
1FF00000000000000000000000007FC0
3FE00000000000000000000000003FE0
3FE00000000000000000000000003FE0
7FC00000000000000000000000001FF0
7F800000000000000000000000001FF0
7F800000000000000000000000000FF0
7F800000000000000000000000000FF0
FF0000000000000000000000000007F8
FF0000000000000000000000000007F8
FF0000000000000000000000000007F8
FF0000000000000000000000000007F8
FF0000000000000000000000000007F8
FF0000000000000000000000000007F8
FF0000000000000000000000000007F8
FF0000000000000000000000000007F8
FF0000000000000000000000000007F8
FF0000000000000000000000000007F8
FF0000000000000000000000000007F8
7F800000000000000000000000000FF0
7F800000000000000000000000000FF0
7F800000000000000000000000001FF0
7FC00000000000000000000000001FF0
3FE00000000000000000000000003FE0
3FE00000000000000000000000003FE0
1FF00000000000000000000000007FC0
1FF8000000000000000000000000FFC0
0FFC000000000000000000000001FF80
0FFE000000000000000000000003FF80
07FF000002000007000002000007FF00
03FFC0000700001FC0000700001FFE00
01FFF0001F80001FC0000FC0007FFC00
00FFFE00FF00003FE00007F803FFF800
007FFFFFFE00003FE00003FFFFFFF000
003FFFFFFC00003FE00001FFFFFFE000
001FFFFFF800003FE00000FFFFFFC000
000FFFFFF800003FE00000FFFFFF8000
0003FFFFF000003FE000007FFFFE0000
0000FFFFF007C03FE01F007FFFF80000
00003FFFF00FF0FFF87F807FFFE00000
000003FF000FF9FFFCFF8007FE000000
00000000001FFFFFFFFFC00000000000
00000000001FFFFFFFFFC00000000000
00000000000FFFFFFFFFC00000000000
00000000000FFFFFFFFF800000000000
000000000007FFFFFFFF000000000000
000000000003FFFFFFFE000000000000
000000000000FFF07FF8000000000000
0000000000003FE03FE0000000000000
0000000000003FC01FE0000000000000
0000000000003FC01FE0000000000000
0000000000003FC01FE0000000000000
0000000000003FC03FE0000000000000
0000000000007FE03FF0000000000000
000000000001FFF07FFC000000000000
000000000003FFFFFFFE000000000000
00000000000FFFFFFFFF800000000000
00000000000FFFFFFFFF800000000000
00000000001FFFFFFFFFC00000000000
00000000001FFFFFFFFFC00000000000
00000000001FFFFFFFFFC00000000000
00000000000FF9FFFCFF800000000000
00000000000FE07FF03F800000000000
000000000003803FE00E000000000000
000000000000003FE000000000000000
000000000000003FE000000000000000
000000000000003FE000000000000000
000000000000003FE000000000000000
000000000000003FE000000000000000
000000000000003FE000000000000000
000000000000001FC000000000000000
000000000000000F8000000000000000
ENDCHAR
STARTCHAR 0057
ENCODING 87
SWIDTH 1000 0
DWIDTH 125 0
BBX 125 126 0 -8
BITMAP
000000000000007FF000000000000000
0000000000000FFFFF80000000000000
0000000000007FFFFFF0000000000000
000000000001FFFFFFFC000000000000
00000000000FFFFFFFFF000000000000
00000000001FFFFFFFFFC00000000000
00000000007FFFFFFFFFF00000000000
0000000000FFFFFFFFFFF80000000000
0000000003FFFFF8FFFFFE0000000000
0000000007FFFC0001FFFF0000000000
000000000FFFE000003FFF8000000000
000000001FFF8000000FFFC000000000
000000003FFE00000003FFE000000000
000000007FF800000000FFF000000000
00000000FFF0000000007FF800000000
00000000FFE0000000003FF800000000
000003FFFFC0000000001FFFFE000000
00003FFFFF80000000000FFFFFE00000
0000FFFFFF000000000007FFFFF80000
0003FFFFFE000000000003FFFFFE0000
000FFFFFFC000000000001FFFFFF8000
001FFFFFF8000000000000FFFFFFC000
003FFFFFF00000000000007FFFFFE000
007FFFFFF00000000000007FFFFFF000
00FFFE00E00000000000003803FFF800
01FFF0000000000000000000007FFC00
03FFC0000000000000000000001FFE00
07FF000000000000000000000007FF00
0FFE000000000000000000000003FF80
0FFC000000000000000000000001FF80
1FF8000000000000000000000000FFC0
1FF00000000000000000000000007FC0
3FE00000000000000000000000003FE0
3FE00000000000000000000000003FE0
7FC00000000000000000000000001FF0
7F800000000000000000000000001FF0
7F800000000000000000000000000FF0
7F800000000000000000000000000FF0
FF0000000000000000000000000007F8
FF0000000000000000000000000007F8
FF0000000000000000000000000007F8
FF0000000000000000000000000007F8
FF0000000000000000000000000007F8
FF0000000000000000000000000007F8
FF0000000000000000000000000007F8
FF0000000000000000000000000007F8
FF0000000000000000000000000007F8
FF0000000000000000000000000007F8
FF0000000000000000000000000007F8
7F800000000000000000000000000FF0
7F800000000000000000000000000FF0
7F800000000000000000000000001FF0
7FC00000000000000000000000001FF0
3FE00000000000000000000000003FE0
3FE00000000000000000000000003FE0
1FF00000000000000000000000007FC0
1FF8000000000000000000000000FFC0
0FFC000000000000000000000001FF80
0FFE000000000000000000000003FF80
07FF000002000000000002000007FF00
03FFC0000700000000000700001FFE00
01FFF0001F00000000000FC0007FFC00
00FFFE00FF80000000001FF803FFF800
007FFFFFFFE0000000003FFFFFFFF000
003FFFFFFFF0000000007FFFFFFFE000
001FFFFFFFF800000000FFFFFFFFC000
000FFFFFFFFE00000003FFFFFFFF8000
0003FFFFFFFF00000007FFFFFFFE0000
0000FFFFFFFFC000003FFFFFFFF80000
00003FFFFFFFF80000FFFFFFFFE00000
000003FF81FFFFC01FFFFC0FFE000000
0000000000FFFFFFFFFFF80000000000
00000000007FFFFFFFFFF00000000000
00000000001FFFFFFFFFC00000000000
000000000007FFFFFFFF000000000000
000000000001FFFFFFFC000000000000
0000000000007FFFFFF0000000000000
0000070000000FFFFF80000000000000
00000F800000003FE000000000000000
00000F80000000000000000000000000
001C0F80000000000000000000000000
003E1F80000000000000000000000000
003F7F00000000000000000000000000
003FFF000000000F8000000000000000
001FFF860000001FC000000000000000
000FFFFF0000003FE000000007000000
0007FFFF0000003FE00000000F800000
000FC7FF0000003FE00000000F808000
000F83FF0000003FE00000000F83C000
003F83FC0000003FE00000000FC7E000
00FF83E00000003FE000000007FFE000
01FFC7E00003803FE00E00000FFFE000
01FFFFE0000FE07FF03F00039FFFC000
00FFFFE0000FF1FFFC7F8007FFFF8000
00F3FFF0001FFFFFFFFFC007FFFF0000
0001FFF8001FFFFFFFFFC007FF1F8000
0001FFFC001FFFFFFFFFC007FE0F8000
0001F0FC000FFFFFFFFF8000FC0FF000
0001F078000FFFFFFFFF80003E0FF800
0003F0200003FFFFFFFE00003F1FFC00
0001E0000001FFF07FFC00003FFFFC00
0001E00000007FE03FF000003FFFF800
0000000000003FC01FE000007FFE3000
0000000000003FC01FE00000FFFC0000
0000000000003FC01FE00001FFFC0000
0000000000003FC01FE00001F87C0000
0000000000003FE03FE00000F07C0000
000000000000FFF07FF80000007C0000
000000000001FFFFFFFC0000003E0000
000000000007FFFFFFFF000000380000
00000000000FFFFFFFFF800000000000
00000000000FFFFFFFFF800000000000
00000000001FFFFFFFFFC00000000000
00000000001FFFFFFFFFC00000000000
00000000000FF9FFFCFF800000000000
00000000000FF0FFF87F800000000000
000000000007C03FE01F000000000000
000000000000003FE000000000000000
000000000000003FE000000000000000
000000000000003FE000000000000000
000000000000003FE000000000000000
000000000000003FE000000000000000
000000000000003FE000000000000000
000000000000001FC000000000000000
000000000000001FC000000000000000
00000000000000070000000000000000
ENDCHAR
STARTCHAR 0058
ENCODING 88
SWIDTH 1000 0
DWIDTH 125 0
BBX 125 126 0 -8
BITMAP
000000000000007FF000000000000000
0000000000000FFFFF80000000000000
0000000000007FFFFFF0000000000000
000000000001FFFFFFFC000000000000
00000000000FFFFFFFFF000000000000
00000000001FFFFFFFFFC00000000000
00000000007FFFFFFFFFF00000000000
0000000000FFFFFFFFFFF80000000000
0000000003FFFFF07FFFFE0000000000
0000000007FFFC0001FFFF0000000000
000000000FFFE000003FFF8000000000
000000001FFF8000000FFFC000000000
000000003FFE00000003FFE000000000
000000007FF800000000FFF000000000
00000000FFF0000000007FF800000000
00000000FFE0000000003FF800000000
000003FFFFC0000000001FFFFE000000
00003FFFFF80000000000FFFFFE00000
0000FFFFFF000000000007FFFFF80000
0003FFFFFE000000000003FFFFFE0000
000FFFFFFC000000000001FFFFFF8000
001FFFFFF8000000000000FFFFFFC000
003FFFFFF8000000000000FFFFFFE000
007FFFFFF00000000000007FFFFFF000
00FFFE00E00000000000003803FFF800
01FFF0000000000000000000007FFC00
03FFC0000000000000000000001FFE00
07FF000000000000000000000007FF00
0FFE000000000000000000000003FF80
0FFC000000000000000000000001FF80
1FF8000000000000000000000000FFC0
1FF00000000000000000000000007FC0
3FE00000000000000000000000003FE0
3FE00000000000000000000000003FE0
7FC00000000000000000000000001FF0
7F800000000000000000000000001FF0
7F800000000000000000000000000FF0
7F800000000000000000000000000FF0
FF0000000000000000000000000007F8
FF0000000000000000000000000007F8
FF0000000000000000000000000007F8
FF0000000000000000000000000007F8
FF0000000000000000000000000007F8
FF0000000000000000000000000007F8
FF0000000000000000000000000007F8
FF0000000000000000000000000007F8
FF0000000000000000000000000007F8
FF0000000000000000000000000007F8
FF0000000000000000000000000007F8
7F800000000000000000000000000FF0
7F800000000000000000000000000FF0
7F800000000000000000000000001FF0
7FC00000000000000000000000001FF0
3FE00000000000000000000000003FE0
3FE00000000000000000000000003FE0
1FF00000000000000000000000007FC0
1FF8000000000000000000000000FFC0
0FFC000000000000000000000001FF80
0FFE000000000000000000000003FF80
07FF000000000000000000000007FF00
03FFC0000600000000000300001FFE00
01FFF0001F000000000007C0007FFC00
00FFFE00FF80000000000FF803FFF800
007FFFFFFFE0000000003FFFFFFFF000
003FFFFFFFF0000000007FFFFFFFE000
001FFFFFFFF800000000FFFFFFFFC000
000FFFFFFFFE00000003FFFFFFFF8000
0003FFFFFFFF00000007FFFFFFFE0000
0000FFFFFFFFE000003FFFFFFFF80000
00003FFFFFFFF80000FFFFFFFFE00000
000003FF81FFFFE03FFFFC0FFE000000
0000000000FFFFFFFFFFF80000000000
00000000007FFFFFFFFFF00000000000
00000000001FFFFFFFFFC00000000000
000000000007FFFFFFFF000000000000
000000000001FFFFFFFC000000000000
0000000000007FFFFFF0000000000000
0000000000000FFFFF80000000000000
000000000000003FE000000000000000
000007C000000000000000001F000000
00001FF000000000000000007FC00000
00003FF80000000000000000FFE00000
00007FFC0000000000000001FFF00000
0000FFFC0000000000000003FFF80000
0000FFFE0000000000000003FFF80000
0000FFFE0000000000000003FFF80000
0000FFFE0000000000000003FFF80000
0000FFFE0000001FC0000003FFF80000
0000FFFE0000003FE0000003FFF80000
0000FFFE0000007FF0000003FFF80000
00007FFC000000FFF8000001FFF00000
00007FFC000001FFFC000001FFF00000
00003FF8000001FFFC000000FFE00000
00000FE0000001FFFC0000003F800000
00000100000001FFFC00000004000000
00000000000001FFFC00000000000000
00000000000001FFFC00000000000000
00000000000001FFFC00000000000000
00000000000000FFF800000000000000
00000000000000FFF800000000000000
000000000000007FF000000000000000
000000000000001FC000000000000000
00000000000000000000000000000000
00000000000000000000000000000000
00000000000000000000000000000000
00000000000000000000000000000000
00000000000000000000000000000000
00000000000000000000000000000000
00000000000000000000000000000000
00000000000000000000000000000000
000000000780000000000F0000000000
000000001FE0000000003FC000000000
000000003FF000000000FFE000000000
000000007FF800000000FFF000000000
00000000FFFC00000001FFF800000000
00000000FFFC00000001FFF800000000
00000001FFFE00000003FFFC00000000
00000001FFFE00000003FFFC00000000
00000001FFFE00000003FFFC00000000
00000001FFFE00000003FFFC00000000
00000000FFFC00000001FFF800000000
00000000FFFC00000001FFF800000000
000000007FF800000000FFF000000000
000000003FF800000000FFE000000000
000000001FE0000000003FC000000000
000000000780000000000F0000000000
ENDCHAR
STARTCHAR 0059
ENCODING 89
SWIDTH 1000 0
DWIDTH 125 0
BBX 125 99 0 -8
BITMAP
000000000000000001FFF80000000000
00000000000000000FFFFF0000000000
00000000000000007FFFFFE000000000
0000000000000001FFFFFFF800000000
0000000000000003FFFFFFFC00000000
000000000000000FFFFFFFFF00000000
000000000000001FFFFFFFFF80000000
000000000000003FFFFFFFFFC0000000
000000000000007FFF800FFFE0000000
00000000000000FFFC0001FFF0000000
00000000000001FFF000007FF8000000
000000000000FFFFC000003FFFF00000
000000000007FFFF8000000FFFFE0000
00000000001FFFFE00000007FFFFC000
00000000007FFFFC00000003FFFFE000
0000000000FFFFF800000001FFFFF800
0000000003FFFFF800000000FFFFFC00
0000000007FFFFF000000000FFFFFE00
000000000FFFFFE0000000007FFFFF00
000000000FFF806000000000301FFF80
000000001FFE0000000000000003FF80
000000003FF800FFF80000000001FFC0
000000003FF00FFFFFC0000000007FE0
000000007FE07FFFFFF8000000003FE0
000000007FC1FFFFFFFE000000001FE0
00000000FF87FFFFFFFF800000001FF0
00000000FF9FFFFFFFFFE00000000FF0
00000000FF7FFFFFFFFFF80000000FF0
00000000FFFFFFFFFFFFFC00000007F8
00000001FFFFFF800FFFFE00000007F8
00000001FFFFF80000FFFF80000007F8
00000001FFFFC000001FFFC0000007F8
00000001FFFF00000007FFE0000007F8
00000001FFFC00000001FFF0000007F8
00000001FFF800000000FFF8000007F8
00000000FFE0000000003FF8000007F8
000003FFFFC0000000001FFFFE000FF8
00003FFFFF80000000000FFFFFC00FF0
0000FFFFFF000000000007FFFFF80FF0
0003FFFFFE000000000003FFFFFE1FF0
000FFFFFFC000000000001FFFFFF3FF0
001FFFFFF8000000000000FFFFFFFFE0
003FFFFFF8000000000000FFFFFFFFE0
007FFFFFF00000000000007FFFFFFFC0
00FFFE00E00000000000003803FFFF80
01FFF0000000000000000000007FFF80
03FFC0000000000000000000001FFF00
07FF000000000000000000000007FE00
0FFE000000000000000000000003FF00
0FFC000000000000000000000001FF80
1FF8000000000000000000000000FF80
1FF00000000000000000000000007FC0
3FE00000000000000000000000003FC0
3FE00000000000000000000000003FE0
7FC00000000000000000000000001FE0
7F800000000000000000000000001FF0
7F800000000000000000000000000FF0
7F800000000000000000000000000FF0
FF0000000000000000000000000007F0
FF0000000000000000000000000007F8
FF0000000000000000000000000007F8
FF0000000000000000000000000007F8
FF0000000000000000000000000007F8
FF0000000000000000000000000007F8
FF0000000000000000000000000007F8
FF0000000000000000000000000007F8
FF0000000000000000000000000007F8
FF0000000000000000000000000007F8
FF0000000000000000000000000007F8
7F800000000000000000000000000FF0
7F800000000000000000000000000FF0
7F800000000000000000000000001FF0
7FC00000000000000000000000001FF0
3FE00000000000000000000000003FE0
3FE00000000000000000000000003FE0
1FF00000000000000000000000007FC0
1FF8000000000000000000000000FFC0
0FFC000000000000000000000001FF80
0FFE000000000000000000000003FF80
07FF000002000000000002000007FF00
03FFC0000700000000000700001FFE00
01FFF0001F00000000000FC0007FFC00
00FFFE00FF80000000001FF803FFF800
007FFFFFFFE0000000003FFFFFFFF000
003FFFFFFFF0000000007FFFFFFFE000
001FFFFFFFF800000000FFFFFFFFC000
000FFFFFFFFE00000003FFFFFFFF8000
0003FFFFFFFF00000007FFFFFFFE0000
0000FFFFFFFFC000003FFFFFFFF80000
00003FFFFFFFF80000FFFFFFFFE00000
000003FF81FFFFC01FFFFC0FFE000000
0000000000FFFFFFFFFFF80000000000
00000000007FFFFFFFFFF00000000000
00000000001FFFFFFFFFC00000000000
000000000007FFFFFFFF000000000000
000000000001FFFFFFFC000000000000
0000000000007FFFFFF0000000000000
0000000000000FFFFF80000000000000
000000000000003FE000000000000000
ENDCHAR
STARTCHAR 005A
ENCODING 90
SWIDTH 1000 0
DWIDTH 125 0
BBX 125 125 0 -8
BITMAP
000000000000000001FFF80000000000
00000000000000000FFFFF8000000000
00000000000000007FFFFFE000000000
0000000000000001FFFFFFF800000000
0000000000000003FFFFFFFE00000000
000000000000000FFFFFFFFF00000000
000000000000001FFFFFFFFF80000000
000000000000003FFFFFFFFFC0000000
000000000000007FFF000FFFE0000000
00000000000000FFF80001FFF0000000
00000000000001FFE000007FF8000000
000000000000FFFFC000003FFFF00000
000000000007FFFF0000000FFFFE0000
00000000001FFFFE00000007FFFFC000
00000000007FFFFC00000003FFFFE000
0000000000FFFFF800000001FFFFF800
0000000001FFFFF000000000FFFFFC00
0000000003FFFFF000000000FFFFFE00
0000000007FFFFE0000000007FFFFF00
000000000FFF806000000000301FFF80
000000001FFE0000000000000003FF80
000000003FF800FFF80000000001FFC0
000000003FF00FFFFF80000000007FE0
000000007FE07FFFFFF0000000003FE0
000000007FC1FFFFFFFE000000003FE0
00000000FF87FFFFFFFF800000001FF0
00000000FF9FFFFFFFFFC00000000FF0
00000000FF7FFFFFFFFFF00000000FF0
00000000FFFFFFFFFFFFF80000000FF8
00000001FFFFFF800FFFFE00000007F8
00000001FFFFF80000FFFF00000007F8
00000001FFFFC000001FFF80000007F8
00000001FFFF00000007FFC0000007F8
00000001FFFE00000003FFE0000007F8
00000001FFF800000000FFF0000007F8
00000001FFF0000000007FF8000007F8
00000000FFE0000000003FF8000007F8
000003FFFFC0000000000FFFFE000FF0
00003FFFFF800000000007FFFFE00FF0
0000FFFFFF000000000003FFFFF80FF0
0003FFFFFE000000000003FFFFFE1FF0
000FFFFFFC000000000001FFFFFFBFE0
001FFFFFF8000000000000FFFFFFFFE0
003FFFFFF80000000000007FFFFFFFC0
007FFFFFF00000000000007FFFFFFF80
01FFFE00E00000000000003803FFFF80
01FFF0000000000000000000007FFF00
03FFC0000000000000000000001FFE00
07FF000000000000000000000007FF00
0FFE000000000000000000000003FF80
0FFC000000000000000000000001FF80
1FF8000000000000000000000000FFC0
1FF00000000000000000000000007FC0
3FE00000000000000000000000003FE0
3FC00000000000000000000000003FE0
7FC00000000000000000000000001FF0
7F800000000000000000000000000FF0
7F800000000000000000000000000FF0
7F800000000000000000000000000FF0
FF0000000000000000000000000007F8
FF0000000000000000000000000007F8
FF0000000000000000000000000007F8
FF0000000000000000000000000007F8
FF0000000000000000000000000007F8
FF0000000000000000000000000007F8
FF0000000000000000000000000007F8
FF0000000000000000000000000007F8
FF0000000000000000000000000007F8
FF0000000000000000000000000007F8
7F800000000000000000000000000FF0
7F800000000000000000000000000FF0
7F800000000000000000000000000FF0
7FC00000000000000000000000001FF0
3FC00000000000000000000000001FE0
3FE00000000000000000000000003FE0
1FF00000000000000000000000007FC0
1FF8000000000000000000000000FFC0
0FFC000000000000000000000001FF80
0FFE000000000000000000000003FF80
07FF000002000000000002000007FF00
03FFC0000700000000000700001FFE00
01FFF0001F00000000000FC0007FFC00
01FFFE00FF80000000001FF803FFF800
00FFFFFFFFC0000000003FFFFFFFF000
003FFFFFFFF0000000007FFFFFFFE000
001FFFFFFFF800000000FFFFFFFFC000
000FFFFFFFFC00000003FFFFFFFF8000
0003FFFFFFFF0000000FFFFFFFFE0000
0000FFFFFFFFC000003FFFFFFFF80000
00003FFFFFFFF80001FFFFFFFFE00000
000003FF83FFFF803FFFFE0FFE000000
0000000000FFFFFFFFFFF80000000000
00000000007FFFFFFFFFF00000000000
00000000001FFFFFFFFFC00000000000
000000000007FFFFFFFF800000000000
000000000001FFFFFFFC000000000000
0000000000007FFFFFF0000000000000
0000000000000FFFFF80000000000000
0000000000001FFFE000000000000000
0000000000007FFE0000000000000000
000000000000FFFE0000000000000000
000000000001FFFE0000000000000000
000000000000FFFF0000000000000000
0000000000007FFF8000000000000000
0000000000003FFFC000000000000000
0000000000001FFFE000000000000000
0000000000000FFFF000000000000000
00000000000007FFF800000000000000
00000000000003FFFC00000000000000
00000000000003FFFC00000000000000
00000000000003FFF000000000000000
00000000000003FFE000000000000000
00000000000007FF8000000000000000
00000000000007FF0000000000000000
0000000000000FFC0000000000000000
0000000000000FF80000000000000000
0000000000001FE00000000000000000
0000000000001FC00000000000000000
0000000000003F000000000000000000
0000000000003E000000000000000000
0000000000007C000000000000000000
00000000000070000000000000000000
000000000000E0000000000000000000
00000000000080000000000000000000
00000000000100000000000000000000
ENDCHAR
ENDFONT
